lr_backbone,lr_classifier,epochs,best_val_acc,model_state
0.0001,0.001,10,0.886617606977378,"OrderedDict([('conv1.weight', tensor([[[[-1.0317e-02, -6.0517e-03, -1.9671e-03,  ...,  5.6488e-02,
            1.6567e-02, -1.3637e-02],
          [ 1.0643e-02,  9.1982e-03, -1.1046e-01,  ..., -2.7113e-01,
           -1.2970e-01,  2.6383e-03],
          [-8.6816e-03,  5.7772e-02,  2.9428e-01,  ...,  5.1991e-01,
            2.5600e-01,  6.2583e-02],
          ...,
          [-2.9960e-02,  1.3705e-02,  7.0770e-02,  ..., -3.3323e-01,
           -4.2069e-01, -2.5814e-01],
          [ 2.8169e-02,  3.8440e-02,  6.0704e-02,  ...,  4.1275e-01,
            3.9263e-01,  1.6517e-01],
          [-1.6363e-02, -6.5197e-03, -2.6745e-02,  ..., -1.5173e-01,
           -8.3398e-02, -7.0262e-03]],

         [[-1.0536e-02, -2.5869e-02, -3.4057e-02,  ...,  3.3650e-02,
            1.5038e-03, -2.5632e-02],
          [ 4.6270e-02,  3.4277e-02, -1.0402e-01,  ..., -3.1106e-01,
           -1.5958e-01, -1.1153e-03],
          [-1.6022e-03,  9.8056e-02,  4.0192e-01,  ...,  7.0957e-01,
            3.6991e-01,  1.2480e-01],
          ...,
          [-5.7470e-02, -6.7092e-03,  2.5992e-02,  ..., -4.6108e-01,
           -5.6984e-01, -3.6483e-01],
          [ 3.1387e-02,  5.3977e-02,  9.8398e-02,  ...,  5.4624e-01,
            4.8264e-01,  1.9869e-01],
          [ 3.8086e-03,  4.6944e-03, -1.9111e-02,  ..., -1.4822e-01,
           -7.7346e-02,  5.0280e-04]],

         [[-9.8891e-04, -8.3321e-03,  2.1887e-02,  ...,  9.0399e-02,
            3.4818e-02, -1.9717e-02],
          [ 1.5946e-02, -1.8157e-02, -1.2580e-01,  ..., -2.5252e-01,
           -1.2912e-01, -2.7635e-02],
          [ 9.2711e-03,  4.8545e-02,  2.1658e-01,  ...,  3.4997e-01,
            1.0522e-01,  1.8744e-02],
          ...,
          [-2.9637e-02,  1.6952e-02,  9.7431e-02,  ..., -1.1714e-01,
           -2.5703e-01, -1.5403e-01],
          [ 1.9410e-02, -4.3153e-03, -3.9186e-02,  ...,  2.4108e-01,
            2.4318e-01,  1.1775e-01],
          [-7.0675e-04, -1.3356e-03, -1.2038e-02,  ..., -1.4896e-01,
           -1.1786e-01, -3.8773e-02]]],


        [[[-1.6230e-03, -1.6742e-03,  5.2341e-03,  ..., -3.5910e-02,
           -2.4216e-02, -4.7289e-02],
          [ 5.4582e-02,  5.6144e-02,  8.2517e-02,  ...,  1.4621e-01,
            1.4400e-01,  1.2407e-01],
          [-4.1479e-03,  4.7928e-03,  3.9515e-02,  ...,  6.2874e-02,
            8.1811e-02,  1.1846e-01],
          ...,
          [-2.3979e-02, -1.2066e-01, -1.3454e-01,  ..., -1.3898e-01,
           -1.0996e-01, -4.8107e-02],
          [ 2.5956e-02, -1.5278e-02, -9.1978e-03,  ..., -1.7382e-02,
           -2.1852e-02, -2.7721e-02],
          [ 3.0462e-02,  2.3532e-02,  4.9691e-02,  ...,  2.6612e-02,
            3.6513e-02,  1.3127e-02]],

         [[ 3.9607e-03,  1.5257e-02,  4.4600e-02,  ...,  4.8632e-02,
            4.2404e-02, -1.2936e-02],
          [ 4.7423e-02,  7.2130e-02,  1.3546e-01,  ...,  2.8838e-01,
            2.7117e-01,  2.1098e-01],
          [-5.3722e-02, -1.9335e-02,  3.3215e-02,  ...,  1.3980e-01,
            1.6783e-01,  1.8149e-01],
          ...,
          [-1.0471e-01, -2.4950e-01, -2.9485e-01,  ..., -2.8270e-01,
           -2.1253e-01, -1.0101e-01],
          [ 4.3757e-02, -3.0205e-02, -6.0824e-02,  ..., -9.0280e-02,
           -6.7614e-02, -4.7197e-02],
          [ 8.5317e-02,  9.0087e-02,  1.0356e-01,  ...,  5.4288e-02,
            6.2862e-02,  4.3967e-02]],

         [[-1.3507e-02, -1.1472e-02,  7.3056e-03,  ...,  4.5596e-02,
            2.4354e-02, -4.4920e-02],
          [ 3.6548e-02,  4.4751e-02,  9.5592e-02,  ...,  2.6349e-01,
            2.3151e-01,  1.6824e-01],
          [-4.2782e-02, -1.3715e-02,  2.8737e-02,  ...,  1.5108e-01,
            1.3426e-01,  1.3754e-01],
          ...,
          [-6.9331e-02, -1.8703e-01, -2.3232e-01,  ..., -1.8892e-01,
           -1.5425e-01, -7.4066e-02],
          [ 5.3544e-02, -2.4108e-02, -6.7651e-02,  ..., -5.7708e-02,
           -5.9967e-02, -4.2351e-02],
          [ 1.1373e-01,  8.0757e-02,  6.7561e-02,  ...,  3.2554e-02,
            2.6591e-02,  9.7181e-03]]],


        [[[ 2.0029e-03,  1.8509e-03,  1.9941e-03,  ...,  1.7967e-03,
            2.0628e-03,  1.8406e-03],
          [ 1.9224e-03,  2.0792e-03,  1.9249e-03,  ...,  1.5696e-03,
            2.0544e-03,  1.8716e-03],
          [ 1.2023e-03,  1.2330e-03,  1.5839e-03,  ...,  1.5728e-03,
            1.7598e-03,  1.0644e-03],
          ...,
          [ 2.4432e-04,  9.0033e-04,  1.6951e-03,  ...,  1.7876e-03,
            1.0051e-03,  8.5547e-04],
          [ 3.7566e-04,  9.3319e-04,  1.0196e-03,  ...,  1.7594e-03,
            1.2753e-03,  9.9537e-04],
          [ 7.0451e-05,  3.5477e-04,  8.0104e-04,  ...,  1.8555e-03,
            1.3294e-03,  1.3516e-03]],

         [[ 1.2778e-03,  9.4382e-04,  8.7711e-04,  ...,  1.1809e-03,
            1.5432e-03,  1.6383e-03],
          [ 9.2889e-04,  6.8463e-04,  9.0917e-04,  ...,  1.0982e-03,
            1.5875e-03,  1.4857e-03],
          [ 5.1056e-05, -2.4105e-05,  5.6854e-04,  ...,  1.0082e-03,
            1.3627e-03,  9.1644e-04],
          ...,
          [-4.0065e-04,  1.4021e-04,  7.4667e-04,  ...,  9.9245e-04,
            6.1519e-04,  6.4317e-04],
          [-4.4998e-04,  3.0206e-04,  5.1967e-04,  ...,  9.3322e-04,
            9.8985e-04,  9.1856e-04],
          [-5.6358e-04, -3.2001e-05,  7.8741e-04,  ...,  1.2623e-03,
            1.0591e-03,  1.1873e-03]],

         [[ 6.9027e-04,  4.1142e-04,  7.0698e-04,  ...,  8.7500e-04,
            1.0512e-03,  1.0862e-03],
          [ 3.8467e-04,  2.8339e-04,  4.5120e-04,  ...,  7.7576e-04,
            1.0611e-03,  8.0718e-04],
          [-5.2963e-04, -5.2246e-04,  1.7334e-05,  ...,  4.9959e-04,
            6.6878e-04,  2.5220e-04],
          ...,
          [-1.0016e-03, -4.3710e-04,  6.9703e-05,  ...,  1.8903e-04,
           -1.3583e-04, -6.1267e-05],
          [-1.0105e-03, -3.3494e-04, -1.5362e-04,  ...,  2.6360e-05,
            8.4234e-05,  2.2465e-04],
          [-1.0728e-03, -6.7471e-04, -3.9875e-05,  ...,  3.2212e-04,
            1.8063e-04,  3.9305e-04]]],


        ...,


        [[[-6.5182e-02, -3.2221e-02,  1.7135e-02,  ...,  4.3783e-02,
           -2.2065e-02, -4.3142e-02],
          [-4.1604e-02,  3.4139e-03,  4.3597e-02,  ...,  9.4979e-02,
            5.7906e-02,  2.7935e-02],
          [-3.3692e-02, -1.0364e-03,  1.7932e-02,  ...,  5.7642e-02,
            3.8428e-02,  2.0267e-02],
          ...,
          [ 6.5727e-03,  4.1677e-02,  4.2090e-02,  ...,  4.5754e-02,
            1.9221e-02, -8.3431e-03],
          [-3.7285e-02, -1.6336e-02,  1.9450e-02,  ...,  5.6314e-02,
           -1.0225e-02, -6.2773e-02],
          [-4.8874e-02, -3.2461e-02, -9.3809e-03,  ...,  8.6570e-02,
            6.0760e-03, -5.2983e-02]],

         [[-6.3632e-02, -1.5165e-02,  1.6321e-02,  ...,  2.0711e-02,
           -3.0695e-02, -4.0796e-02],
          [-3.4006e-02,  2.2855e-02,  4.4437e-02,  ...,  6.7727e-02,
            4.7215e-02,  3.2355e-02],
          [-3.5568e-02,  1.7662e-02,  2.2049e-02,  ...,  3.3975e-02,
            3.4714e-02,  2.9656e-02],
          ...,
          [ 1.3594e-02,  5.7783e-02,  4.6600e-02,  ...,  3.7339e-02,
            2.6602e-02,  1.2631e-02],
          [-1.4299e-02,  1.9402e-02,  4.1389e-02,  ...,  5.9933e-02,
            1.4870e-02, -1.3693e-02],
          [-2.6346e-02,  9.8495e-03,  2.8390e-02,  ...,  1.0347e-01,
            3.9386e-02, -6.3967e-03]],

         [[-8.6866e-02, -4.2332e-02,  7.3425e-03,  ...,  3.2849e-02,
           -3.2205e-02, -4.8388e-02],
          [-3.0819e-02,  1.7501e-02,  5.1093e-02,  ...,  9.1266e-02,
            5.5022e-02,  4.0822e-02],
          [-4.2287e-02, -2.8799e-03,  9.6063e-03,  ...,  2.4404e-02,
            2.6388e-02,  2.5612e-02],
          ...,
          [-5.9545e-03,  2.8871e-02,  1.6094e-02,  ...,  5.6196e-03,
           -6.2014e-03, -7.9429e-03],
          [-2.5358e-02, -4.3444e-03,  2.2746e-02,  ...,  3.5982e-02,
           -1.4233e-02, -3.2237e-02],
          [-1.2800e-02,  4.8750e-03,  8.9943e-03,  ...,  7.0652e-02,
            1.3122e-02, -8.7042e-03]]],


        [[[-1.0218e-02,  1.8481e-02,  3.2538e-02,  ...,  2.5745e-02,
            1.0304e-02,  1.6522e-02],
          [ 7.6311e-03, -3.3101e-02, -3.6510e-02,  ...,  7.1099e-02,
            4.5205e-02,  5.2621e-02],
          [-3.6827e-02, -1.1855e-01, -1.3741e-01,  ...,  3.3292e-02,
            3.8308e-02,  2.8317e-02],
          ...,
          [ 1.7552e-02,  3.2042e-03, -8.3640e-03,  ...,  3.6205e-03,
            1.9613e-02,  1.8330e-02],
          [-1.6017e-03,  1.5201e-02,  1.6359e-02,  ...,  3.3469e-03,
            2.2877e-02,  1.6592e-03],
          [ 5.4114e-03,  2.6608e-02,  1.4461e-02,  ...,  7.4906e-03,
            1.8665e-02,  1.6657e-02]],

         [[-1.5459e-02, -2.5591e-03,  5.4768e-03,  ..., -9.7685e-03,
            5.8613e-03,  1.3905e-02],
          [-1.9803e-02, -6.9005e-02, -7.2947e-02,  ...,  2.7618e-02,
            2.5279e-02,  2.3826e-02],
          [-5.5953e-02, -1.4864e-01, -1.6362e-01,  ...,  9.7102e-03,
            3.2339e-02,  1.3049e-02],
          ...,
          [-5.7771e-05, -2.0139e-02, -2.1779e-02,  ..., -4.7696e-03,
            2.5216e-02,  1.4920e-02],
          [-1.9701e-03,  9.1122e-03,  2.2266e-02,  ...,  4.5718e-03,
            3.8170e-02,  1.0257e-02],
          [-8.3712e-03,  5.6408e-03,  4.4182e-03,  ..., -8.7317e-03,
            2.6442e-02,  1.8389e-02]],

         [[-5.8305e-04, -5.2613e-03,  1.9495e-03,  ..., -4.9132e-02,
           -2.7014e-02, -2.3410e-02],
          [ 7.4439e-05, -4.9573e-02, -5.8512e-02,  ..., -1.7445e-02,
           -2.2882e-02, -3.5909e-02],
          [-2.2797e-02, -9.7742e-02, -1.0986e-01,  ..., -1.0905e-02,
           -6.5532e-03, -3.8239e-02],
          ...,
          [ 1.2256e-02, -9.3051e-03, -1.8742e-03,  ..., -3.2347e-02,
           -5.8729e-03, -1.9574e-02],
          [ 2.8942e-03, -1.0870e-03,  1.8321e-02,  ..., -2.2004e-02,
            1.5757e-02, -1.1791e-02],
          [-1.9186e-02, -2.9297e-02, -2.2704e-02,  ..., -4.8217e-02,
           -1.1880e-02, -2.1768e-02]]],


        [[[-3.7176e-02,  7.0604e-03,  1.9494e-02,  ...,  1.9558e-02,
            1.4781e-02, -1.7380e-02],
          [-1.1693e-02,  8.5833e-02,  1.2719e-01,  ...,  1.3661e-02,
           -5.9070e-05, -3.0286e-02],
          [ 1.1301e-01,  1.8674e-01,  5.1418e-02,  ..., -1.7275e-01,
           -7.1849e-02, -6.2564e-02],
          ...,
          [-5.2865e-02, -2.5727e-01, -2.6688e-01,  ...,  2.6807e-01,
            1.4335e-01,  5.5284e-02],
          [-2.1046e-02, -2.9957e-02,  1.0241e-01,  ...,  2.0824e-01,
           -4.1777e-03, -3.7973e-02],
          [-2.2284e-02,  1.2372e-02,  8.4394e-02,  ..., -4.5353e-02,
           -1.4696e-01, -9.0956e-02]],

         [[-6.2459e-03,  3.2642e-02,  1.5906e-02,  ..., -7.7212e-03,
            2.9156e-03,  9.1587e-04],
          [ 6.1181e-02,  1.4918e-01,  1.4696e-01,  ..., -2.8856e-02,
           -2.0176e-02, -9.3772e-03],
          [ 1.6127e-01,  2.0909e-01, -2.5010e-02,  ..., -2.7204e-01,
           -1.0696e-01, -6.2975e-02],
          ...,
          [-1.3684e-01, -4.0789e-01, -3.8484e-01,  ...,  4.0897e-01,
            2.6219e-01,  1.3515e-01],
          [-5.9266e-02, -6.0886e-02,  1.4212e-01,  ...,  3.5788e-01,
            9.1193e-02, -1.3668e-03],
          [ 7.9378e-03,  5.8766e-02,  1.5391e-01,  ...,  4.7020e-02,
           -1.0073e-01, -9.7797e-02]],

         [[-7.0243e-03,  1.2767e-02, -2.6307e-02,  ...,  4.4651e-03,
            1.5635e-03,  1.3137e-02],
          [ 5.8510e-03,  4.5413e-02,  6.0849e-02,  ...,  1.4164e-02,
           -5.4566e-03,  3.3126e-03],
          [ 5.4894e-02,  1.2408e-01,  4.3490e-02,  ..., -1.4446e-01,
           -7.4479e-02, -5.8461e-02],
          ...,
          [-3.1898e-02, -1.6313e-01, -1.5778e-01,  ...,  2.2923e-01,
            1.1979e-01,  7.1420e-02],
          [-1.1222e-02, -1.4027e-03,  8.4529e-02,  ...,  1.5731e-01,
            2.1949e-02, -1.0369e-02],
          [-5.1650e-03, -4.9065e-03,  3.6729e-02,  ..., -2.4542e-02,
           -7.1536e-02, -6.7305e-02]]]], device='cuda:0')), ('bn1.weight', tensor([ 2.3512e-01,  2.7074e-01, -2.3881e-04,  5.1676e-01, -1.4815e-05,
         2.2322e-01,  4.2384e-01, -7.6671e-04,  2.5252e-01,  4.4149e-04,
         3.1725e-01,  2.5072e-01,  3.7852e-01, -1.8531e-04,  2.7455e-01,
         2.3712e-01,  2.4251e-01,  3.9499e-01,  4.6940e-01,  2.9095e-01,
         2.7328e-01,  2.7788e-01,  2.9387e-01,  2.0928e-01,  2.5943e-01,
         2.7942e-01,  2.9085e-01,  3.1507e-01,  3.8899e-01,  3.0596e-01,
         2.6934e-01,  2.1150e-01,  2.8375e-01,  3.3218e-01,  4.2825e-01,
         3.7271e-01,  2.5533e-04,  1.8970e-01,  9.9779e-05,  2.2324e-01,
         1.8464e-01,  2.4820e-01,  2.7505e-01,  2.5845e-01,  2.9257e-01,
         2.9654e-01,  2.2427e-01,  2.6261e-01, -2.4436e-04,  2.6513e-01,
         2.2128e-01,  2.8371e-01,  3.2739e-01,  2.2748e-01,  3.6537e-01,
         2.1487e-01,  2.3942e-01,  2.4849e-01,  5.2313e-01,  2.4585e-01,
         2.9485e-01,  2.5953e-01,  4.8023e-01,  2.6439e-01], device='cuda:0')), ('bn1.bias', tensor([ 2.3474e-01,  2.5096e-01, -7.2651e-05, -6.6521e-01, -7.0152e-04,
         1.6289e-01,  4.5069e-01, -7.2646e-04,  3.0232e-01,  1.2627e-03,
         3.5102e-01,  3.1264e-01, -2.5021e-01, -8.8961e-04,  1.0681e-01,
         2.1875e-01,  3.7919e-01, -5.2919e-01, -6.2719e-01,  5.7502e-01,
         2.9928e-01,  5.8795e-01,  4.8481e-01,  3.3101e-01,  1.9772e-01,
         2.0093e-01,  1.4979e-01,  8.0166e-02,  5.1549e-01,  1.7905e-02,
         1.6482e-01,  3.3139e-01,  2.4425e-01,  4.4433e-01, -2.7629e-01,
        -2.0877e-02, -7.6970e-04,  3.1818e-01, -6.6317e-04,  2.3928e-01,
         2.3438e-01,  3.1726e-01,  4.2948e-01,  2.9389e-01,  2.6305e-01,
         6.7723e-01,  4.2869e-01,  3.4677e-01, -9.0635e-04,  2.4719e-01,
         3.0395e-01,  6.1706e-01,  3.9821e-01,  3.3117e-01, -4.1191e-01,
         3.7736e-01,  1.8065e-01,  2.5769e-01, -4.4951e-01,  2.1353e-01,
         5.6899e-01,  5.7281e-01, -4.0494e-01,  2.3365e-01], device='cuda:0')), ('bn1.running_mean', tensor([-2.3373e-03,  1.0254e-02, -3.0171e-03,  3.6075e-02,  1.8385e-03,
         2.9055e-03,  6.1774e-02, -4.2937e-03,  6.6699e-03,  3.4502e-03,
        -2.3835e-02, -2.2594e-02,  3.3812e-02,  8.1310e-04, -9.2776e-03,
        -3.6848e-03,  1.0867e-02, -4.3529e-02, -2.8643e-02,  5.5151e-02,
         2.6068e-02, -6.3944e-02,  4.7376e-02,  8.5544e-03, -1.6951e-03,
        -2.4457e-02,  9.3576e-03, -3.9054e-02,  3.6142e-02,  2.0438e-02,
        -1.8553e-03, -1.5057e-02,  4.1554e-03, -7.2921e-02, -3.1364e-02,
         4.3262e-02,  5.6578e-05, -7.5550e-03,  4.2969e-05,  1.2122e-04,
         1.2534e-03, -8.2829e-03,  1.7039e-02, -2.2306e-02, -2.4944e-02,
         1.0795e-02, -3.8374e-02, -1.6378e-02,  6.1988e-04,  6.9639e-03,
         3.9605e-04,  2.9566e-02, -6.2645e-02, -1.2446e-02,  3.6379e-02,
         8.6114e-03,  1.1194e-02, -3.6517e-02,  5.7703e-02,  1.1427e-03,
         3.4361e-02, -7.9070e-02,  4.6967e-02,  6.2006e-03], device='cuda:0')), ('bn1.running_var', tensor([6.6934e-01, 2.4615e+00, 1.4688e-02, 2.6738e+00, 6.4189e-03, 4.2410e-01,
        2.0765e+00, 2.9026e-02, 6.7943e-01, 2.2938e-02, 2.9322e+00, 2.2701e+00,
        2.6690e+00, 9.1183e-04, 1.1167e+01, 2.7495e-01, 1.5530e+00, 4.1379e+00,
        1.4110e+00, 8.1559e+00, 3.3722e+00, 5.3303e+00, 5.0786e+00, 2.4835e-01,
        3.0073e-01, 6.9490e+00, 1.1057e+01, 2.7628e+00, 3.6748e+00, 9.1023e-01,
        1.0195e+00, 9.0021e-01, 2.6092e+00, 1.9093e+00, 2.7279e+00, 5.3033e+00,
        5.4661e-06, 1.2029e+00, 1.3345e-06, 2.2910e-01, 1.2047e-01, 9.2882e-01,
        1.3715e+00, 2.0534e+00, 2.1888e+00, 3.7470e+00, 2.0290e+00, 1.1499e+00,
        2.5035e-03, 9.8774e-01, 2.6090e-01, 2.3026e+00, 2.5193e+00, 5.9795e-01,
        3.2446e+00, 4.2780e-01, 2.0866e+00, 5.5820e+00, 4.0057e+00, 7.2124e-01,
        3.0455e+00, 9.7009e+00, 4.6333e+00, 1.1609e+00], device='cuda:0')), ('bn1.num_batches_tracked', tensor(575, device='cuda:0')), ('layer1.0.conv1.weight', tensor([[[[ 5.8093e-02, -9.4094e-02, -2.1750e-02],
          [-7.5076e-02, -7.9985e-01, -2.1480e-01],
          [ 6.6991e-02, -9.5576e-02, -1.2962e-02]],

         [[-7.4916e-03,  1.5429e-02,  8.5867e-04],
          [ 3.6970e-02, -1.6407e-01, -2.4944e-02],
          [ 1.5449e-03,  6.8390e-03,  7.0142e-02]],

         [[ 1.1212e-03,  1.4031e-03,  4.8853e-04],
          [ 6.8521e-04,  9.5729e-04,  3.9523e-04],
          [ 3.4768e-04,  3.1125e-04, -3.8713e-04]],

         ...,

         [[-3.6407e-02,  1.9274e-02, -2.9896e-02],
          [-9.7432e-02, -4.2848e-02, -5.3274e-02],
          [-7.8196e-02,  2.9465e-02,  3.2289e-03]],

         [[ 1.7702e-02,  1.4661e-02,  1.0382e-02],
          [ 1.3579e-02,  6.4365e-05, -2.1232e-02],
          [ 1.1580e-02,  3.6132e-02, -2.2107e-02]],

         [[-2.2565e-02, -2.5052e-02, -2.2836e-02],
          [ 5.9309e-02, -9.9952e-02,  2.1481e-02],
          [-1.7182e-02,  8.8554e-02,  2.8253e-03]]],


        [[[ 2.3190e-02,  4.2651e-02, -1.4931e-02],
          [-3.0883e-02,  5.6639e-02,  2.5328e-02],
          [ 2.6545e-03,  5.0936e-02,  1.0949e-02]],

         [[ 3.0265e-02,  5.6529e-02,  5.6963e-02],
          [-2.4425e-02, -1.9912e-01, -5.3925e-02],
          [ 5.8082e-02,  7.4586e-02,  2.0374e-02]],

         [[ 1.9270e-03,  9.9889e-04,  8.5121e-04],
          [ 1.9968e-03,  9.0769e-04,  6.9230e-04],
          [ 1.3979e-03,  5.9548e-05,  1.0458e-04]],

         ...,

         [[-1.2803e-01,  4.2575e-02, -6.6392e-02],
          [-6.1637e-02,  1.5865e-01, -8.4558e-03],
          [-9.5264e-02,  4.9412e-02, -7.9143e-02]],

         [[-3.0062e-02,  4.0787e-03, -7.0045e-03],
          [ 1.9266e-02, -5.5214e-02, -2.5673e-02],
          [ 1.8595e-02, -2.7806e-02, -2.0521e-03]],

         [[-2.8138e-03,  3.6786e-02,  5.0783e-03],
          [ 5.6153e-02, -1.0851e-02,  3.5578e-02],
          [ 4.0186e-03,  1.8541e-02,  1.2880e-01]]],


        [[[-3.7518e-02,  6.2467e-03,  1.8784e-02],
          [ 1.4074e-02, -2.5873e-02,  1.1495e-03],
          [-2.0197e-03,  2.7598e-02, -1.1850e-03]],

         [[-2.8508e-02, -5.7406e-03, -5.6410e-03],
          [-1.3680e-02, -6.5300e-04,  1.9835e-02],
          [ 4.3064e-03, -4.7131e-02, -7.3222e-02]],

         [[ 1.2980e-04, -2.4227e-04, -5.5129e-04],
          [ 3.7220e-04, -1.2309e-05, -9.6877e-04],
          [ 8.9713e-04,  5.7218e-04, -9.1767e-04]],

         ...,

         [[-1.0568e-03, -2.5081e-02, -4.1586e-02],
          [ 2.5297e-02, -2.6618e-02, -3.3637e-02],
          [ 4.2852e-04, -2.2705e-02, -1.7355e-02]],

         [[ 2.2504e-02,  2.5488e-03, -2.5886e-02],
          [ 2.5410e-02, -7.9499e-03, -3.3613e-03],
          [-2.4684e-03, -2.5559e-02, -1.4411e-02]],

         [[-1.6231e-02,  2.9487e-02, -1.9016e-02],
          [ 6.5184e-02, -3.6980e-02, -1.2643e-03],
          [-2.7311e-02,  1.3272e-02, -1.5295e-03]]],


        ...,


        [[[ 2.6738e-03, -9.2000e-03, -6.5221e-02],
          [ 9.3628e-03, -2.4547e-02, -4.6477e-02],
          [ 2.7290e-02,  1.7756e-02, -1.0825e-02]],

         [[ 4.6279e-02, -2.4742e-02, -2.7824e-02],
          [ 6.6632e-02,  2.8157e-03, -1.0686e-01],
          [ 1.7135e-02,  4.6253e-02,  9.9866e-03]],

         [[ 4.4169e-04,  3.2350e-04,  8.1680e-04],
          [ 3.1974e-04,  4.4511e-04,  9.7433e-04],
          [ 3.2244e-04,  7.1911e-04,  1.2901e-03]],

         ...,

         [[ 4.5658e-03,  4.8176e-02, -7.1869e-03],
          [-6.5978e-03,  5.9987e-02,  6.5615e-03],
          [-1.9190e-02,  4.4432e-02,  5.9658e-03]],

         [[-1.1559e-03, -7.5045e-03, -8.4467e-03],
          [ 4.2870e-03,  5.9126e-03, -1.2950e-02],
          [-3.1127e-03,  3.4671e-03, -2.1088e-02]],

         [[ 1.6045e-02,  4.4543e-02, -2.7434e-02],
          [ 2.1862e-02,  4.5118e-02,  2.1975e-02],
          [ 1.9880e-02,  6.0654e-02,  1.8286e-02]]],


        [[[-2.8877e-02,  1.1596e-03, -1.9631e-02],
          [-2.0957e-02,  2.1508e-02, -3.9876e-02],
          [-7.8367e-03, -2.4239e-03, -2.2615e-02]],

         [[-4.9448e-02, -4.6001e-03, -1.7838e-02],
          [-1.1887e-02,  5.5980e-02,  1.0344e-02],
          [-2.2964e-02, -2.7602e-02, -6.6052e-02]],

         [[-8.4273e-04, -8.7742e-04, -5.9243e-04],
          [-1.1385e-03, -1.0601e-03, -7.3481e-04],
          [-5.7138e-04, -2.3368e-04, -6.1921e-04]],

         ...,

         [[ 2.9723e-03,  2.6874e-02, -1.0113e-02],
          [ 6.5023e-03,  3.7396e-02, -3.0680e-02],
          [ 4.0470e-02,  3.1669e-02,  4.3143e-03]],

         [[-8.9607e-03,  1.2262e-02,  1.6122e-02],
          [-1.4294e-02,  1.8637e-02,  8.6179e-03],
          [-9.9977e-03, -1.4868e-03, -7.6235e-03]],

         [[-1.7057e-03,  7.0852e-02, -1.1882e-02],
          [-4.1110e-02,  7.8720e-02, -2.9898e-02],
          [ 3.5580e-03, -5.6511e-02, -8.2395e-02]]],


        [[[ 5.3605e-02,  4.7611e-03, -3.3132e-02],
          [ 2.9332e-02,  1.4327e-02,  1.6847e-02],
          [ 1.4669e-02,  2.4530e-02, -1.1362e-04]],

         [[-2.5300e-02,  8.7907e-03, -6.1539e-02],
          [-1.8404e-02,  5.5812e-02, -6.3870e-02],
          [-2.6419e-02,  1.8720e-03,  3.5497e-02]],

         [[ 2.7420e-04,  1.4713e-03,  1.6263e-03],
          [ 5.5753e-05,  9.9667e-04,  1.0190e-03],
          [ 2.8505e-04,  1.7123e-03,  1.9629e-03]],

         ...,

         [[ 6.4882e-03, -4.1999e-02, -1.0614e-02],
          [ 2.5579e-02, -6.4687e-02,  1.2834e-02],
          [ 2.9195e-02, -7.9796e-03,  1.4317e-02]],

         [[-3.8933e-03,  2.0484e-02, -2.0180e-02],
          [-6.0766e-02,  4.2095e-02,  2.4998e-02],
          [-1.9924e-02,  2.2717e-02,  2.3264e-02]],

         [[ 3.6372e-02, -6.8727e-02,  6.3568e-03],
          [-3.3468e-02,  9.0384e-02,  1.8542e-02],
          [-3.1844e-02, -9.9540e-03, -7.2400e-02]]]], device='cuda:0')), ('layer1.0.bn1.weight', tensor([0.3080, 0.2137, 0.2355, 0.4281, 0.5156, 0.2179, 0.2216, 0.2322, 0.2622,
        0.2671, 0.2151, 0.4609, 0.2637, 0.2291, 0.3917, 0.2386, 0.2677, 0.3632,
        0.3479, 0.2529, 0.3252, 0.5329, 0.6419, 0.2256, 0.4416, 0.3082, 0.2597,
        0.4630, 0.2188, 0.2870, 0.3407, 0.4432, 0.4473, 0.4498, 0.5519, 0.5088,
        0.2554, 0.2645, 0.5642, 0.6403, 0.2237, 0.2003, 0.2456, 0.2239, 0.2151,
        0.2000, 0.6365, 0.3100, 0.5042, 0.2412, 0.3040, 0.3763, 0.3789, 0.4266,
        0.2995, 0.3311, 0.2593, 0.3327, 0.2019, 0.4355, 0.1672, 0.5120, 0.2614,
        0.3283], device='cuda:0')), ('layer1.0.bn1.bias', tensor([ 0.1660,  0.2432,  0.1756, -0.0435, -0.2030,  0.1596,  0.2973,  0.0907,
         0.1124,  0.0893,  0.1106, -0.2026,  0.1547,  0.0862, -0.1085,  0.0657,
         0.0783, -0.2087, -0.0212,  0.1428,  0.0386, -0.2841, -0.3254, -0.0055,
        -0.4421, -0.1238,  0.1313, -0.0897,  0.1164, -0.0795, -0.5325, -0.0752,
        -0.3860, -0.0552, -0.1811, -0.1899,  0.1335,  0.0066, -0.2718, -0.2996,
         0.1420,  0.2572,  0.1392,  0.0051,  0.0117,  0.3344, -0.2712, -0.0207,
        -0.2474,  0.1587,  0.0136, -0.0875, -0.1898, -0.0806,  0.1723, -0.4833,
         0.0623, -0.0679,  0.3141, -0.5059,  0.3113, -0.2633, -0.1550,  0.0072],
       device='cuda:0')), ('layer1.0.bn1.running_mean', tensor([-0.4910,  0.0106, -0.0112, -0.7347, -1.5901, -0.8077, -0.1504, -0.1568,
        -1.2286, -0.8939, -0.1647, -1.8358, -0.0088, -0.8862, -0.9085, -0.5336,
        -1.0825, -0.3671, -1.3973, -0.3513, -1.1618, -1.6140, -2.2748, -0.7179,
        -0.9204, -0.7836,  0.6590, -1.6993,  0.3055,  0.4796, -0.7613, -1.4459,
        -1.4005, -2.5957, -2.0900, -1.3154, -1.0168, -0.2349, -2.4795, -2.1375,
        -0.1974, -0.8867,  0.5845,  1.3700, -0.9313, -0.2752, -2.8011, -1.5435,
        -1.9733, -1.6065, -2.0271, -1.9762, -0.9816, -1.5055, -1.7779,  0.2483,
        -1.0641, -0.6033, -0.4393, -0.6716, -0.2225, -1.8379,  1.3203, -0.8689],
       device='cuda:0')), ('layer1.0.bn1.running_var', tensor([0.4173, 0.1806, 0.2708, 0.4988, 0.7686, 0.3251, 0.0848, 0.7605, 0.4373,
        1.2838, 0.1466, 0.5800, 0.2231, 0.6699, 0.7960, 0.2483, 0.1980, 0.8690,
        0.2954, 0.2361, 0.8927, 0.6548, 1.4447, 0.2406, 0.5296, 0.7362, 0.5575,
        0.7547, 0.2813, 0.3332, 0.1036, 0.3780, 0.5621, 0.8062, 1.1649, 0.7395,
        0.3676, 0.2153, 0.8285, 1.3469, 0.3798, 0.2305, 0.1546, 0.2562, 0.4036,
        0.1242, 1.4897, 0.2905, 0.6388, 0.2063, 0.7896, 0.3733, 0.4634, 0.4236,
        0.3859, 0.1739, 0.3250, 0.3627, 0.1581, 0.3987, 0.0573, 0.6955, 0.2224,
        0.2831], device='cuda:0')), ('layer1.0.bn1.num_batches_tracked', tensor(575, device='cuda:0')), ('layer1.0.conv2.weight', tensor([[[[ 2.5128e-02, -1.0613e-01, -7.6550e-03],
          [-8.6373e-02, -3.2974e-01, -1.0377e-01],
          [-5.6416e-02, -1.8993e-01, -5.4923e-02]],

         [[-1.5375e-02,  2.0516e-02, -2.4443e-03],
          [-4.9453e-03,  4.2182e-02, -1.3591e-02],
          [-6.1043e-02,  5.0146e-03,  1.3258e-03]],

         [[-5.3819e-03,  1.9334e-02,  1.4445e-02],
          [ 1.3279e-02, -6.3229e-03,  1.3570e-02],
          [ 1.3974e-02,  1.2859e-02,  7.9463e-03]],

         ...,

         [[ 4.7187e-03, -6.2143e-03,  2.1196e-02],
          [-3.7588e-02, -3.9699e-02, -3.3610e-02],
          [-1.7941e-02, -9.2356e-03,  1.5151e-02]],

         [[-6.2366e-03,  2.8504e-02, -5.4253e-03],
          [ 7.3889e-03,  8.4056e-03,  1.7031e-03],
          [-1.3088e-02, -1.0685e-02,  5.6961e-03]],

         [[ 1.7371e-02,  2.2691e-02, -4.6644e-03],
          [-1.3030e-02,  4.5320e-02,  2.3290e-02],
          [ 3.1058e-02,  6.4382e-02,  2.2307e-02]]],


        [[[ 5.2169e-02,  3.8575e-02,  7.4166e-03],
          [ 3.0655e-02, -2.5806e-02,  3.3599e-02],
          [-1.4072e-02,  4.8327e-02,  5.3439e-02]],

         [[ 3.0070e-02,  4.3635e-02,  2.8255e-02],
          [ 2.7872e-02, -3.8327e-02, -5.2690e-02],
          [-5.5328e-02, -7.4167e-02, -8.3283e-02]],

         [[ 9.3334e-02,  1.2397e-01, -6.6000e-02],
          [-4.0507e-02, -4.9394e-04,  4.9591e-02],
          [-1.1219e-01, -7.9260e-02,  1.4281e-01]],

         ...,

         [[-4.9163e-03,  2.1550e-02,  1.9604e-02],
          [-4.6403e-03,  2.0034e-03,  5.7143e-03],
          [-4.8103e-03, -7.4803e-03,  3.1848e-04]],

         [[-2.8077e-02, -2.4674e-02,  4.5704e-02],
          [-2.0084e-02, -7.9289e-03,  3.7769e-02],
          [ 4.5934e-03,  3.2143e-03,  5.6928e-03]],

         [[ 7.6761e-03,  2.5804e-02,  6.3932e-02],
          [-3.2363e-02,  2.4032e-02,  1.1155e-02],
          [-2.1000e-02, -6.4097e-03, -3.9611e-02]]],


        [[[ 9.6509e-03, -1.6016e-02,  1.3764e-02],
          [ 1.5210e-02,  4.0908e-02,  6.2528e-02],
          [ 3.4562e-02,  7.3273e-02,  6.1194e-02]],

         [[ 3.0027e-03,  8.9733e-03,  2.0402e-02],
          [ 2.0809e-02,  4.0068e-02,  3.3963e-02],
          [-4.8302e-02, -3.6805e-02,  1.3653e-02]],

         [[-2.1562e-02, -1.6820e-02, -7.0348e-03],
          [-1.9299e-03,  2.2489e-02,  8.4441e-03],
          [-1.2552e-02,  3.0295e-03, -2.9932e-02]],

         ...,

         [[-5.6239e-03, -1.4315e-02, -6.1434e-05],
          [-4.8050e-03,  1.5459e-02,  4.6095e-02],
          [-8.8612e-03,  2.2089e-02,  4.2602e-02]],

         [[ 2.6044e-02,  4.9471e-02,  8.0127e-02],
          [-2.2883e-03,  5.4774e-03,  4.2307e-02],
          [ 2.9302e-03, -8.8320e-03,  9.5996e-03]],

         [[-3.6015e-02,  7.3193e-03,  4.0907e-02],
          [-1.7071e-02,  5.4504e-03,  6.1963e-02],
          [-3.1334e-02, -2.7040e-03,  7.1167e-02]]],


        ...,


        [[[-3.6195e-04, -8.0882e-03, -3.7939e-04],
          [ 2.9515e-03,  1.2266e-02,  1.5756e-02],
          [ 3.3846e-03,  8.9941e-05,  1.6922e-02]],

         [[-2.5053e-02,  2.0626e-02, -6.0081e-02],
          [ 4.6333e-02,  1.3101e-01, -7.8463e-03],
          [ 5.4498e-02,  1.3556e-01,  2.6478e-02]],

         [[ 1.9668e-02,  6.1196e-03,  2.0229e-02],
          [ 1.4704e-02,  1.4156e-02,  4.0238e-02],
          [ 1.0425e-02, -1.7848e-02,  3.2653e-02]],

         ...,

         [[-8.9466e-03, -1.0274e-02,  2.9047e-02],
          [-2.4643e-02, -2.2101e-02,  3.7323e-02],
          [-3.6503e-02, -4.5013e-02,  1.6791e-02]],

         [[-4.7650e-04, -2.1479e-02,  1.1790e-02],
          [-1.8781e-02, -4.1967e-02, -6.7233e-03],
          [-2.1639e-02, -5.7032e-02, -2.4216e-02]],

         [[ 3.0812e-02,  1.5030e-03,  1.1856e-03],
          [ 4.0383e-02, -4.8343e-05,  9.0989e-03],
          [ 4.1842e-02,  1.1118e-02,  1.0922e-02]]],


        [[[-6.2820e-03,  6.2845e-03,  1.9656e-02],
          [-6.2379e-02, -2.7515e-03,  9.4383e-02],
          [-6.1621e-02, -2.5148e-02,  3.6731e-02]],

         [[ 2.4380e-02,  2.5420e-02, -2.7084e-02],
          [ 4.8309e-02, -3.1428e-03, -1.1217e-01],
          [-3.4424e-02, -6.9773e-03,  3.8221e-03]],

         [[-1.5065e-02, -1.5221e-02,  4.5024e-02],
          [ 4.8779e-02,  3.4121e-02,  4.4961e-02],
          [ 7.5657e-03, -2.5220e-03, -3.0754e-03]],

         ...,

         [[ 2.2888e-02,  7.5069e-03,  3.4639e-03],
          [ 1.6485e-02,  1.9936e-02, -4.7825e-03],
          [ 1.9559e-02,  3.2058e-02, -1.8043e-02]],

         [[ 3.7119e-02,  4.8638e-02, -9.4640e-02],
          [ 1.9336e-02,  1.2885e-02, -7.3731e-02],
          [ 6.3530e-03,  3.3375e-02, -7.4705e-02]],

         [[-1.8375e-02, -3.3432e-02, -3.8936e-02],
          [ 8.3470e-03, -7.6611e-04, -7.7272e-02],
          [ 3.3828e-02,  3.3992e-02, -2.3570e-03]]],


        [[[-1.3246e-01,  7.6262e-02, -1.9236e-03],
          [ 9.1845e-02,  8.3780e-02,  3.9260e-02],
          [-2.0225e-02, -6.1208e-02,  8.9382e-02]],

         [[ 1.5763e-02, -4.1360e-02,  1.2241e-02],
          [ 9.0953e-03,  3.1216e-02,  2.2568e-03],
          [-2.4064e-02, -2.0837e-03, -6.7964e-02]],

         [[-6.4340e-02,  1.0656e-01,  2.0097e-02],
          [ 5.7108e-02, -1.5538e-01, -1.8454e-02],
          [-1.0916e-03,  4.5385e-02, -2.3428e-02]],

         ...,

         [[-6.0642e-02, -4.4888e-02, -9.9834e-03],
          [ 4.0390e-02,  4.3586e-02, -7.1664e-02],
          [ 9.5156e-03,  4.2150e-02, -4.7540e-02]],

         [[ 6.1693e-03,  2.4277e-02, -2.1413e-02],
          [-7.7956e-02, -5.5219e-02, -8.0606e-03],
          [-2.9438e-02, -1.1098e-01, -2.1504e-02]],

         [[-6.5659e-02, -2.2276e-02, -4.7360e-02],
          [-6.3256e-02,  1.0418e-01,  6.0886e-03],
          [ 8.2306e-02, -3.1864e-02, -4.7485e-03]]]], device='cuda:0')), ('layer1.0.bn2.weight', tensor([0.2501, 0.2175, 0.2782, 0.6045, 0.2638, 0.2976, 0.1109, 0.4421, 0.2875,
        0.3019, 0.2508, 0.4093, 0.4852, 0.3348, 0.4669, 0.1760, 0.2184, 0.5013,
        0.2239, 0.3678, 0.4876, 0.4576, 0.4628, 0.2221, 0.1514, 0.2760, 0.3800,
        0.2799, 0.2356, 0.3953, 0.2993, 0.3187, 0.2012, 0.2340, 0.1998, 0.1621,
        0.4679, 0.3457, 0.3386, 0.2268, 0.2446, 0.2352, 0.2723, 0.4630, 0.3427,
        0.2478, 0.4660, 0.2837, 0.6230, 0.4154, 0.3376, 0.4218, 0.1193, 0.2979,
        0.5825, 0.2814, 0.4718, 0.4499, 0.4293, 0.2750, 0.3403, 0.1151, 0.5100,
        0.4358], device='cuda:0')), ('layer1.0.bn2.bias', tensor([ 0.2309,  0.0071, -0.0674, -0.0702,  0.3624, -0.2010, -0.0034,  0.0238,
         0.3970,  0.0383,  0.0086,  0.2800, -0.0686, -0.2424, -0.0842, -0.0938,
        -0.1469,  0.0390, -0.3598, -0.3913, -0.4100,  0.0082, -0.2760, -0.0321,
        -0.0698,  0.2096, -0.0062, -0.2005, -0.2765, -0.0145,  0.2620, -0.0897,
        -0.2151, -0.1284,  0.1725,  0.0553, -0.2234, -0.0507,  0.2471,  0.2102,
         0.1636,  0.1163,  0.1163, -0.1480, -0.0332, -0.3046,  0.4903,  0.1115,
         0.0121,  0.1012,  0.4155, -0.0115,  0.0245,  0.0996, -0.1701,  0.1015,
        -0.1441, -0.2266,  0.1353,  0.2022, -0.0560,  0.2370, -0.1120,  0.3099],
       device='cuda:0')), ('layer1.0.bn2.running_mean', tensor([ 0.1679,  0.0068,  0.7715,  0.1582,  0.4728, -0.0591, -0.0558, -0.0036,
        -0.3374,  0.0850, -0.0757, -0.1129, -0.0731, -0.0665, -0.0991, -0.2504,
        -0.0976,  0.1173, -0.1191, -0.0266,  0.0521, -0.1621,  0.0080, -0.1390,
        -0.0714, -0.4349,  0.0697, -0.0532, -0.5839, -0.2867, -0.1404, -0.4216,
        -0.1932, -0.6671,  0.0488,  0.1175,  0.2687, -0.5294, -0.0791, -0.2540,
        -0.1127, -0.0314,  0.1278, -0.1487,  0.1644, -0.4924, -0.7154,  0.1910,
         0.0176, -0.0641, -0.1260,  0.1264, -0.1178, -0.1981,  0.1494, -0.1997,
        -0.2550, -0.1076, -0.1698,  0.3827,  0.0051,  0.1356,  0.0552,  0.0260],
       device='cuda:0')), ('layer1.0.bn2.running_var', tensor([0.2079, 0.0473, 0.0338, 0.1624, 0.1971, 0.0343, 0.0486, 0.0718, 0.0302,
        0.0445, 0.1416, 0.0403, 0.0415, 0.0313, 0.1820, 0.0253, 0.0959, 0.0906,
        0.0255, 0.1883, 0.0952, 0.3157, 0.1627, 0.0424, 0.0369, 0.1142, 0.1761,
        0.0648, 0.0617, 0.1569, 0.0425, 0.1131, 0.0540, 0.1054, 0.0524, 0.0588,
        0.0478, 0.1390, 0.0757, 0.0417, 0.0254, 0.1710, 0.1543, 0.1248, 0.1635,
        0.2127, 0.0572, 0.1193, 0.2142, 0.0430, 0.0299, 0.3868, 0.0699, 0.1230,
        0.1032, 0.1231, 0.1262, 0.1573, 0.1164, 0.0415, 0.3148, 0.0680, 0.0751,
        0.0347], device='cuda:0')), ('layer1.0.bn2.num_batches_tracked', tensor(575, device='cuda:0')), ('layer1.1.conv1.weight', tensor([[[[ 1.7965e-02, -7.5703e-03, -5.1518e-03],
          [-2.1444e-02, -1.3997e-02, -3.6438e-02],
          [ 5.0234e-02,  7.5068e-02,  4.2215e-02]],

         [[ 1.3997e-02, -8.2549e-03, -8.6683e-03],
          [-4.2441e-02, -2.2747e-02, -5.2734e-02],
          [-8.4614e-04,  4.7682e-02,  5.3125e-02]],

         [[ 1.8978e-02,  2.1515e-03, -1.0818e-02],
          [-1.1598e-02, -2.7255e-02, -2.9296e-02],
          [-3.0196e-02, -4.7553e-02, -2.6628e-02]],

         ...,

         [[ 6.1185e-03,  9.3545e-02,  6.1272e-03],
          [-1.8127e-02,  5.7981e-02, -6.1498e-03],
          [-3.4783e-02, -2.2672e-02, -3.3360e-02]],

         [[ 2.6103e-02, -3.0159e-02, -5.4242e-02],
          [ 6.9679e-02, -1.1539e-02, -7.0621e-02],
          [ 3.5932e-02,  3.3956e-02, -2.0778e-02]],

         [[-6.2369e-02, -4.7902e-03, -2.2949e-02],
          [ 7.8348e-02,  7.8955e-03, -4.9591e-02],
          [ 6.6718e-02, -9.6004e-02,  3.6413e-02]]],


        [[[-5.1915e-03, -2.5733e-02,  1.5580e-02],
          [-2.9762e-02, -1.7812e-03, -1.6154e-02],
          [ 7.3322e-03, -1.8485e-02, -1.4617e-03]],

         [[ 1.4917e-02, -4.1708e-03,  7.2438e-02],
          [-3.4389e-02, -7.7638e-02, -1.1054e-02],
          [ 3.6861e-02, -4.2887e-02,  1.2150e-02]],

         [[-2.9547e-02, -5.7997e-02, -5.8834e-02],
          [-2.7131e-02, -3.3486e-02, -1.0353e-02],
          [-2.0554e-02,  1.1081e-03,  1.2017e-03]],

         ...,

         [[ 2.4206e-02,  1.1690e-02,  6.1583e-02],
          [-3.2888e-03, -9.0768e-03,  1.4451e-03],
          [ 1.7451e-02, -2.6567e-02,  1.0539e-02]],

         [[-5.7459e-02, -2.9015e-02,  2.2739e-02],
          [-7.5137e-02, -7.5509e-02,  8.8593e-02],
          [-3.9081e-02, -3.0753e-02, -8.7032e-02]],

         [[-1.3428e-01,  8.7503e-02,  8.5605e-02],
          [-1.1814e-02,  4.2904e-01, -3.5913e-03],
          [-2.3986e-02, -1.0205e-01, -1.0523e-01]]],


        [[[ 7.9465e-02,  4.2679e-02,  3.2652e-03],
          [ 3.5957e-02, -1.4657e-02, -3.2430e-02],
          [-1.7234e-02, -2.6719e-02, -3.3391e-02]],

         [[ 4.4807e-02,  5.2111e-02,  1.8644e-02],
          [-3.9710e-02,  2.5411e-02, -2.2977e-02],
          [-3.1202e-02, -6.3380e-02,  2.7791e-02]],

         [[ 3.4147e-02,  3.8705e-02,  3.9420e-02],
          [ 1.3430e-02, -2.0946e-02, -3.4574e-02],
          [ 1.8346e-03, -2.2145e-02, -3.4476e-02]],

         ...,

         [[-1.3986e-01, -1.4239e-01,  4.9433e-02],
          [-1.2691e-01, -1.3200e-01,  7.5167e-02],
          [-4.6213e-02, -1.7549e-02,  7.1132e-02]],

         [[ 6.3545e-02,  1.6777e-02, -3.0170e-02],
          [ 8.1778e-02,  3.5623e-02, -2.9845e-02],
          [ 2.6407e-02,  2.0658e-02,  3.1038e-02]],

         [[-2.1213e-03, -4.8202e-02, -1.5514e-02],
          [-1.1082e-02,  2.0275e-02,  3.4809e-02],
          [ 1.5674e-02, -6.5403e-03, -2.6225e-02]]],


        ...,


        [[[ 3.1967e-02,  6.9835e-02,  1.1694e-02],
          [-1.9800e-02, -5.5058e-02, -6.5632e-02],
          [-2.0290e-03, -4.7198e-02, -4.7354e-02]],

         [[-3.9029e-03,  8.9490e-03,  1.7375e-04],
          [ 7.9941e-04,  1.6282e-02,  7.1545e-03],
          [-2.9238e-02, -6.6716e-02, -4.5749e-02]],

         [[-1.3927e-02,  7.0087e-03,  8.4994e-03],
          [-6.1662e-02, -5.0996e-02, -4.3286e-02],
          [-8.8299e-02, -9.8236e-02, -1.0442e-01]],

         ...,

         [[ 2.2944e-02,  6.3956e-02,  2.5914e-02],
          [-2.0911e-02, -6.6544e-04, -2.7350e-02],
          [ 4.9470e-02,  6.7358e-02,  3.2118e-02]],

         [[ 1.0568e-02,  2.8632e-02,  9.3481e-02],
          [-4.7613e-03, -5.1177e-02, -4.2430e-02],
          [-6.9562e-03, -6.4921e-02, -4.6635e-02]],

         [[ 7.5254e-03, -3.8062e-02,  3.9020e-03],
          [-2.8096e-02, -1.3355e-01, -5.8849e-02],
          [-2.8129e-03,  7.2286e-02,  1.1050e-01]]],


        [[[ 2.3932e-02, -1.8942e-02, -8.7659e-03],
          [ 1.7191e-02,  1.4747e-03, -3.3660e-02],
          [-2.2289e-02,  1.1811e-03,  1.1763e-02]],

         [[ 7.2056e-03, -1.7567e-03,  5.1448e-03],
          [-8.7097e-04, -6.5724e-03,  3.1748e-02],
          [ 7.8404e-02,  8.9965e-03,  2.8290e-03]],

         [[-6.7191e-02, -4.2934e-02, -3.2768e-02],
          [-3.5658e-02, -4.0263e-02, -1.7992e-02],
          [-8.8241e-03, -8.4375e-03, -6.1377e-04]],

         ...,

         [[ 2.3031e-02, -2.2200e-02, -5.5260e-03],
          [-3.0881e-03, -3.1255e-02, -3.1678e-02],
          [ 9.4819e-03, -1.7287e-02,  7.6977e-04]],

         [[-8.2721e-02, -7.3708e-02, -6.6346e-02],
          [-8.7597e-02, -8.2868e-02,  5.6456e-02],
          [-3.8061e-02, -3.4509e-02,  1.0363e-02]],

         [[ 8.4520e-02, -6.2260e-04,  7.1161e-02],
          [-6.3350e-02, -1.2382e-01,  4.5448e-02],
          [ 9.0494e-02, -4.4492e-02,  3.6592e-02]]],


        [[[ 4.1299e-02,  2.2231e-03, -5.8234e-02],
          [ 4.2527e-02,  3.8410e-03, -1.9771e-02],
          [ 7.5620e-02,  5.2588e-02, -4.8003e-03]],

         [[ 2.1957e-02,  3.7712e-03,  1.4416e-02],
          [-7.6178e-02, -1.1960e-01, -7.1001e-02],
          [-1.0590e-02, -3.2942e-02, -2.5789e-02]],

         [[-2.3662e-02, -3.9860e-03, -3.3903e-02],
          [-3.5390e-02, -4.2618e-02, -5.4769e-02],
          [-2.8252e-02, -3.8397e-02, -2.5819e-02]],

         ...,

         [[ 5.0602e-03,  8.4908e-02,  2.3956e-02],
          [ 5.8736e-02,  1.3137e-01,  3.2556e-02],
          [-8.4686e-04,  4.2654e-02, -4.8759e-02]],

         [[ 3.4607e-02, -4.3064e-02,  2.3434e-02],
          [ 6.2347e-03, -5.0813e-02, -6.1982e-02],
          [ 8.8736e-03,  4.5981e-02,  4.5774e-02]],

         [[-8.5796e-02,  1.5285e-02,  9.6948e-02],
          [ 1.8974e-03, -1.9840e-02, -5.7508e-02],
          [ 2.1919e-02,  3.0579e-02, -9.6124e-02]]]], device='cuda:0')), ('layer1.1.bn1.weight', tensor([0.3949, 0.4380, 0.3719, 0.3990, 0.3389, 0.3520, 0.2645, 0.2664, 0.2843,
        0.4272, 0.1922, 0.3043, 0.3815, 0.2936, 0.2108, 0.3279, 0.2934, 0.2949,
        0.2053, 0.4567, 0.2346, 0.1875, 0.4453, 0.2852, 0.3428, 0.3004, 0.3488,
        0.2734, 0.3913, 0.2796, 0.2641, 0.4470, 0.3328, 0.3756, 0.4470, 0.3893,
        0.2546, 0.3178, 0.3641, 0.3192, 0.3803, 0.3111, 0.2264, 0.3623, 0.2900,
        0.2371, 0.2989, 0.2441, 0.3809, 0.2887, 0.3229, 0.2841, 0.3223, 0.4554,
        0.3510, 0.2412, 0.3367, 0.3518, 0.3861, 0.3807, 0.4065, 0.2837, 0.4597,
        0.3312], device='cuda:0')), ('layer1.1.bn1.bias', tensor([-0.0981, -0.4750, -0.0488, -0.2698, -0.0853, -0.0046,  0.0492,  0.1018,
        -0.0195, -0.1492,  0.2307,  0.1455, -0.1801,  0.0265,  0.1566, -0.1867,
         0.1252, -0.1461,  0.0560, -0.2926, -0.2600,  0.2329, -0.3257, -0.0228,
        -0.2606,  0.0580, -0.2465,  0.0491, -0.3518,  0.0950, -0.1863, -0.1699,
        -0.0119, -0.2627, -0.3143, -0.1091,  0.0677, -0.1416, -0.0575, -0.0046,
        -0.3014, -0.0751, -0.0654, -0.1105,  0.0269,  0.0470, -0.2535,  0.1134,
        -0.3818,  0.0850, -0.0354,  0.1465, -0.0480, -0.3083, -0.0225,  0.1338,
        -0.0913, -0.1801, -0.1117, -0.0790, -0.1458,  0.0609, -0.4416, -0.0161],
       device='cuda:0')), ('layer1.1.bn1.running_mean', tensor([-0.5749,  0.8078, -1.4749, -0.7872, -0.7316, -1.5169, -0.2496,  0.1764,
        -0.4730, -0.7625, -0.4152, -0.2341, -1.7508, -0.5989,  0.4955, -0.1692,
        -0.3106, -0.3229, -1.8484, -0.9934,  0.0168, -1.2381, -1.8570,  0.2003,
        -0.0703, -1.6842, -1.5000, -1.1152,  0.0588,  0.1467,  0.2455, -2.8300,
        -0.8792, -0.1765, -1.9225, -2.3939,  0.3191, -0.2035, -1.0970, -1.4200,
         0.7272, -0.4426,  0.8365, -1.4403, -1.2030, -0.1619, -0.3387,  0.4230,
         0.9976, -0.5780, -0.0676, -1.5657, -0.3628, -1.0767, -2.0243,  0.1791,
        -1.0368, -0.8775, -0.3150, -2.1015, -1.1786,  0.3667,  0.4750, -1.1727],
       device='cuda:0')), ('layer1.1.bn1.running_var', tensor([0.6824, 0.5619, 0.6918, 0.5203, 0.3049, 0.4409, 0.3417, 0.4000, 0.2519,
        0.4579, 0.1843, 0.7735, 0.3999, 0.3553, 0.1795, 0.2729, 0.4196, 0.2072,
        0.2946, 0.5395, 0.1387, 0.1707, 0.5875, 0.3042, 0.1677, 0.5359, 0.2564,
        0.5571, 0.4683, 0.5623, 0.1780, 0.9128, 0.4174, 0.1675, 0.4947, 0.4904,
        0.4243, 0.2724, 0.8250, 0.4379, 0.3155, 0.3788, 0.2316, 0.7027, 0.4451,
        0.2742, 0.3178, 0.3561, 0.3771, 0.5165, 0.3962, 0.5651, 0.5648, 0.4451,
        0.6569, 0.4301, 0.3879, 0.2891, 0.5779, 0.6070, 0.4896, 0.6494, 0.4860,
        0.5164], device='cuda:0')), ('layer1.1.bn1.num_batches_tracked', tensor(575, device='cuda:0')), ('layer1.1.conv2.weight', tensor([[[[-1.8875e-02,  1.5932e-04,  7.6831e-03],
          [-4.5220e-03,  4.2213e-02,  2.3058e-02],
          [-9.4556e-03,  5.9126e-02,  2.8169e-02]],

         [[ 6.0015e-02,  4.2896e-02,  4.6146e-02],
          [ 2.5925e-02, -1.2656e-02,  8.1324e-03],
          [ 4.5766e-02,  3.3147e-02,  4.0840e-02]],

         [[-1.6271e-02, -4.0867e-02, -4.4366e-02],
          [-2.4899e-02,  2.6373e-02,  5.9604e-03],
          [-2.0767e-02,  1.2820e-02,  2.8577e-02]],

         ...,

         [[ 4.8420e-02,  3.9832e-02,  5.5989e-02],
          [ 4.3255e-02,  5.5548e-02,  1.3884e-02],
          [ 1.4548e-02,  1.8511e-02,  1.4855e-02]],

         [[ 5.1985e-03,  1.3985e-02,  4.9992e-02],
          [-6.0048e-03, -2.5227e-02,  1.6427e-02],
          [ 1.4933e-02,  1.9180e-02,  1.4750e-02]],

         [[ 6.1389e-02,  7.0349e-02,  6.1846e-02],
          [ 5.9266e-02,  9.9387e-02,  5.8602e-02],
          [ 5.4773e-02,  7.9491e-02,  8.1185e-02]]],


        [[[-8.6991e-03, -1.1659e-02,  1.0332e-02],
          [ 5.3096e-02,  4.2120e-02,  5.6815e-02],
          [ 5.1583e-02,  3.4081e-02,  3.7627e-02]],

         [[ 5.4708e-04, -2.9666e-02, -1.3081e-02],
          [-4.5799e-02, -4.8516e-02,  3.6934e-03],
          [-4.9335e-02, -1.6414e-02,  2.9622e-03]],

         [[ 3.9192e-02,  3.5152e-02,  5.7852e-03],
          [ 2.2038e-02,  3.0546e-03, -2.0641e-02],
          [-1.3563e-02,  6.0724e-03,  3.5163e-03]],

         ...,

         [[ 3.2347e-02,  5.9701e-02,  4.9683e-02],
          [-2.6916e-02, -9.9232e-03, -1.1579e-02],
          [-2.4432e-02, -8.5452e-03, -2.8873e-02]],

         [[-3.0851e-02, -4.0419e-02, -4.7952e-02],
          [-2.1674e-02, -4.2794e-02, -3.8842e-02],
          [ 2.0148e-02, -1.0513e-03, -6.1829e-03]],

         [[-5.2684e-02, -5.1185e-02,  7.9966e-03],
          [ 2.0785e-03,  1.6766e-02,  6.3930e-02],
          [ 2.7482e-02,  4.4616e-02,  1.9637e-02]]],


        [[[ 2.3727e-02, -2.5220e-02, -2.9348e-02],
          [ 2.8460e-02,  1.8299e-02,  1.5047e-02],
          [ 8.7582e-04,  1.4434e-02,  3.2032e-02]],

         [[-3.6850e-02,  1.2034e-02,  4.3239e-02],
          [ 1.3198e-02,  6.4903e-02,  8.8444e-02],
          [ 4.8940e-02,  9.5896e-02,  8.6978e-02]],

         [[-2.3235e-02, -2.7492e-02,  2.2575e-02],
          [-3.1283e-02, -1.7935e-02, -2.4075e-02],
          [ 1.4919e-02,  1.8784e-02, -1.4282e-02]],

         ...,

         [[-4.2845e-02, -7.1679e-02, -5.7851e-02],
          [ 2.1212e-02,  1.0686e-02, -2.4736e-02],
          [ 8.2917e-02,  1.2203e-01,  9.3276e-02]],

         [[ 3.4390e-02,  7.7627e-02,  6.7361e-02],
          [ 2.9698e-02,  1.1945e-01,  1.2028e-01],
          [ 3.5900e-03,  4.6082e-02,  4.4010e-02]],

         [[ 3.4471e-02,  4.4300e-02, -5.8245e-03],
          [ 4.7306e-02,  3.2279e-02, -5.8216e-03],
          [ 2.6953e-03,  2.0756e-03,  1.4242e-02]]],


        ...,


        [[[-4.1314e-02, -8.1126e-02, -5.1667e-02],
          [ 3.2867e-02,  9.4759e-03,  2.4052e-02],
          [ 7.8094e-03, -1.6283e-02,  4.3396e-02]],

         [[ 2.9856e-04,  8.7964e-03, -1.6189e-03],
          [ 7.0004e-03, -1.8734e-02, -2.6203e-02],
          [-8.6748e-03, -1.9188e-02,  3.7387e-03]],

         [[ 2.9373e-03,  4.5835e-02,  7.6528e-02],
          [-6.4983e-02, -3.3249e-02, -1.7773e-02],
          [-3.9074e-02, -2.5009e-02, -1.5519e-02]],

         ...,

         [[-4.4365e-02, -4.4006e-02, -2.1358e-02],
          [-8.6227e-03,  2.3851e-03,  2.3220e-02],
          [ 2.0000e-02,  5.0440e-02,  6.6957e-02]],

         [[ 1.8785e-03,  9.7693e-03, -1.5076e-02],
          [-1.4929e-02, -1.8972e-02, -5.1165e-03],
          [-5.5085e-03, -7.3480e-03, -1.4817e-02]],

         [[ 3.7874e-04, -1.0972e-02, -8.1099e-03],
          [ 1.0830e-02, -2.8048e-02,  3.8987e-02],
          [ 3.1713e-03,  4.2503e-02,  1.0260e-01]]],


        [[[ 1.2416e-02, -1.4351e-02,  2.8815e-03],
          [ 4.0867e-02, -2.5071e-02, -2.4658e-02],
          [-1.8721e-02,  3.4315e-03, -2.1560e-02]],

         [[-2.9643e-02, -3.3533e-02,  2.3435e-02],
          [-2.2512e-02,  1.6069e-02,  2.3488e-02],
          [ 1.1961e-02,  6.6993e-03,  4.2857e-03]],

         [[ 1.7078e-02,  6.1107e-02, -2.7974e-02],
          [ 5.3320e-02,  4.3317e-02, -9.1746e-04],
          [ 3.3732e-02, -4.7604e-02,  1.6447e-02]],

         ...,

         [[ 6.4284e-03, -4.8189e-03,  5.8344e-03],
          [ 2.5502e-02,  7.0319e-03, -3.3164e-02],
          [ 6.9259e-03,  2.4012e-03, -5.2489e-02]],

         [[ 3.1297e-02, -7.5508e-03, -1.0127e-02],
          [-7.1906e-03,  9.4843e-03, -1.9232e-03],
          [-2.3962e-02,  1.1365e-02, -3.0338e-02]],

         [[-2.9509e-02, -5.9531e-02, -2.4358e-02],
          [-4.6546e-02, -2.2698e-02, -6.6956e-03],
          [-1.0940e-02,  1.7773e-03, -6.1371e-03]]],


        [[[ 2.0290e-02, -5.9643e-02, -3.5494e-02],
          [-5.6722e-04,  5.2383e-02, -9.6558e-03],
          [-3.2283e-02,  3.5485e-02, -1.9367e-02]],

         [[ 9.6188e-02, -1.1174e-01, -7.7094e-02],
          [-1.0478e-01, -1.0685e-01, -1.9477e-01],
          [-1.2018e-01, -7.2996e-02,  3.5860e-02]],

         [[-2.0389e-02,  8.7942e-03,  5.8867e-02],
          [-4.8573e-02,  8.1240e-02, -4.7777e-02],
          [-5.1279e-02, -5.8297e-02, -1.6558e-02]],

         ...,

         [[-4.3189e-02, -7.9551e-02,  5.3420e-02],
          [-8.1574e-02, -5.5311e-02,  6.7753e-02],
          [ 2.4041e-02,  3.8358e-02,  3.9109e-02]],

         [[ 6.3023e-03,  2.9054e-02, -2.3831e-02],
          [ 2.3324e-02,  2.5872e-02,  2.7945e-03],
          [-5.2073e-02, -1.4257e-02, -2.3985e-02]],

         [[ 2.2371e-02,  1.0751e-02,  9.9161e-03],
          [-7.7814e-02,  7.1435e-02,  1.2948e-01],
          [ 1.1475e-02,  1.3742e-01,  3.8456e-02]]]], device='cuda:0')), ('layer1.1.bn2.weight', tensor([0.2563, 0.5651, 0.4007, 0.5108, 0.2170, 0.4915, 0.3299, 0.5463, 0.4340,
        0.5314, 0.2090, 0.4712, 0.5950, 0.5632, 0.2737, 0.2557, 0.4860, 0.6240,
        0.4387, 0.2326, 0.4963, 0.3096, 0.5701, 0.2173, 0.1901, 0.1445, 0.2193,
        0.2363, 0.5897, 0.3502, 0.4101, 0.3231, 0.5834, 0.3297, 0.2703, 0.1994,
        0.6109, 0.4047, 0.6293, 0.3863, 0.7610, 0.2100, 0.3086, 0.4599, 0.3081,
        0.1942, 0.4423, 0.2544, 0.5706, 0.6441, 0.3898, 0.3061, 0.6758, 0.1961,
        0.5837, 0.2613, 0.3533, 0.2093, 0.5752, 0.3405, 0.2053, 0.0717, 0.4105,
        0.4395], device='cuda:0')), ('layer1.1.bn2.bias', tensor([-1.7434e-01, -1.3008e-01,  3.1890e-02, -1.4586e-01,  1.9071e-01,
        -1.4355e-01, -4.2364e-01, -1.3400e-01,  2.1819e-01, -1.8685e-01,
         3.2117e-02, -1.9163e-02, -1.6992e-01, -2.8911e-02, -3.0936e-02,
        -1.0238e-01,  4.1323e-03,  8.4243e-02, -1.4948e-01,  2.2304e-02,
        -2.4107e-01, -7.7437e-02, -4.8948e-02, -6.7068e-02, -2.5542e-01,
         1.3598e-01, -1.7795e-02,  2.0934e-01,  3.6465e-04, -2.4270e-02,
        -2.4421e-02,  2.9047e-02, -1.0580e-01, -3.6823e-01,  2.8943e-01,
        -1.0270e-01,  3.0925e-01, -9.1367e-02,  2.7791e-01,  1.1483e-01,
        -3.1382e-01,  4.1624e-02,  5.7190e-02,  2.3973e-01, -7.4937e-02,
         4.7509e-02, -5.4960e-02,  1.3351e-01,  2.0919e-02, -1.3626e-01,
         1.4968e-01, -6.9118e-02, -3.2637e-01, -1.5856e-01, -4.2314e-02,
        -1.2745e-01, -1.6786e-01,  4.1579e-02,  8.9642e-02,  7.6697e-02,
        -7.1450e-02,  7.1876e-02, -3.8351e-02,  4.9184e-02], device='cuda:0')), ('layer1.1.bn2.running_mean', tensor([-4.6939e-02, -2.0740e-01,  7.8618e-01, -7.9227e-02,  4.8541e-01,
        -4.3077e-02, -6.3358e-02,  4.0833e-02, -2.5933e-01, -3.1163e-01,
         2.6782e-01,  1.2697e-02,  4.9832e-04, -5.8427e-01,  1.6585e-01,
        -1.1065e-01, -6.2535e-02, -9.2460e-02,  2.2018e-02,  1.3297e-02,
        -1.1088e-01,  5.3752e-02,  7.1653e-03, -1.5202e-02, -1.6414e-02,
         4.2825e-02, -8.4274e-02,  1.6957e-02, -5.1859e-01, -6.8503e-02,
        -8.4974e-02, -1.1207e-01, -3.4737e-01, -2.3277e-01, -3.5184e-01,
         2.5102e-02, -2.5810e-01, -2.8997e-01, -1.3038e-01, -4.5360e-02,
        -1.1094e-01,  3.0193e-01,  1.5894e-01, -1.1738e-01, -4.6496e-01,
        -1.6708e-01, -2.8427e-01,  1.4690e-01, -1.2691e-01, -2.5074e-01,
         2.5253e-02,  9.5878e-02, -2.2125e-01, -1.0314e-01, -5.2230e-02,
         2.4542e-01,  8.0582e-02, -1.9074e-01, -2.9575e-02,  2.0381e-01,
         8.6696e-02,  4.4189e-02, -2.8186e-02,  1.4477e-01], device='cuda:0')), ('layer1.1.bn2.running_var', tensor([0.0399, 0.1066, 0.0741, 0.0561, 0.1259, 0.0626, 0.0608, 0.0497, 0.0513,
        0.0801, 0.0429, 0.0474, 0.0427, 0.0823, 0.0476, 0.0301, 0.0836, 0.0777,
        0.0350, 0.0585, 0.0635, 0.1083, 0.1120, 0.0315, 0.0177, 0.0385, 0.0402,
        0.0458, 0.0775, 0.0639, 0.0454, 0.0553, 0.0557, 0.0568, 0.0505, 0.0387,
        0.0580, 0.0629, 0.0560, 0.0407, 0.0679, 0.0344, 0.0467, 0.0776, 0.0518,
        0.0634, 0.0523, 0.0487, 0.0862, 0.0660, 0.0384, 0.0748, 0.0739, 0.0431,
        0.0529, 0.0308, 0.0567, 0.0528, 0.1059, 0.0312, 0.0466, 0.0214, 0.0558,
        0.0384], device='cuda:0')), ('layer1.1.bn2.num_batches_tracked', tensor(575, device='cuda:0')), ('layer2.0.conv1.weight', tensor([[[[-7.2203e-02, -1.1137e-01, -1.3934e-01],
          [ 6.9618e-02, -1.7235e-02, -1.0392e-01],
          [ 1.1674e-01,  8.3579e-02, -1.1331e-02]],

         [[-2.2034e-02, -4.6901e-03,  4.2432e-03],
          [ 8.1332e-03,  2.0182e-02,  2.6059e-02],
          [ 4.4019e-03, -3.4535e-03, -1.2051e-02]],

         [[ 6.0658e-03,  6.0312e-03, -1.3127e-02],
          [ 6.4096e-03, -1.5316e-02, -4.4316e-02],
          [ 1.8167e-02, -1.4663e-02, -4.8323e-02]],

         ...,

         [[ 3.3906e-02,  3.2001e-02,  2.6210e-02],
          [ 7.4473e-03, -1.2392e-03, -1.1109e-02],
          [-7.6616e-03, -1.6373e-02, -2.7769e-02]],

         [[-1.0321e-02, -2.2847e-02, -2.2835e-02],
          [ 9.9569e-03,  1.9195e-02, -1.5448e-02],
          [ 2.0934e-02,  5.9229e-02,  4.1827e-02]],

         [[ 1.2389e-02, -2.7410e-02, -5.8225e-03],
          [ 3.0368e-02, -6.2197e-03, -1.7000e-02],
          [ 4.1636e-02,  1.2467e-02,  1.9490e-02]]],


        [[[-7.7998e-02, -7.4746e-02, -3.8338e-02],
          [-3.5229e-02, -6.4137e-02, -3.9731e-02],
          [-2.9423e-02, -5.4706e-02, -5.1565e-02]],

         [[-1.2059e-02, -2.0343e-02, -1.2408e-03],
          [ 8.9243e-03,  2.0907e-02,  1.8298e-02],
          [ 4.0012e-02,  2.6007e-02, -5.6726e-04]],

         [[-8.5310e-02, -8.2437e-02, -5.3325e-02],
          [-7.7506e-02, -7.9623e-02, -3.1404e-02],
          [-5.6161e-02, -4.2173e-02,  1.5500e-02]],

         ...,

         [[-3.2586e-02, -4.0341e-02, -2.9893e-02],
          [-1.5281e-02, -1.3805e-02,  2.7811e-03],
          [ 1.1714e-02,  2.4009e-02,  2.4342e-02]],

         [[ 1.5601e-03, -3.1161e-02, -3.2875e-02],
          [ 6.7899e-03,  1.1578e-03, -1.3674e-02],
          [-2.8609e-03,  9.0707e-03,  9.0566e-03]],

         [[ 2.9175e-02,  4.8925e-02,  1.1039e-03],
          [ 5.3231e-02,  6.8213e-02,  2.8675e-02],
          [ 2.6832e-02,  4.5101e-02, -5.4966e-03]]],


        [[[ 1.3626e-02,  3.2420e-02,  4.6933e-02],
          [-8.3537e-03,  1.5814e-03,  1.4451e-02],
          [-6.9705e-02, -5.3257e-02, -4.5462e-02]],

         [[ 4.3690e-02,  3.1520e-02,  3.2217e-02],
          [ 5.9161e-02,  5.3526e-02,  2.5098e-02],
          [ 2.7483e-02,  4.3755e-02,  4.8717e-03]],

         [[-3.5568e-02, -4.1184e-02, -2.6506e-02],
          [-5.3638e-03,  6.0807e-03,  7.4569e-03],
          [ 1.8375e-02,  8.7833e-03, -7.3406e-04]],

         ...,

         [[-1.9932e-02, -7.3295e-02, -9.2768e-02],
          [ 3.6053e-02,  1.1762e-02, -2.5858e-02],
          [ 9.9685e-02,  1.1962e-01,  6.1134e-02]],

         [[-5.1702e-03,  4.6794e-02, -8.8184e-03],
          [-2.7261e-02,  3.9042e-03, -1.1221e-02],
          [-6.6067e-02, -6.4376e-02, -2.7239e-02]],

         [[-6.5410e-03, -1.5832e-02, -3.7440e-02],
          [ 1.3475e-03, -4.3501e-03,  8.1509e-03],
          [ 2.7238e-02,  3.4991e-02,  3.3068e-02]]],


        ...,


        [[[-4.3400e-02, -6.4431e-02, -1.7618e-02],
          [-9.2983e-02, -5.8932e-02,  1.0782e-02],
          [-2.1980e-02,  3.2565e-02,  7.0562e-02]],

         [[-4.3199e-03, -1.1289e-03, -1.7024e-02],
          [ 1.2857e-02, -5.9449e-03, -1.2349e-02],
          [ 7.8925e-03, -8.5086e-03, -2.5789e-02]],

         [[-2.5299e-02, -4.8652e-02, -1.1289e-02],
          [-5.0097e-02, -4.4566e-02, -2.0844e-03],
          [-4.6519e-02, -2.1915e-02,  1.0957e-02]],

         ...,

         [[-4.8607e-03,  7.4223e-03, -7.7718e-03],
          [ 2.6301e-03,  6.1725e-03, -1.4462e-02],
          [-4.1018e-02, -3.8845e-02, -5.3025e-02]],

         [[-5.7664e-03, -7.9463e-03,  3.3410e-02],
          [-7.4250e-03, -4.7640e-02,  5.7784e-02],
          [ 1.8544e-02,  2.8730e-02,  8.0160e-02]],

         [[-3.1397e-02, -2.0486e-02,  2.3652e-03],
          [-4.3214e-02, -3.2158e-02, -1.3314e-02],
          [-8.4326e-03,  9.2869e-04,  2.9987e-02]]],


        [[[-4.8763e-02, -4.8285e-02, -5.1241e-02],
          [ 2.1812e-02, -1.4348e-02, -2.6314e-02],
          [ 1.8025e-02,  9.4724e-02,  1.0339e-01]],

         [[-4.2044e-02, -3.9265e-05,  7.9867e-03],
          [-4.0425e-02, -3.3024e-02, -3.5264e-02],
          [ 4.0713e-02,  7.1895e-02,  8.7981e-02]],

         [[ 1.6435e-02,  8.6647e-03,  1.5969e-02],
          [-3.2928e-02, -4.3591e-02, -2.2369e-02],
          [ 6.8745e-03, -1.9648e-02, -5.2657e-03]],

         ...,

         [[-2.9217e-03,  1.8273e-02,  1.2591e-02],
          [-2.2680e-03,  2.3984e-02,  2.4261e-02],
          [-2.5118e-02,  2.1817e-03, -4.1418e-03]],

         [[-1.0802e-02,  1.0493e-02,  9.1871e-03],
          [ 1.2518e-04, -1.8045e-02,  7.9101e-03],
          [ 4.2109e-02, -1.6008e-02,  2.6318e-02]],

         [[-1.4857e-02, -1.3258e-03, -3.2298e-03],
          [ 3.5790e-02,  4.3337e-02,  3.8441e-02],
          [-3.7846e-02, -3.1519e-02, -4.0477e-02]]],


        [[[-3.8682e-02, -2.1635e-03,  3.9162e-03],
          [-1.1373e-02,  1.0418e-02,  7.7571e-03],
          [-1.8827e-02, -8.5721e-03,  2.4365e-03]],

         [[ 2.2794e-04,  1.8984e-03, -6.9183e-03],
          [ 5.2817e-03,  1.5945e-02, -1.9614e-02],
          [ 7.5191e-03,  4.2385e-04,  9.6171e-05]],

         [[-1.7300e-02, -2.8739e-02,  1.3953e-02],
          [-2.3447e-02, -4.3766e-02,  1.0712e-02],
          [-2.2940e-03, -4.4818e-02,  7.7407e-03]],

         ...,

         [[-3.8472e-03, -1.0318e-02,  1.1548e-02],
          [-2.3245e-03, -6.1935e-03,  1.9534e-02],
          [ 9.1957e-04, -3.1402e-03,  1.1107e-02]],

         [[ 5.4695e-03,  1.9957e-02, -6.9605e-03],
          [-3.4332e-02,  2.7650e-02, -5.3245e-03],
          [-5.1176e-02, -1.0885e-02,  2.0301e-02]],

         [[-6.9515e-02,  5.2401e-02,  1.6626e-02],
          [ 2.8215e-02, -6.0938e-02,  4.8723e-02],
          [ 1.0670e-01, -4.2711e-02,  5.0134e-02]]]], device='cuda:0')), ('layer2.0.bn1.weight', tensor([0.3275, 0.3595, 0.2959, 0.2898, 0.3407, 0.3453, 0.3057, 0.3298, 0.3485,
        0.3861, 0.3187, 0.2627, 0.2982, 0.2215, 0.2415, 0.3742, 0.3564, 0.1964,
        0.3375, 0.2178, 0.3309, 0.3458, 0.3057, 0.3757, 0.3557, 0.3277, 0.3164,
        0.3306, 0.3837, 0.2554, 0.2979, 0.3476, 0.2815, 0.2977, 0.3463, 0.3444,
        0.3475, 0.3318, 0.3237, 0.3218, 0.2923, 0.3331, 0.3262, 0.3713, 0.3173,
        0.2997, 0.1633, 0.3239, 0.3297, 0.3425, 0.3685, 0.3316, 0.3341, 0.2959,
        0.3097, 0.3203, 0.3136, 0.2653, 0.3061, 0.3591, 0.2731, 0.3435, 0.3326,
        0.3263, 0.2701, 0.2853, 0.3329, 0.3332, 0.3163, 0.3019, 0.3310, 0.3203,
        0.3192, 0.3257, 0.3478, 0.3132, 0.2797, 0.2858, 0.3263, 0.3705, 0.3280,
        0.3587, 0.3341, 0.2914, 0.3261, 0.3244, 0.3339, 0.3459, 0.1853, 0.3918,
        0.3333, 0.2318, 0.3251, 0.3339, 0.2876, 0.3142, 0.3300, 0.2242, 0.3130,
        0.2996, 0.3406, 0.3175, 0.3190, 0.2949, 0.2869, 0.3170, 0.3103, 0.2622,
        0.3353, 0.3315, 0.3344, 0.2953, 0.4057, 0.2200, 0.2984, 0.4006, 0.3078,
        0.3164, 0.2912, 0.2938, 0.3059, 0.3600, 0.3204, 0.3315, 0.3463, 0.3077,
        0.3322, 0.3329], device='cuda:0')), ('layer2.0.bn1.bias', tensor([-0.0571, -0.1697, -0.0214,  0.0026, -0.0971, -0.1048,  0.0342, -0.0891,
        -0.2011, -0.1790, -0.1207, -0.0361, -0.0769,  0.2097, -0.0416, -0.1817,
        -0.1077,  0.3004, -0.0520,  0.2052, -0.0952, -0.1416, -0.1334, -0.1203,
        -0.0994, -0.0337, -0.1127, -0.0476, -0.1073,  0.1588, -0.1118, -0.1578,
         0.0955, -0.0417, -0.1373, -0.1213, -0.0972, -0.0486, -0.0825, -0.0704,
        -0.0832, -0.2464, -0.3353, -0.2132, -0.0692, -0.0619,  0.4961, -0.0807,
        -0.1021, -0.0776, -0.1809, -0.1042, -0.1074, -0.0619, -0.0871, -0.0522,
        -0.0384,  0.0041, -0.0511, -0.2415,  0.0025, -0.1521, -0.0948, -0.0534,
        -0.0480,  0.0905, -0.1031, -0.0896, -0.1106, -0.0350, -0.0995, -0.1621,
        -0.0907, -0.0918, -0.1268, -0.0819, -0.0198, -0.0221, -0.0060, -0.2081,
        -0.1446, -0.1380, -0.1331, -0.0573, -0.1867, -0.1183, -0.0306, -0.1172,
         0.2284, -0.2068, -0.1347,  0.1381, -0.0917, -0.1278,  0.0101, -0.1080,
        -0.1022,  0.1537, -0.0942, -0.0656, -0.1226, -0.0456, -0.0702, -0.0475,
         0.0733, -0.0510, -0.0344, -0.0405, -0.0951, -0.1480, -0.1123, -0.0202,
        -0.1943,  0.2484,  0.0294, -0.1315, -0.0480, -0.0876, -0.0405, -0.0416,
        -0.0459, -0.1437, -0.0959, -0.1103, -0.1279, -0.1215, -0.0988, -0.0982],
       device='cuda:0')), ('layer2.0.bn1.running_mean', tensor([ 0.0948,  0.2989, -0.1641, -0.0949, -0.4570, -0.7354, -0.0278, -0.0642,
        -0.4264,  0.0060,  0.1694, -0.9426, -0.2768, -0.1612, -0.4280, -0.3234,
         0.1021, -1.3967,  0.3542, -0.0614, -0.4694, -0.3927,  0.3632, -0.7547,
         0.0492, -0.5227, -0.3319, -0.0510, -0.3257,  0.9485,  0.0926, -0.0312,
        -1.4777,  0.2111,  0.0290, -0.6544,  0.6030, -0.0678, -0.5763, -0.6998,
        -0.5094,  0.3720, -0.5353, -0.8194, -1.2578, -0.1455, -0.8329, -0.9060,
        -0.5357, -0.2564, -0.4489, -0.5241, -0.5680, -0.9797, -0.9252, -0.6025,
        -0.1300, -0.2377, -0.1117, -1.1205,  0.2068, -0.3258, -0.2166, -0.6318,
        -0.8344,  0.3183,  0.2298,  0.3744,  0.0794, -0.6536, -0.8184,  0.5584,
        -0.2891,  0.0232, -0.7086, -0.2237, -0.7709, -1.1054,  0.0222, -0.5970,
        -0.6664,  0.0623,  0.0548,  0.0334, -1.1660,  0.2541, -0.6624, -0.2318,
         0.7509, -0.6661, -0.3539,  0.3249, -0.5634, -0.6286,  0.0365, -0.4123,
        -0.2722, -1.2656, -0.3466, -0.2165,  0.3065, -0.0134, -0.1852, -0.6946,
        -0.0555, -0.4564, -0.0291,  0.1425, -0.5051, -0.3455, -0.1989, -0.2960,
        -0.2874, -0.4683, -0.5702, -0.3114, -0.0292, -0.1684, -0.5150, -0.3346,
         0.6892, -0.4232,  0.0849, -0.3917, -0.2408, -1.2056, -0.1644, -0.3536],
       device='cuda:0')), ('layer2.0.bn1.running_var', tensor([0.6200, 0.5248, 1.0053, 1.3407, 0.8021, 0.5813, 0.7769, 0.7505, 0.3920,
        0.6170, 0.4984, 0.7158, 0.6549, 0.5712, 0.5672, 0.6525, 0.7261, 0.4035,
        0.7545, 0.5768, 0.7078, 0.7403, 0.4867, 0.8825, 0.9651, 0.9123, 0.5979,
        0.8177, 1.0478, 0.6336, 0.5068, 0.5255, 0.8115, 0.4571, 0.6456, 0.6441,
        0.6426, 0.6299, 0.6558, 0.7330, 0.5253, 0.2591, 0.1664, 0.6043, 0.8538,
        0.7969, 0.4746, 0.6474, 0.8256, 0.7673, 0.5364, 0.7195, 0.6036, 0.7519,
        0.8020, 0.7157, 1.2098, 0.8392, 0.9447, 0.4145, 0.7987, 0.5549, 0.6725,
        1.3144, 0.6371, 0.8985, 0.7870, 0.6788, 0.5068, 0.6831, 0.7637, 0.5348,
        0.5619, 0.8329, 0.7246, 0.7583, 0.6550, 0.7540, 0.9269, 0.6208, 0.7238,
        0.6529, 0.7023, 0.6154, 0.3654, 0.4995, 0.8206, 0.6246, 0.4069, 0.7235,
        0.4922, 0.8955, 0.5624, 0.6375, 1.3224, 0.7739, 0.6011, 0.4282, 0.7329,
        0.6152, 0.8103, 0.7189, 0.6389, 0.9092, 1.3016, 0.6780, 0.6788, 0.4799,
        0.7284, 0.7316, 0.3862, 0.7308, 0.5495, 0.7760, 0.7650, 1.0785, 0.6241,
        0.7262, 0.8553, 0.7977, 0.7851, 0.8495, 0.4146, 0.7867, 0.5849, 0.5230,
        0.6980, 0.7047], device='cuda:0')), ('layer2.0.bn1.num_batches_tracked', tensor(575, device='cuda:0')), ('layer2.0.conv2.weight', tensor([[[[-0.0060, -0.0080,  0.0042],
          [-0.0127,  0.0256,  0.0449],
          [-0.0293,  0.0058,  0.0123]],

         [[ 0.0368,  0.0263,  0.0106],
          [ 0.0045,  0.0172,  0.0292],
          [ 0.0362,  0.0322,  0.0147]],

         [[ 0.0182, -0.0244, -0.0379],
          [-0.0215, -0.0219, -0.0625],
          [-0.0241, -0.0109,  0.0001]],

         ...,

         [[-0.0029,  0.0116, -0.0048],
          [ 0.0164,  0.0127, -0.0035],
          [ 0.0094,  0.0010,  0.0002]],

         [[ 0.0093,  0.0107,  0.0065],
          [-0.0081, -0.0061, -0.0085],
          [-0.0069,  0.0177,  0.0113]],

         [[ 0.0145, -0.0244, -0.0146],
          [ 0.0274,  0.0236, -0.0195],
          [ 0.0146,  0.0015, -0.0037]]],


        [[[ 0.0129,  0.0160, -0.0032],
          [-0.0172, -0.0152,  0.0348],
          [-0.0038,  0.0224,  0.0172]],

         [[-0.0060, -0.0204, -0.0122],
          [-0.0068,  0.0407,  0.0099],
          [ 0.0274,  0.0140,  0.0142]],

         [[-0.0201, -0.0198,  0.0232],
          [-0.0237, -0.0525, -0.0676],
          [ 0.0218,  0.0550,  0.0242]],

         ...,

         [[-0.0254, -0.0389, -0.0383],
          [-0.0622, -0.0753, -0.0967],
          [-0.0590, -0.0792, -0.0770]],

         [[ 0.0281,  0.0270,  0.0269],
          [ 0.0068,  0.0489,  0.0149],
          [-0.0069,  0.0207,  0.0081]],

         [[ 0.0033, -0.0207, -0.0066],
          [-0.0062, -0.0237, -0.0569],
          [-0.0087, -0.0004, -0.0421]]],


        [[[ 0.0083,  0.0089, -0.0071],
          [ 0.0211, -0.0921, -0.0767],
          [-0.0074, -0.0508, -0.0061]],

         [[ 0.0165,  0.0171, -0.0505],
          [ 0.0111,  0.0107, -0.0402],
          [ 0.0910,  0.0656,  0.0426]],

         [[-0.0162, -0.0095,  0.0070],
          [ 0.0102, -0.0153,  0.0051],
          [ 0.0205, -0.0043,  0.0089]],

         ...,

         [[ 0.0013,  0.0253, -0.0280],
          [-0.0143,  0.0091, -0.0527],
          [-0.0323, -0.0366, -0.0478]],

         [[-0.0045,  0.0083, -0.0026],
          [-0.0100, -0.0501,  0.0428],
          [-0.0756, -0.0073, -0.0088]],

         [[ 0.0107, -0.0146,  0.0359],
          [ 0.0131,  0.0489,  0.0247],
          [ 0.0201, -0.0122,  0.0346]]],


        ...,


        [[[ 0.0270,  0.0030,  0.0102],
          [ 0.0692, -0.0302,  0.0017],
          [ 0.0280,  0.0086,  0.0495]],

         [[-0.0231, -0.0234, -0.0517],
          [-0.0223, -0.0501, -0.0161],
          [-0.0138, -0.0435, -0.0106]],

         [[-0.0366,  0.0349,  0.0345],
          [ 0.0167,  0.0472, -0.0260],
          [ 0.0176,  0.0353,  0.0094]],

         ...,

         [[ 0.0093, -0.0183,  0.0035],
          [-0.0201,  0.0824,  0.0134],
          [-0.0207, -0.0019,  0.0496]],

         [[-0.0265, -0.0276, -0.0369],
          [-0.0300, -0.0958, -0.0545],
          [-0.0145,  0.0076, -0.0216]],

         [[ 0.0056, -0.0346, -0.0268],
          [-0.0152, -0.0259, -0.0066],
          [ 0.0068,  0.0023, -0.0169]]],


        [[[ 0.0308,  0.0312,  0.0081],
          [ 0.0379, -0.0089,  0.0229],
          [ 0.0086, -0.0261, -0.0224]],

         [[ 0.0157,  0.0227, -0.0205],
          [ 0.0008,  0.0086,  0.0069],
          [ 0.0199,  0.0419,  0.0090]],

         [[-0.0218,  0.0251,  0.0059],
          [-0.0290,  0.0603,  0.0178],
          [-0.0891, -0.0831, -0.0336]],

         ...,

         [[-0.0055, -0.0201,  0.0013],
          [ 0.0080, -0.0357, -0.0231],
          [-0.0077, -0.0575, -0.0504]],

         [[ 0.0028,  0.0031,  0.0173],
          [-0.0136, -0.0084,  0.0090],
          [ 0.0195,  0.0095,  0.0026]],

         [[ 0.0015,  0.0003,  0.0108],
          [-0.0046, -0.0100,  0.0124],
          [-0.0069, -0.0057, -0.0173]]],


        [[[-0.0077,  0.0132, -0.0402],
          [ 0.0023, -0.0465, -0.1359],
          [-0.0079, -0.0014, -0.0470]],

         [[ 0.0081,  0.0540,  0.0402],
          [-0.0114,  0.0874,  0.0107],
          [ 0.0028, -0.0192, -0.0818]],

         [[-0.0233,  0.0210,  0.0224],
          [ 0.0100,  0.0232,  0.0171],
          [ 0.0007,  0.0291,  0.0137]],

         ...,

         [[-0.0098,  0.0208, -0.0138],
          [-0.0084, -0.0185, -0.0003],
          [ 0.0092, -0.0169, -0.0019]],

         [[ 0.0285, -0.0100, -0.0636],
          [-0.0213, -0.0926, -0.0526],
          [-0.0171, -0.0097, -0.0015]],

         [[-0.0237, -0.0860,  0.0263],
          [ 0.0105,  0.0395,  0.1406],
          [ 0.0135, -0.0090,  0.0013]]]], device='cuda:0')), ('layer2.0.bn2.weight', tensor([0.1462, 0.3266, 0.3112, 0.2525, 0.4069, 0.3947, 0.4434, 0.3120, 0.3407,
        0.2156, 0.2140, 0.3820, 0.1967, 0.2683, 0.1683, 0.2456, 0.3239, 0.3669,
        0.3911, 0.3247, 0.3878, 0.4694, 0.2000, 0.4725, 0.1685, 0.3936, 0.3050,
        0.1922, 0.2157, 0.2125, 0.4208, 0.3687, 0.2437, 0.2212, 0.3339, 0.3243,
        0.2663, 0.3561, 0.2578, 0.4036, 0.4476, 0.3637, 0.2624, 0.1863, 0.1377,
        0.2973, 0.1932, 0.3057, 0.3990, 0.4074, 0.1854, 0.4498, 0.3353, 0.1622,
        0.3589, 0.1656, 0.2908, 0.1339, 0.4471, 0.2695, 0.4820, 0.3389, 0.4773,
        0.3163, 0.5978, 0.4643, 0.5237, 0.2966, 0.2991, 0.4614, 0.2578, 0.4227,
        0.4656, 0.4234, 0.3341, 0.2681, 0.4051, 0.3592, 0.1770, 0.3839, 0.2801,
        0.3855, 0.3297, 0.2158, 0.3334, 0.1408, 0.2780, 0.4859, 0.3180, 0.4190,
        0.1572, 0.4873, 0.3294, 0.3414, 0.1608, 0.4858, 0.2654, 0.1601, 0.3208,
        0.4218, 0.3640, 0.1875, 0.3394, 0.3623, 0.1771, 0.3545, 0.2858, 0.2450,
        0.4484, 0.3019, 0.4012, 0.6143, 0.2831, 0.4890, 0.1501, 0.6031, 0.3560,
        0.4727, 0.3711, 0.2418, 0.5337, 0.1544, 0.3244, 0.4376, 0.3230, 0.4315,
        0.1506, 0.3700], device='cuda:0')), ('layer2.0.bn2.bias', tensor([ 0.0234,  0.0613,  0.1306, -0.1099, -0.0472, -0.1357, -0.0540,  0.0491,
        -0.0602,  0.0956,  0.0011, -0.0298, -0.0538,  0.0137,  0.0430,  0.0080,
         0.0545, -0.0320, -0.0219,  0.0132, -0.2160, -0.1179,  0.0525, -0.1134,
         0.1107,  0.0354,  0.0129,  0.0183,  0.0794,  0.1337,  0.0097,  0.0450,
         0.1054,  0.0519, -0.0560, -0.1142,  0.1036, -0.1575,  0.0108,  0.1187,
         0.0164,  0.0903, -0.0646,  0.0966,  0.1067,  0.0528,  0.0340,  0.0288,
        -0.0052, -0.0608, -0.0172, -0.1638,  0.1223,  0.0831,  0.0633,  0.0973,
         0.0223,  0.0447, -0.1175,  0.0239, -0.2177,  0.0107, -0.1888,  0.0486,
        -0.0845,  0.0598, -0.0320,  0.0491,  0.0554, -0.1672,  0.0099, -0.0310,
        -0.1393,  0.0129,  0.0468,  0.1198, -0.1272,  0.0483,  0.0416, -0.0625,
         0.0006, -0.0149,  0.0914,  0.1352, -0.0322,  0.0551,  0.0871, -0.0512,
         0.0221, -0.0119,  0.1339, -0.2605,  0.0112, -0.0581,  0.0373, -0.0721,
         0.0896,  0.1596, -0.1097,  0.1013, -0.0544,  0.0841, -0.0693, -0.0815,
        -0.0239,  0.0535,  0.1260,  0.1396, -0.0586, -0.0611, -0.0737, -0.1182,
         0.0682, -0.1615,  0.0412, -0.2781, -0.1011, -0.0677, -0.0766,  0.0390,
        -0.0257,  0.0904, -0.0161, -0.0191,  0.0313, -0.0381,  0.0457, -0.1390],
       device='cuda:0')), ('layer2.0.bn2.running_mean', tensor([-0.4353, -0.1523, -0.3724, -0.0604, -0.2481, -0.1320, -0.5912, -0.1177,
        -0.3333, -0.0118, -0.0140, -0.1513,  0.0810, -0.1511, -0.1744, -0.4234,
        -0.4579, -0.0446,  0.5200,  0.0393, -0.2997, -0.1822, -0.2842, -0.0449,
         0.1027, -0.2217, -0.1555,  0.0991,  0.1412, -0.3504, -0.2841, -0.1513,
        -0.2718, -0.1019, -0.4125, -0.1134,  0.2845, -0.1211, -0.1611, -0.2094,
        -0.9472, -1.1683, -0.0111, -0.0522,  0.1921, -0.2496,  0.1030, -0.3889,
        -0.2376, -0.1982, -0.2981, -0.0391,  0.0439, -0.3312, -0.3401, -0.2153,
        -0.1374, -0.3896, -0.1098,  0.1754, -0.3956, -0.2213, -0.1335, -0.0504,
        -0.5070, -0.2512, -0.4779, -0.0130, -0.4382, -0.1125,  0.0319, -0.1076,
        -0.1033, -0.1319, -0.5164,  0.0244, -0.1313, -0.2726, -0.1484, -0.0890,
        -0.6458, -0.3444, -0.0316, -0.8673, -0.0535, -0.2098, -0.0574, -0.1994,
        -0.2174, -0.4626, -0.4681,  0.2737, -0.1500, -0.2464, -0.2399, -0.3421,
        -0.0128, -0.1728, -0.0705, -0.6675,  0.0082, -0.2427, -0.4008, -0.1309,
        -0.0191, -0.3193,  0.1450, -0.1675, -0.2592, -0.0291, -0.0256, -1.0078,
         0.1203, -0.1418, -0.3064, -0.9482, -0.1896, -0.0204,  0.1299, -0.3743,
        -0.4734,  0.0774, -0.2347, -0.4005, -0.0417, -0.1910, -0.0635, -0.0977],
       device='cuda:0')), ('layer2.0.bn2.running_var', tensor([0.0455, 0.0526, 0.0615, 0.0336, 0.0896, 0.0549, 0.0545, 0.1032, 0.0457,
        0.0880, 0.0479, 0.0872, 0.0336, 0.0499, 0.0467, 0.0460, 0.0879, 0.0868,
        0.1587, 0.0630, 0.0507, 0.0896, 0.0542, 0.0809, 0.0522, 0.0970, 0.0594,
        0.0469, 0.0462, 0.0675, 0.0942, 0.0849, 0.0609, 0.0705, 0.0683, 0.0337,
        0.1085, 0.0379, 0.0469, 0.2411, 0.1640, 0.1419, 0.0323, 0.0452, 0.0344,
        0.1031, 0.0411, 0.1074, 0.0853, 0.0807, 0.0356, 0.0652, 0.1112, 0.0455,
        0.1174, 0.0605, 0.0520, 0.0355, 0.0738, 0.0745, 0.0443, 0.0698, 0.0687,
        0.0682, 0.1443, 0.1223, 0.1697, 0.0658, 0.0691, 0.0541, 0.0678, 0.0609,
        0.0663, 0.1076, 0.1237, 0.0873, 0.0692, 0.0965, 0.0354, 0.0764, 0.0508,
        0.0808, 0.0722, 0.0703, 0.0606, 0.0663, 0.0653, 0.1062, 0.0575, 0.0838,
        0.0389, 0.0630, 0.0482, 0.0695, 0.0218, 0.0846, 0.0743, 0.0434, 0.0389,
        0.2281, 0.0800, 0.0844, 0.0533, 0.0580, 0.0245, 0.0744, 0.1266, 0.0595,
        0.0795, 0.0452, 0.0526, 0.1513, 0.0965, 0.0616, 0.0475, 0.0979, 0.0671,
        0.0748, 0.0457, 0.0501, 0.1536, 0.0752, 0.0415, 0.0955, 0.0489, 0.0576,
        0.0491, 0.0492], device='cuda:0')), ('layer2.0.bn2.num_batches_tracked', tensor(575, device='cuda:0')), ('layer2.0.downsample.0.weight', tensor([[[[ 1.6084e-02]],

         [[-3.1515e-01]],

         [[ 1.6563e-02]],

         ...,

         [[-1.6550e-01]],

         [[ 1.3058e-02]],

         [[ 1.7835e-02]]],


        [[[ 4.5536e-03]],

         [[ 3.1738e-03]],

         [[-1.0356e-02]],

         ...,

         [[-2.2476e-02]],

         [[-7.2267e-02]],

         [[-1.4823e-02]]],


        [[[-3.9222e-02]],

         [[ 5.7341e-03]],

         [[-1.6297e-01]],

         ...,

         [[ 3.2671e-02]],

         [[-2.1212e-02]],

         [[ 6.5392e-02]]],


        ...,


        [[[-2.9891e-02]],

         [[ 4.5238e-02]],

         [[-5.1584e-02]],

         ...,

         [[-4.6085e-02]],

         [[ 5.3673e-02]],

         [[ 5.9175e-02]]],


        [[[-7.4817e-03]],

         [[-1.4276e-02]],

         [[ 5.7040e-02]],

         ...,

         [[ 7.7899e-01]],

         [[ 3.5850e-04]],

         [[-2.7563e-02]]],


        [[[-3.1011e-02]],

         [[-1.4062e-02]],

         [[-4.9197e-02]],

         ...,

         [[ 2.4283e-02]],

         [[-6.5545e-02]],

         [[ 2.6560e-02]]]], device='cuda:0')), ('layer2.0.downsample.1.weight', tensor([ 3.3354e-01,  5.8080e-02,  6.9849e-02,  3.4436e-01,  1.7482e-01,
         1.5228e-01,  1.5515e-01,  3.0989e-01,  1.9327e-01,  1.5525e-01,
         3.0755e-01,  2.2271e-01,  3.6900e-01,  1.7198e-01,  3.0439e-01,
         2.5996e-01,  1.5722e-01,  1.9885e-01,  2.9255e-01,  9.6693e-02,
         5.8391e-01,  7.0528e-02,  2.5542e-01,  9.3301e-02,  2.4719e-01,
         5.0807e-02,  2.4680e-01,  2.7584e-01,  3.0968e-01,  3.0289e-01,
         1.7904e-01,  6.8829e-02,  2.2395e-01,  3.7551e-01,  4.6583e-01,
         3.2992e-01,  1.0267e-01,  3.3949e-01,  2.3121e-01,  1.5192e-01,
         1.7448e-01,  2.2741e-01,  2.6547e-01,  1.8060e-01,  2.9032e-01,
         2.5975e-01,  2.2618e-01,  1.4221e-01,  6.4932e-02,  2.8062e-01,
         3.4303e-01,  2.0130e-01,  6.9916e-02,  2.7288e-01,  1.1440e-01,
         2.9419e-01,  2.3500e-01,  2.6589e-01,  9.3575e-02,  2.5895e-01,
         1.3099e-01,  2.2647e-01,  1.9661e-01,  5.6549e-02,  7.1420e-02,
         5.1709e-02,  1.0294e-01,  8.6355e-02,  1.1765e-01,  9.7181e-02,
         1.8664e-01,  1.6297e-01,  1.3338e-01,  1.0724e-01,  1.3201e-01,
         8.9377e-02,  7.8965e-02,  4.8537e-02,  3.0159e-01,  2.3312e-01,
         2.9275e-01,  1.2934e-01,  7.8175e-02,  2.2682e-01,  2.3998e-01,
         3.3873e-01,  9.1813e-02,  1.9223e-01,  1.2211e-01,  1.3999e-01,
         2.9621e-01,  2.3882e-01,  1.6989e-01,  1.3389e-01,  2.6912e-01,
         1.4865e-01,  7.3368e-02,  1.6466e-01,  1.7689e-01,  1.7196e-01,
         2.2875e-01,  3.7734e-01,  2.1144e-01,  1.9212e-01,  4.0145e-01,
         1.7255e-01,  5.7213e-02,  7.4225e-02,  6.7657e-02,  1.9386e-01,
         1.3773e-01,  1.0975e-01,  3.1028e-01,  1.2450e-01,  3.4499e-01,
         1.6245e-01,  3.6434e-01,  1.5340e-01,  7.3664e-02,  2.0887e-01,
         3.9941e-02,  2.5777e-01,  1.4082e-01, -2.0253e-04,  1.9251e-01,
         1.2642e-01,  3.0984e-01,  1.6596e-01], device='cuda:0')), ('layer2.0.downsample.1.bias', tensor([ 0.0234,  0.0613,  0.1306, -0.1099, -0.0472, -0.1357, -0.0540,  0.0491,
        -0.0602,  0.0956,  0.0011, -0.0298, -0.0538,  0.0137,  0.0430,  0.0080,
         0.0545, -0.0320, -0.0219,  0.0132, -0.2160, -0.1179,  0.0525, -0.1134,
         0.1107,  0.0354,  0.0129,  0.0183,  0.0794,  0.1337,  0.0097,  0.0450,
         0.1054,  0.0519, -0.0560, -0.1142,  0.1036, -0.1575,  0.0108,  0.1187,
         0.0164,  0.0903, -0.0646,  0.0966,  0.1067,  0.0528,  0.0340,  0.0288,
        -0.0052, -0.0608, -0.0172, -0.1638,  0.1223,  0.0831,  0.0633,  0.0973,
         0.0223,  0.0447, -0.1175,  0.0239, -0.2177,  0.0107, -0.1888,  0.0486,
        -0.0845,  0.0598, -0.0320,  0.0491,  0.0554, -0.1672,  0.0099, -0.0310,
        -0.1393,  0.0129,  0.0468,  0.1198, -0.1272,  0.0483,  0.0416, -0.0625,
         0.0006, -0.0149,  0.0914,  0.1352, -0.0322,  0.0551,  0.0871, -0.0512,
         0.0221, -0.0119,  0.1339, -0.2605,  0.0112, -0.0581,  0.0373, -0.0721,
         0.0896,  0.1596, -0.1097,  0.1013, -0.0544,  0.0841, -0.0693, -0.0815,
        -0.0239,  0.0535,  0.1260,  0.1396, -0.0586, -0.0611, -0.0737, -0.1182,
         0.0682, -0.1615,  0.0412, -0.2781, -0.1011, -0.0677, -0.0766,  0.0390,
        -0.0257,  0.0904, -0.0161, -0.0191,  0.0313, -0.0381,  0.0457, -0.1390],
       device='cuda:0')), ('layer2.0.downsample.1.running_mean', tensor([-2.1338e-01,  1.5833e-01,  3.4428e-03,  9.2632e-02, -5.8885e-02,
        -2.7386e-01,  2.5085e-01, -1.9502e-01,  3.2062e-02, -1.4007e-01,
        -2.5866e-01, -4.5436e-01, -3.9111e-01, -1.5196e-01,  4.0299e-02,
        -2.1301e-01, -6.3178e-02,  2.2415e-01,  7.2423e-02,  2.1437e-04,
        -1.8119e-01, -1.7873e-01, -7.3437e-01, -2.1217e-01,  6.7681e-02,
         1.5499e-01, -3.4438e-01, -2.1980e-01,  2.3699e-01, -8.3504e-01,
        -8.0210e-02, -9.5162e-02, -9.8992e-01, -2.5620e-01, -5.4974e-02,
        -4.1106e-01,  2.5798e-01,  1.9852e-01, -6.2780e-02,  3.2026e-01,
        -4.2221e-01,  2.0370e-01, -1.1705e-01, -2.9768e-01, -2.7352e-01,
        -3.1140e-02, -2.4493e-01, -1.9708e-01,  2.2416e-02, -2.8190e-01,
         2.1060e-01, -5.6013e-01,  4.4180e-02,  1.8964e-01, -3.4182e-02,
        -2.6784e-01,  7.6682e-02,  4.9927e-01,  4.7067e-02,  5.6715e-02,
         1.2461e-01, -4.0025e-01, -1.2805e-01,  5.8264e-02, -7.2491e-02,
         1.6348e-01, -3.2674e-01, -1.0888e-01, -1.1989e-01,  2.2991e-01,
        -3.0428e-01,  3.5384e-01,  1.8038e-01, -8.6841e-02, -5.8766e-01,
        -1.4754e-01, -2.8626e-01,  2.8559e-01,  3.3668e-01, -1.1297e-01,
         3.8122e-01, -2.6982e-01, -2.2190e-01, -1.9889e-01, -2.7020e-01,
        -6.5767e-02,  3.3346e-02, -4.5906e-02,  4.1869e-01,  9.7550e-02,
        -3.8999e-01,  2.4554e-01,  2.5023e-01,  9.7431e-02, -2.5165e-01,
        -1.1034e-01, -2.0294e-01, -4.5335e-01, -1.0432e-01,  2.1097e-01,
        -1.6626e-01, -1.4209e-01,  2.5403e-01, -2.8098e-01, -2.8169e-01,
        -5.3198e-01,  1.7645e-01,  1.0749e-01, -1.8230e-01, -1.5011e-01,
        -7.6970e-02, -3.7211e-01, -4.7688e-01, -1.2222e-01, -1.6910e-01,
         7.1915e-01, -2.5768e-01, -1.2304e-02,  6.6105e-02,  5.0100e-03,
         5.1213e-02,  1.0151e+00,  7.6454e-02,  5.7443e-02, -7.8770e-01,
        -1.6378e-01,  1.3074e+00, -2.9442e-01], device='cuda:0')), ('layer2.0.downsample.1.running_var', tensor([0.1906, 0.0171, 0.0278, 0.0720, 0.0734, 0.0414, 0.0308, 0.2031, 0.0494,
        0.0823, 0.1062, 0.1067, 0.1172, 0.0612, 0.1326, 0.0881, 0.0673, 0.0914,
        0.1384, 0.0270, 0.1425, 0.0144, 0.0881, 0.0219, 0.1197, 0.0091, 0.1207,
        0.1211, 0.1306, 0.1485, 0.0777, 0.0200, 0.0694, 0.2385, 0.1238, 0.0586,
        0.0453, 0.0552, 0.1266, 0.1079, 0.0860, 0.1208, 0.0710, 0.0682, 0.1361,
        0.1501, 0.0940, 0.0755, 0.0149, 0.1033, 0.1078, 0.0607, 0.0277, 0.0934,
        0.0450, 0.1385, 0.0791, 0.1032, 0.0216, 0.1436, 0.0126, 0.0770, 0.0557,
        0.0234, 0.0150, 0.0112, 0.0336, 0.0192, 0.0629, 0.0182, 0.0688, 0.0586,
        0.0329, 0.0301, 0.0546, 0.0373, 0.0176, 0.0175, 0.0862, 0.0996, 0.0871,
        0.0341, 0.0255, 0.1157, 0.0716, 0.2252, 0.0252, 0.0627, 0.0376, 0.0357,
        0.1775, 0.0645, 0.0376, 0.0496, 0.0725, 0.0470, 0.0275, 0.0559, 0.0370,
        0.1063, 0.1091, 0.2900, 0.0482, 0.0551, 0.1072, 0.0594, 0.0334, 0.0415,
        0.0202, 0.0621, 0.0314, 0.0399, 0.2020, 0.0243, 0.1939, 0.0356, 0.1443,
        0.0466, 0.0168, 0.0696, 0.0145, 0.2385, 0.0295, 0.0059, 0.0475, 0.0323,
        0.1325, 0.0470], device='cuda:0')), ('layer2.0.downsample.1.num_batches_tracked', tensor(575, device='cuda:0')), ('layer2.1.conv1.weight', tensor([[[[-0.0007, -0.0059, -0.0054],
          [ 0.0270,  0.0055,  0.0087],
          [ 0.0120, -0.0125,  0.0054]],

         [[-0.0227, -0.0012, -0.0139],
          [-0.0163,  0.0113,  0.0075],
          [ 0.0136, -0.0044, -0.0097]],

         [[-0.0018,  0.0321,  0.0248],
          [-0.0606, -0.0223,  0.0068],
          [ 0.0404, -0.1008, -0.0566]],

         ...,

         [[-0.0057,  0.0137,  0.0213],
          [-0.0171, -0.0400,  0.0120],
          [-0.0045, -0.0081,  0.0367]],

         [[-0.0152, -0.0278, -0.0134],
          [ 0.0294,  0.0220,  0.0027],
          [-0.0036, -0.0048, -0.0032]],

         [[ 0.0053,  0.0183,  0.0386],
          [ 0.0064,  0.0439,  0.0221],
          [-0.0091, -0.0229,  0.0009]]],


        [[[ 0.0834,  0.0809, -0.0535],
          [ 0.0355, -0.0034, -0.1012],
          [-0.0642, -0.1264, -0.1290]],

         [[-0.0003, -0.0159,  0.0054],
          [-0.0248, -0.0312,  0.0123],
          [ 0.0132,  0.0184,  0.0608]],

         [[ 0.0220,  0.0086,  0.0183],
          [-0.0192, -0.0056,  0.0297],
          [-0.0167, -0.0168,  0.0132]],

         ...,

         [[-0.0376, -0.0202, -0.0068],
          [-0.0334,  0.0133,  0.0172],
          [ 0.0024,  0.0102,  0.0087]],

         [[-0.0434, -0.0134,  0.0121],
          [-0.0415, -0.0177,  0.0281],
          [-0.0048, -0.0102,  0.0075]],

         [[ 0.0058,  0.0122,  0.0023],
          [ 0.0131, -0.0160, -0.0103],
          [-0.0201,  0.0034,  0.0033]]],


        [[[-0.0174, -0.0058,  0.0011],
          [-0.0036,  0.0073,  0.0086],
          [-0.0153,  0.0287,  0.0030]],

         [[ 0.0020,  0.0072,  0.0281],
          [-0.0085,  0.0025, -0.0045],
          [ 0.0293,  0.0013, -0.0036]],

         [[-0.0378,  0.0021,  0.1370],
          [-0.0450, -0.0042,  0.0782],
          [-0.0546, -0.0062,  0.0248]],

         ...,

         [[ 0.0378,  0.0074, -0.0423],
          [-0.0089, -0.0926, -0.0065],
          [-0.0257, -0.0016,  0.0701]],

         [[ 0.0159,  0.0021, -0.0131],
          [-0.0213, -0.0332, -0.0311],
          [-0.0209, -0.0036, -0.0006]],

         [[-0.0111, -0.0009, -0.0158],
          [-0.0333, -0.0494, -0.0351],
          [-0.0200, -0.0054, -0.0084]]],


        ...,


        [[[ 0.0372,  0.0224,  0.0101],
          [-0.0085,  0.0007,  0.0061],
          [-0.0217, -0.0123,  0.0165]],

         [[-0.0022, -0.0111, -0.0036],
          [ 0.0204,  0.0219,  0.0036],
          [-0.0626, -0.0444, -0.0474]],

         [[ 0.0012,  0.0045,  0.0070],
          [-0.0151,  0.0068, -0.0240],
          [ 0.0680,  0.0621, -0.0103]],

         ...,

         [[ 0.0229,  0.0215,  0.0411],
          [ 0.0085,  0.0035,  0.0198],
          [ 0.0154,  0.0634, -0.0210]],

         [[-0.0280, -0.0347, -0.0250],
          [ 0.0090, -0.0235, -0.0098],
          [ 0.0053,  0.0693, -0.0125]],

         [[ 0.0052, -0.0431, -0.0124],
          [ 0.0293, -0.0699, -0.0653],
          [ 0.0509,  0.0298, -0.0182]]],


        [[[-0.0228,  0.0345,  0.0087],
          [-0.0071,  0.0334, -0.0021],
          [ 0.0182,  0.0077, -0.0029]],

         [[-0.0427, -0.0691, -0.0484],
          [-0.0075,  0.0106, -0.0291],
          [-0.0268, -0.0200, -0.0062]],

         [[-0.0711, -0.0646,  0.0246],
          [ 0.0483,  0.0232,  0.0562],
          [-0.0003, -0.0015, -0.0074]],

         ...,

         [[-0.0290,  0.0136, -0.0314],
          [-0.0018,  0.0525,  0.0134],
          [-0.0239, -0.0112, -0.0349]],

         [[-0.0294,  0.0277, -0.0305],
          [ 0.0019, -0.0379,  0.0066],
          [ 0.0420,  0.0358,  0.0784]],

         [[-0.0265,  0.0527,  0.0155],
          [-0.0521, -0.0042,  0.0143],
          [-0.0176, -0.0289, -0.0167]]],


        [[[ 0.0325,  0.0486,  0.0357],
          [ 0.0226,  0.0078,  0.0022],
          [ 0.0154,  0.0101,  0.0328]],

         [[ 0.0080,  0.0253,  0.0406],
          [ 0.0198,  0.0450,  0.0085],
          [ 0.0055,  0.0501,  0.0063]],

         [[ 0.0117,  0.0161,  0.0360],
          [-0.0469,  0.0162, -0.0144],
          [ 0.0318,  0.0575, -0.0091]],

         ...,

         [[-0.0056,  0.0073,  0.0004],
          [ 0.0070,  0.0189,  0.0088],
          [-0.0166, -0.0416, -0.0052]],

         [[-0.0120, -0.0076, -0.0253],
          [-0.0107,  0.0627, -0.0039],
          [-0.0079,  0.0004, -0.0077]],

         [[ 0.0146,  0.0083,  0.0040],
          [-0.0057,  0.0227,  0.0142],
          [ 0.0168, -0.0079, -0.0159]]]], device='cuda:0')), ('layer2.1.bn1.weight', tensor([0.3331, 0.2940, 0.3231, 0.3392, 0.3015, 0.3034, 0.3047, 0.3566, 0.2875,
        0.3573, 0.2971, 0.3365, 0.2610, 0.3275, 0.3057, 0.4113, 0.3481, 0.4218,
        0.3046, 0.2553, 0.3376, 0.3233, 0.3352, 0.2702, 0.2846, 0.3970, 0.3159,
        0.3312, 0.3519, 0.3956, 0.2747, 0.3618, 0.1991, 0.2706, 0.3371, 0.2774,
        0.2520, 0.3821, 0.3274, 0.3267, 0.3685, 0.3400, 0.3653, 0.3387, 0.3076,
        0.3186, 0.3688, 0.2396, 0.3557, 0.3157, 0.3254, 0.3586, 0.3107, 0.3298,
        0.3918, 0.4392, 0.4531, 0.2978, 0.3055, 0.3387, 0.3301, 0.3203, 0.2394,
        0.3153, 0.2732, 0.3199, 0.3179, 0.3416, 0.3590, 0.2805, 0.3097, 0.3196,
        0.3146, 0.3898, 0.2579, 0.3459, 0.3269, 0.3690, 0.2599, 0.3735, 0.2557,
        0.2949, 0.3508, 0.3142, 0.2781, 0.2673, 0.2811, 0.4763, 0.3380, 0.2746,
        0.2942, 0.3230, 0.2474, 0.3147, 0.3515, 0.3147, 0.3387, 0.2802, 0.3543,
        0.2886, 0.2479, 0.2999, 0.3118, 0.3470, 0.3022, 0.3634, 0.2845, 0.2801,
        0.3220, 0.2758, 0.3334, 0.2451, 0.2938, 0.2805, 0.2657, 0.3179, 0.3507,
        0.2688, 0.2938, 0.2844, 0.3551, 0.4278, 0.3630, 0.3008, 0.2765, 0.4321,
        0.4061, 0.2686], device='cuda:0')), ('layer2.1.bn1.bias', tensor([-0.1728, -0.2308, -0.3389, -0.0849, -0.1920, -0.0647, -0.1890, -0.2810,
        -0.1674, -0.1821, -0.2646, -0.1982, -0.1143, -0.2438, -0.1685, -0.3074,
        -0.2693, -0.4034, -0.1953, -0.1378, -0.2488, -0.1222, -0.2020, -0.1896,
        -0.1024, -0.3457, -0.2257, -0.3247, -0.3051, -0.3267, -0.1545, -0.1962,
        -0.0663, -0.3286, -0.1404, -0.1527, -0.0975, -0.3247, -0.2240, -0.3455,
        -0.2278, -0.2274, -0.1816, -0.1552, -0.1740, -0.1538, -0.2927, -0.1659,
        -0.1973, -0.1531, -0.2195, -0.2273, -0.0887, -0.1574, -0.2407, -0.4817,
        -0.4441, -0.0999, -0.1639, -0.2146, -0.2251, -0.1967, -0.0454, -0.1726,
        -0.1183, -0.4782, -0.2131, -0.2301, -0.1810, -0.1604, -0.1924, -0.2030,
        -0.1964, -0.2726, -0.0412, -0.2184, -0.2755, -0.2646, -0.0984, -0.2947,
        -0.1435, -0.1471, -0.1894, -0.1277, -0.1840, -0.1137, -0.1317, -0.4182,
        -0.2318, -0.1368, -0.1176, -0.2112, -0.0951, -0.1686, -0.3831, -0.2525,
        -0.1591, -0.1922, -0.2404, -0.1651, -0.1140, -0.1499, -0.1204, -0.2352,
        -0.2024, -0.3814, -0.1482, -0.1199, -0.1275, -0.2035, -0.1833, -0.2229,
        -0.1280, -0.2546, -0.1425, -0.0731, -0.2228, -0.1498, -0.2919, -0.1175,
        -0.2191, -0.4873, -0.3654, -0.1442, -0.1232, -0.3751, -0.6701, -0.1554],
       device='cuda:0')), ('layer2.1.bn1.running_mean', tensor([-0.4208, -0.4896,  0.2174, -0.7412, -0.6838, -0.5918, -0.3775, -0.6828,
        -0.1961, -0.4144, -0.4405, -0.2988, -0.1391, -0.4741, -0.3387, -0.5727,
        -0.4015, -0.5298,  0.0814, -0.1939, -0.2607, -0.5218, -0.5014, -0.1891,
        -0.8596, -0.2868, -0.4211, -0.0990, -0.5025, -0.4999, -0.5338, -0.8186,
         0.6467, -0.2271, -0.0348, -0.4539, -0.6044, -0.4288, -0.3459,  0.6273,
        -0.3790, -0.5295, -0.2467, -0.4786, -0.4091, -0.2453, -0.3304,  0.0199,
        -0.4206, -0.4143, -0.3860, -0.3691, -0.1117, -0.3113, -0.6846, -0.5284,
        -1.0093, -0.1483, -0.0812, -0.5668, -0.5842, -0.2867, -0.0853, -0.4324,
        -0.0582,  0.3275, -0.5628, -0.2093, -0.2130,  0.3678, -0.3977, -0.1918,
        -0.5984, -0.2873, -0.1195, -0.4844,  0.0344, -0.4967,  0.0276, -0.3824,
        -0.2624,  0.0873, -0.0363, -0.8330, -0.0257, -0.3699, -0.1128, -0.4050,
        -0.2528,  1.0827, -0.4299, -0.1294, -0.1854, -0.2298,  0.1435, -0.4050,
        -0.2412, -0.1334, -0.4902, -0.0163, -0.2621, -0.4257, -0.2008, -0.4373,
        -0.4242, -0.1750, -0.2962,  0.1572, -0.7208, -0.1764, -0.5547, -0.2688,
        -0.6314,  0.5085,  0.1508, -0.6046, -0.4979, -0.3315, -0.2436, -0.0137,
        -0.4591, -0.9032, -0.7504, -0.4649,  0.2696, -1.0017, -1.1621, -0.0095],
       device='cuda:0')), ('layer2.1.bn1.running_var', tensor([0.2506, 0.1438, 0.2419, 0.4610, 0.1571, 0.3279, 0.2009, 0.1582, 0.2306,
        0.4509, 0.1070, 0.3288, 0.2271, 0.1630, 0.2190, 0.1720, 0.2798, 0.2322,
        0.1880, 0.1723, 0.1823, 0.2171, 0.3627, 0.1698, 0.2344, 0.2639, 0.1701,
        0.1311, 0.1653, 0.2619, 0.1676, 0.2479, 0.1960, 0.1208, 0.3603, 0.1814,
        0.1497, 0.2763, 0.2038, 0.1559, 0.3285, 0.2609, 0.3100, 0.2335, 0.3069,
        0.2746, 0.2024, 0.1187, 0.2272, 0.2252, 0.2536, 0.3304, 0.2679, 0.2976,
        0.4923, 0.1955, 0.2024, 0.3573, 0.2175, 0.1740, 0.2732, 0.2414, 0.2350,
        0.3363, 0.2210, 0.1430, 0.1735, 0.2145, 0.3309, 0.3027, 0.2150, 0.2108,
        0.1895, 0.2430, 0.3133, 0.2713, 0.2954, 0.2106, 0.2083, 0.2461, 0.1814,
        0.1736, 0.2537, 0.3576, 0.1403, 0.1982, 0.2944, 0.2356, 0.2288, 0.2316,
        0.2388, 0.1844, 0.1470, 0.2349, 0.3049, 0.2106, 0.2989, 0.1398, 0.2481,
        0.1727, 0.1439, 0.2462, 0.3424, 0.2517, 0.1405, 0.1933, 0.2881, 0.1829,
        0.2919, 0.1235, 0.3358, 0.1123, 0.1707, 0.2673, 0.1978, 0.2689, 0.2245,
        0.1571, 0.1321, 0.2334, 0.2106, 0.1507, 0.1523, 0.3222, 0.2126, 0.2354,
        0.1563, 0.1655], device='cuda:0')), ('layer2.1.bn1.num_batches_tracked', tensor(575, device='cuda:0')), ('layer2.1.conv2.weight', tensor([[[[-1.5567e-02,  5.2856e-03, -5.0317e-04],
          [-9.3368e-03, -1.9888e-02, -2.8291e-02],
          [ 5.6658e-03,  7.1998e-03, -1.8167e-02]],

         [[-9.2997e-03,  2.3477e-03,  2.5296e-02],
          [-1.7112e-02,  1.9547e-02,  6.5236e-02],
          [ 5.5464e-03,  7.8251e-02,  1.0432e-01]],

         [[-6.9862e-03,  7.6887e-03,  2.4050e-02],
          [-6.6111e-03,  9.4855e-03,  5.9627e-03],
          [ 7.3018e-03,  9.9234e-03,  5.8962e-03]],

         ...,

         [[ 1.6900e-02,  7.0312e-03,  2.2656e-02],
          [-1.6386e-02, -8.5763e-02, -2.5210e-02],
          [-1.8570e-02, -5.0555e-02, -3.2385e-03]],

         [[ 3.2707e-02,  4.1416e-02,  3.2656e-02],
          [-1.5493e-02, -6.5198e-02, -2.4647e-02],
          [ 3.1875e-02,  3.4788e-02,  1.2710e-02]],

         [[-1.9080e-02, -1.7380e-02, -1.1696e-02],
          [-2.7704e-02, -3.1320e-02, -1.1214e-02],
          [-1.5877e-02, -1.0824e-02, -2.5207e-02]]],


        [[[ 5.2898e-03,  3.0538e-02,  4.2488e-02],
          [ 4.8440e-02,  5.1211e-02,  2.3340e-03],
          [ 1.6480e-02,  1.5257e-02, -1.6979e-02]],

         [[-1.1560e-02, -2.9704e-04, -1.3440e-02],
          [-1.3490e-02,  7.4301e-03, -1.2254e-02],
          [-2.6327e-02, -2.8669e-03, -1.3778e-02]],

         [[ 1.3385e-02, -1.2533e-02, -2.8916e-02],
          [-2.9320e-02, -3.2196e-03,  3.3040e-03],
          [-3.9153e-02,  5.4409e-03,  1.4557e-02]],

         ...,

         [[-4.9192e-02, -4.7086e-02, -6.0562e-02],
          [-2.7127e-02, -1.9981e-02, -3.1850e-02],
          [-3.1015e-03,  1.8966e-02,  6.3965e-03]],

         [[ 1.3770e-02,  1.6096e-02,  6.6053e-04],
          [ 4.6611e-03,  7.8961e-03, -3.0339e-03],
          [-1.6724e-02, -1.0192e-02, -3.5125e-03]],

         [[-3.0607e-02, -2.0412e-02, -1.9163e-02],
          [-9.3611e-03, -2.3337e-02,  4.0760e-04],
          [-1.8450e-02, -2.8710e-02, -1.5120e-02]]],


        [[[-4.6477e-02, -2.8707e-02,  9.0249e-02],
          [ 8.9734e-03,  4.5928e-02,  9.4674e-02],
          [ 7.5504e-02,  4.4053e-02, -5.2457e-02]],

         [[ 8.7560e-03,  2.5827e-02,  1.3543e-03],
          [ 1.9056e-02,  1.2283e-02, -5.3143e-03],
          [ 2.9839e-02, -2.1736e-03, -2.9878e-02]],

         [[ 6.2938e-02, -2.5994e-02, -5.5509e-02],
          [-1.7847e-02, -7.9507e-02, -2.2439e-02],
          [ 1.1515e-02,  2.4381e-02,  9.3384e-03]],

         ...,

         [[ 3.8525e-03, -2.2814e-02,  9.4990e-03],
          [-4.5677e-02, -2.6837e-02,  2.0915e-02],
          [-3.4487e-02, -3.9834e-02, -2.1127e-02]],

         [[ 3.4563e-02,  6.3360e-02,  4.5986e-02],
          [ 3.3644e-03,  2.0418e-02,  1.3538e-03],
          [-9.4598e-03, -5.2650e-02, -8.7921e-03]],

         [[-5.7609e-03, -3.0705e-02, -2.1408e-02],
          [-1.0046e-02,  7.5890e-03, -6.6639e-05],
          [-2.7846e-02, -3.6826e-02, -4.1399e-02]]],


        ...,


        [[[ 8.2608e-04, -2.2377e-02, -6.3233e-03],
          [-7.9465e-03, -3.5939e-02, -1.6786e-02],
          [-1.5922e-02, -1.3561e-02,  1.3985e-02]],

         [[ 1.0155e-02,  1.0738e-02,  2.2098e-02],
          [ 4.2754e-03, -2.0083e-02,  1.2889e-02],
          [-1.9752e-02, -2.0707e-02,  2.6136e-02]],

         [[-4.0488e-03,  3.2071e-02, -1.0502e-02],
          [-2.3447e-02,  5.9112e-03,  3.5244e-02],
          [-3.3237e-02, -4.7377e-03,  2.2475e-02]],

         ...,

         [[-3.1347e-02, -9.8420e-02, -4.7081e-02],
          [ 1.1931e-03,  4.1965e-02, -1.1410e-02],
          [-1.3718e-02, -7.3416e-03,  1.7610e-02]],

         [[-2.6244e-02, -3.0280e-02, -1.9888e-03],
          [-6.4980e-04, -3.5131e-02, -2.4848e-02],
          [-1.2552e-02, -7.6871e-02, -3.5537e-02]],

         [[ 2.9062e-02,  1.8465e-02,  2.1056e-02],
          [-1.2919e-02, -2.5172e-03,  6.5485e-03],
          [-1.0792e-02, -5.3403e-03,  1.5301e-04]]],


        [[[-2.2777e-02, -3.2808e-02, -9.8480e-03],
          [-3.9674e-02, -3.3801e-02, -6.8679e-03],
          [-2.7658e-02, -3.2002e-02,  4.2495e-03]],

         [[-1.3384e-02,  3.7407e-03,  1.4145e-02],
          [-2.4495e-02,  1.0817e-03,  3.9072e-03],
          [ 6.3449e-03,  9.7272e-03,  1.3400e-02]],

         [[-1.2908e-02, -9.0325e-03,  2.5242e-02],
          [ 1.1450e-02,  1.2325e-02,  2.7253e-02],
          [ 3.0949e-02,  1.9204e-02, -1.2724e-03]],

         ...,

         [[-1.3273e-02,  3.6447e-03,  1.1826e-02],
          [ 3.5558e-06,  1.4944e-02,  3.6412e-02],
          [ 1.8653e-03, -1.4450e-03,  1.2296e-02]],

         [[ 1.7657e-03, -1.6928e-02, -1.4576e-02],
          [ 9.2298e-03,  1.4766e-02,  9.2162e-03],
          [ 3.0120e-03,  3.6010e-03,  1.6685e-02]],

         [[-1.1849e-03,  4.2171e-03, -5.6655e-03],
          [ 3.8602e-03, -8.4185e-03, -1.3334e-02],
          [ 2.2873e-02,  2.2028e-02,  5.6374e-03]]],


        [[[ 3.6440e-02,  3.0706e-02, -1.2641e-03],
          [-2.6942e-02, -2.3058e-02, -3.2489e-02],
          [-2.4607e-02,  3.8937e-02,  3.5763e-02]],

         [[-1.4830e-02, -1.6086e-02,  1.2245e-02],
          [-4.7044e-04, -2.1434e-02,  1.9515e-02],
          [-5.2383e-04,  1.7311e-02,  1.2598e-02]],

         [[-2.7229e-02,  9.7101e-03, -5.2461e-03],
          [-2.0800e-02, -2.6111e-03,  1.9434e-02],
          [ 8.7062e-03, -2.7311e-02, -2.9882e-02]],

         ...,

         [[-3.3248e-02, -3.2432e-02, -4.1085e-02],
          [ 3.3531e-03, -2.0167e-02,  1.4004e-02],
          [ 1.7636e-02, -5.4846e-02, -5.0710e-02]],

         [[-1.0603e-02,  2.1300e-02,  2.5429e-02],
          [-1.7796e-02, -2.8862e-02,  1.9779e-03],
          [-4.7148e-02, -2.6957e-02, -2.0346e-02]],

         [[-5.1689e-02, -2.6983e-02,  1.5582e-02],
          [-3.4091e-02,  6.9978e-03, -2.6952e-02],
          [-2.5498e-02, -2.5883e-02, -4.6004e-02]]]], device='cuda:0')), ('layer2.1.bn2.weight', tensor([0.1172, 0.1638, 0.3090, 0.2939, 0.2957, 0.5245, 0.4045, 0.1987, 0.3383,
        0.1976, 0.2546, 0.2281, 0.1643, 0.2894, 0.2251, 0.2306, 0.2402, 0.2205,
        0.1892, 0.3061, 0.2059, 0.4809, 0.2499, 0.3872, 0.3212, 0.3996, 0.2565,
        0.1576, 0.2279, 0.2158, 0.2650, 0.3554, 0.2495, 0.1852, 0.2419, 0.6486,
        0.3857, 0.4256, 0.1807, 0.1581, 0.1774, 0.3558, 0.2711, 0.1293, 0.1651,
        0.1756, 0.1846, 0.1702, 0.4169, 0.3218, 0.1717, 0.4700, 0.4106, 0.1992,
        0.1998, 0.1526, 0.2885, 0.1091, 0.3656, 0.1899, 0.5364, 0.2420, 0.4404,
        0.1656, 0.2037, 0.2050, 0.1968, 0.4045, 0.3067, 0.6190, 0.2266, 0.3209,
        0.4558, 0.4361, 0.1564, 0.4111, 0.5823, 0.2327, 0.1614, 0.3087, 0.2227,
        0.3163, 0.1180, 0.2474, 0.2198, 0.1020, 0.3121, 0.2565, 0.3275, 0.1776,
        0.2722, 0.4148, 0.5147, 0.2163, 0.1921, 0.2872, 0.2447, 0.1326, 0.6193,
        0.1818, 0.2399, 0.1424, 0.1763, 0.2822, 0.2027, 0.3779, 0.3753, 0.1261,
        0.3650, 0.4308, 0.4162, 0.2667, 0.2031, 0.5131, 0.1444, 0.4407, 0.3592,
        0.2536, 0.5685, 0.2477, 0.1373, 0.0605, 0.3436, 0.1341, 0.4603, 0.2935,
        0.1336, 0.3869], device='cuda:0')), ('layer2.1.bn2.bias', tensor([-1.4152e-01, -8.7059e-02, -4.1653e-01, -2.2755e-01, -7.5280e-02,
        -3.5737e-01, -3.3559e-01, -7.8102e-02, -1.7838e-01,  4.8402e-02,
        -2.8498e-01, -1.7745e-01, -1.5934e-01, -6.9899e-02, -1.5410e-01,
        -1.0300e-01, -2.3560e-01, -9.4733e-02, -9.1376e-02, -6.1962e-02,
        -1.8926e-01, -2.0403e-01, -2.6881e-01, -1.8815e-01, -3.5264e-01,
        -1.1568e-01, -1.6579e-01, -1.9843e-02, -1.6680e-01, -2.1112e-01,
        -1.7592e-01, -8.3472e-02, -2.2068e-01, -1.9028e-01, -2.9826e-01,
        -4.5687e-01, -2.5159e-02, -5.4255e-02,  4.4027e-02, -6.2529e-02,
        -4.7077e-02, -1.2123e-01, -1.1083e-02,  3.4205e-02, -2.0065e-01,
        -9.1777e-02, -4.6354e-02, -1.0439e-01, -7.9040e-02, -1.9854e-01,
        -1.5024e-01, -3.1994e-01, -3.2671e-01, -2.2755e-01, -3.7442e-02,
        -1.8441e-01, -1.9177e-01, -7.8842e-02,  2.7614e-01, -6.5057e-02,
        -9.0771e-02, -2.5367e-01, -2.3670e-01, -2.1499e-04, -9.8622e-02,
        -3.1695e-01,  1.6140e-01, -1.0964e-03, -2.2991e-01, -4.1274e-01,
        -1.3209e-01, -3.1648e-01, -2.5769e-01, -5.3869e-01,  7.6967e-02,
        -2.5386e-01, -4.4147e-01, -2.5009e-02, -9.6632e-02, -2.2084e-01,
        -2.0075e-01, -1.6236e-02, -8.7847e-02, -2.1438e-01,  1.0967e-01,
        -6.3004e-02, -1.1885e-01, -1.6355e-01, -1.3372e-01, -1.7462e-01,
        -3.7334e-01, -3.3732e-01, -3.4084e-01,  3.6213e-02, -2.0462e-01,
        -1.0888e-01,  1.3144e-02, -3.2693e-02, -2.1489e-01, -1.1326e-01,
        -1.6413e-01, -1.9798e-01,  9.1648e-02, -5.8023e-03, -1.3015e-01,
        -2.9621e-01,  1.4220e-02, -1.0757e-01, -1.2808e-01, -1.6817e-01,
        -1.7219e-01, -1.8367e-01, -2.2771e-01, -3.5549e-01, -1.7503e-01,
        -3.5559e-01, -1.5657e-01, -2.6699e-01, -2.6102e-01,  5.9651e-03,
        -3.3935e-02, -3.7886e-03, -8.0413e-02,  3.6770e-02, -4.8766e-01,
        -2.7386e-01,  1.2744e-01, -1.2776e-01], device='cuda:0')), ('layer2.1.bn2.running_mean', tensor([-1.9748e-02,  4.5946e-02,  2.7319e-02, -6.9515e-02, -1.9051e-01,
        -8.3882e-02, -1.8834e-01, -9.6577e-02, -1.7355e-01,  1.0737e-01,
        -7.2239e-02, -9.3167e-03, -6.1678e-02, -1.9430e-01,  2.5914e-02,
         7.6632e-02, -4.9333e-02, -1.5691e-02,  4.1673e-02, -8.8238e-02,
        -7.4768e-02, -5.7186e-02,  1.1850e-01, -1.3059e-01,  3.8667e-02,
        -1.1748e-01, -4.6606e-02, -6.0251e-02,  8.8879e-03,  4.7555e-02,
        -1.7019e-01, -7.7203e-02, -7.3882e-02,  1.1008e-02,  4.6723e-02,
        -2.7744e-01, -3.0545e-01, -2.5971e-01, -8.9589e-02,  8.4590e-03,
         1.4315e-01, -2.8420e-01,  8.9220e-02, -6.6568e-02, -3.0733e-02,
        -8.8652e-03, -1.3844e-01, -1.4631e-02, -4.0554e-01, -7.2288e-02,
        -1.0141e-01, -7.4148e-02, -6.4741e-02,  6.8074e-02, -1.3531e-01,
        -2.5785e-02, -1.2560e-01, -5.6840e-02, -1.6709e-01,  7.2834e-02,
        -5.4418e-01,  6.2947e-02, -9.6667e-02, -1.5197e-02,  4.1766e-02,
        -1.0897e-01, -7.4992e-03, -2.6857e-01, -1.2666e-01, -2.5234e-02,
        -4.8595e-02, -1.6509e-01, -5.5411e-02, -6.7146e-02, -6.4565e-02,
        -1.0183e-01,  2.7107e-02,  3.5512e-02,  1.3637e-02, -4.2840e-02,
         2.1289e-01, -2.6558e-01,  7.3093e-02,  4.2558e-02, -1.2088e-01,
        -6.8260e-02, -8.2331e-02, -1.1441e-01, -2.3685e-01, -3.2587e-02,
         1.0522e-01, -2.0918e-01, -1.5169e-01, -1.0157e-01, -4.4639e-02,
        -7.4501e-02, -1.6986e-02,  2.4772e-02, -5.8492e-01, -6.2799e-05,
         3.7872e-02,  2.6689e-02, -1.4542e-01, -1.3154e-01,  1.6252e-02,
        -1.6433e-01, -2.2641e-01,  1.0340e-01,  1.5523e-02,  5.6037e-01,
        -2.5536e-02,  7.9773e-02,  4.4552e-02, -8.4130e-02, -4.7504e-02,
         9.4307e-02, -6.9583e-02, -1.9214e-02, -2.5443e-01, -4.4181e-02,
         4.8666e-02,  5.6019e-02, -2.3878e-01, -8.0742e-02, -1.6796e-01,
        -4.8058e-02, -1.3340e-01, -6.5442e-02], device='cuda:0')), ('layer2.1.bn2.running_var', tensor([0.0190, 0.0209, 0.0295, 0.0235, 0.0311, 0.0540, 0.0400, 0.0291, 0.0298,
        0.0465, 0.0340, 0.0205, 0.0176, 0.0322, 0.0322, 0.0318, 0.0224, 0.0254,
        0.0342, 0.0350, 0.0189, 0.0521, 0.0339, 0.0415, 0.0405, 0.0462, 0.0288,
        0.0185, 0.0307, 0.0333, 0.0395, 0.0461, 0.0346, 0.0315, 0.0235, 0.0617,
        0.0604, 0.0414, 0.0294, 0.0330, 0.0346, 0.0851, 0.0274, 0.0192, 0.0240,
        0.0222, 0.0211, 0.0169, 0.0582, 0.0438, 0.0200, 0.0419, 0.0345, 0.0237,
        0.0349, 0.0241, 0.0291, 0.0209, 0.0707, 0.0272, 0.0695, 0.0236, 0.0524,
        0.0267, 0.0233, 0.0146, 0.0500, 0.0622, 0.0349, 0.0530, 0.0202, 0.0388,
        0.0479, 0.0348, 0.0352, 0.0381, 0.0512, 0.0347, 0.0208, 0.0379, 0.0204,
        0.0543, 0.0147, 0.0338, 0.0367, 0.0167, 0.0457, 0.0326, 0.0344, 0.0179,
        0.0342, 0.0451, 0.0349, 0.0259, 0.0186, 0.0379, 0.0383, 0.0189, 0.0668,
        0.0391, 0.0253, 0.0255, 0.0302, 0.0322, 0.0266, 0.0444, 0.0701, 0.0187,
        0.0391, 0.0592, 0.0451, 0.0409, 0.0271, 0.0380, 0.0225, 0.0320, 0.0545,
        0.0194, 0.0631, 0.0344, 0.0271, 0.0169, 0.0347, 0.0161, 0.0332, 0.0300,
        0.0301, 0.0457], device='cuda:0')), ('layer2.1.bn2.num_batches_tracked', tensor(575, device='cuda:0')), ('layer3.0.conv1.weight', tensor([[[[-1.2280e-02, -1.2094e-02, -1.1795e-02],
          [-7.0867e-03,  1.5676e-02,  8.6241e-03],
          [-1.1510e-02,  5.6242e-03, -8.5885e-03]],

         [[-1.2051e-02, -1.8450e-02, -7.1915e-03],
          [ 5.5214e-03, -1.4971e-02, -4.4511e-03],
          [ 5.5346e-03, -1.7971e-02, -5.6100e-03]],

         [[-2.3052e-02, -3.7809e-02, -3.1637e-02],
          [-3.2784e-02, -5.9587e-02, -3.9511e-02],
          [-3.7660e-02, -3.5689e-02, -1.5942e-02]],

         ...,

         [[ 5.7970e-03,  7.9354e-03,  1.3055e-02],
          [-5.0077e-04,  2.7643e-02,  7.1329e-03],
          [-2.4913e-03,  3.6727e-03,  8.5739e-03]],

         [[ 1.4509e-02, -1.6061e-02, -6.4932e-03],
          [ 8.4248e-03,  2.6321e-03, -2.4381e-03],
          [-1.2847e-02, -1.6707e-02, -9.9823e-03]],

         [[ 5.3771e-02,  4.7418e-02,  2.5378e-02],
          [ 3.7061e-02,  4.0255e-04, -5.0895e-03],
          [-1.4146e-02, -3.0282e-03, -1.5340e-02]]],


        [[[ 5.4149e-04, -1.9911e-02, -3.4124e-02],
          [ 8.8134e-03, -1.1328e-02, -3.3389e-02],
          [ 7.4246e-03, -1.7972e-02, -1.5337e-02]],

         [[ 1.2790e-02,  1.5673e-02, -1.7018e-02],
          [ 6.7980e-03,  1.3655e-02,  1.0293e-02],
          [-1.3607e-02, -1.8702e-02,  1.0179e-03]],

         [[-1.8304e-02,  1.0293e-02,  1.8740e-02],
          [-1.2796e-03,  5.7210e-03,  2.9526e-02],
          [ 4.4495e-03,  2.7468e-03,  1.5586e-02]],

         ...,

         [[-1.8834e-02, -9.8263e-03,  2.6817e-03],
          [-4.0069e-03, -1.3642e-02, -9.2625e-03],
          [-6.5320e-06, -4.9950e-03,  3.6259e-03]],

         [[ 1.3217e-03, -2.4181e-02,  4.0074e-03],
          [ 1.2011e-02, -1.8630e-02, -8.8234e-03],
          [-9.3084e-03, -3.3173e-02, -3.5872e-02]],

         [[ 6.5619e-03,  1.3635e-02,  7.5054e-03],
          [-4.1784e-03,  1.1322e-02,  1.3686e-02],
          [ 1.7483e-02,  3.0369e-02,  2.5213e-02]]],


        [[[-3.4813e-02, -1.7967e-02, -1.4083e-02],
          [-9.4340e-03, -2.3480e-02,  8.1573e-03],
          [-4.5875e-03, -1.6881e-02, -1.6809e-02]],

         [[-1.4226e-02, -3.1870e-02, -2.1990e-02],
          [-2.9794e-02, -4.7322e-02, -6.1977e-02],
          [ 2.5218e-02, -1.7061e-02, -2.6206e-02]],

         [[ 1.7216e-02,  1.9224e-02, -7.2727e-03],
          [ 1.8164e-02,  2.2704e-02,  1.0681e-02],
          [ 3.0198e-02,  4.5536e-02,  1.8339e-02]],

         ...,

         [[ 7.8447e-03, -1.0000e-02, -1.2171e-02],
          [-9.7554e-03, -2.9864e-02, -5.3696e-03],
          [-3.9622e-03, -1.3980e-02, -2.7856e-02]],

         [[-9.2568e-03, -1.1691e-02, -1.5903e-02],
          [-2.3658e-02, -1.3409e-03,  2.7835e-02],
          [-7.3526e-03,  5.1312e-03,  9.0837e-03]],

         [[ 1.2871e-02, -3.1101e-02, -1.8384e-02],
          [-1.3406e-02, -1.6028e-02,  1.0475e-02],
          [ 1.1750e-02,  8.5577e-03, -5.7926e-03]]],


        ...,


        [[[ 5.0321e-03,  2.8522e-02,  5.9689e-03],
          [ 1.5779e-02,  2.8716e-02,  4.3250e-02],
          [ 3.8537e-02,  2.2903e-02,  3.6099e-02]],

         [[ 5.9715e-04,  5.3682e-03,  1.1392e-02],
          [ 3.1174e-03,  2.0350e-02,  5.5900e-03],
          [ 1.4745e-02, -2.2720e-03, -2.1742e-02]],

         [[-4.6240e-03,  2.9560e-02, -7.2598e-04],
          [-1.5187e-02,  2.6931e-02,  1.0153e-02],
          [-3.9443e-03,  2.5189e-02,  2.2993e-03]],

         ...,

         [[ 7.3520e-03, -4.4574e-03,  1.8104e-02],
          [ 9.2737e-03, -1.8225e-04,  8.3064e-03],
          [ 5.5355e-03,  7.5770e-03,  1.9032e-02]],

         [[-2.1015e-02,  6.8093e-03, -1.5425e-02],
          [-1.3067e-02,  8.8294e-03, -1.2801e-02],
          [ 8.4639e-03,  4.8309e-02,  3.5899e-02]],

         [[ 9.7523e-03,  1.7158e-02, -1.7706e-02],
          [ 6.0655e-03, -6.3947e-03, -9.6842e-03],
          [ 5.7281e-03, -9.8374e-03, -3.8027e-02]]],


        [[[ 2.6792e-02,  7.3496e-02,  4.3673e-02],
          [ 9.4291e-02,  1.4812e-01,  1.5035e-01],
          [ 6.7350e-02,  1.3895e-01,  1.1171e-01]],

         [[-2.7849e-02, -3.1182e-03, -2.0488e-02],
          [-1.7463e-02, -1.2830e-05,  1.0172e-02],
          [-1.2535e-02, -2.8481e-03,  1.4840e-03]],

         [[-9.8593e-03, -2.8604e-02, -1.6405e-02],
          [ 2.2402e-03, -9.7322e-03, -4.4996e-03],
          [-1.6217e-02, -1.0441e-02, -2.1779e-02]],

         ...,

         [[-1.0970e-03,  6.5361e-03, -1.0150e-03],
          [ 1.7545e-02, -1.3406e-02,  1.5123e-02],
          [ 2.5995e-02,  1.6074e-02,  1.1382e-02]],

         [[ 5.8707e-03, -2.2280e-02,  1.1112e-02],
          [-2.3264e-02, -3.7607e-02, -4.4008e-02],
          [-3.7502e-02, -1.0123e-01, -6.8223e-02]],

         [[-1.3676e-02,  6.2128e-04,  4.8364e-03],
          [-8.8681e-04,  1.6078e-02,  5.0104e-03],
          [ 4.4796e-03,  5.5803e-03,  1.1698e-02]]],


        [[[-1.1534e-02, -7.0280e-03,  2.3898e-03],
          [-2.5025e-02, -1.9473e-02, -7.2975e-03],
          [ 4.5100e-03,  3.8428e-03,  9.5226e-03]],

         [[-1.1678e-03, -1.1558e-02, -2.7319e-02],
          [ 1.4405e-03,  3.6470e-03, -2.1587e-02],
          [ 1.2894e-02,  1.5331e-03,  8.2845e-04]],

         [[-4.6362e-02, -4.3077e-02, -5.6286e-02],
          [-3.2220e-02, -3.1463e-02, -3.4608e-02],
          [-4.1063e-02, -3.3632e-02, -1.4367e-02]],

         ...,

         [[-1.1065e-02, -8.7989e-03, -1.5232e-02],
          [-2.7508e-02, -2.7986e-02,  7.4814e-03],
          [-2.3014e-02,  1.4014e-02,  7.7803e-03]],

         [[-2.7519e-02,  2.0616e-02,  2.3371e-02],
          [-3.9735e-02,  1.9357e-02,  1.8358e-02],
          [-4.4586e-02, -3.9695e-03, -1.5624e-02]],

         [[ 1.7009e-02,  2.4766e-02,  9.3310e-03],
          [ 2.1452e-02,  2.3619e-02,  2.9566e-03],
          [ 2.9447e-03, -7.1432e-03, -1.9878e-02]]]], device='cuda:0')), ('layer3.0.bn1.weight', tensor([0.2835, 0.2455, 0.3036, 0.3176, 0.2965, 0.3487, 0.3060, 0.3057, 0.3607,
        0.3241, 0.2219, 0.3144, 0.2633, 0.3094, 0.3005, 0.3431, 0.2927, 0.3348,
        0.2828, 0.2984, 0.3579, 0.3149, 0.2854, 0.2935, 0.3511, 0.3730, 0.3558,
        0.3166, 0.2749, 0.2966, 0.3354, 0.2872, 0.3131, 0.2485, 0.3419, 0.3599,
        0.2591, 0.3714, 0.2950, 0.3280, 0.3225, 0.3176, 0.3086, 0.3291, 0.3559,
        0.2953, 0.2732, 0.3050, 0.3175, 0.2830, 0.3052, 0.3381, 0.3045, 0.3069,
        0.3008, 0.3446, 0.3031, 0.2933, 0.3388, 0.3679, 0.3168, 0.3384, 0.3030,
        0.2816, 0.3781, 0.3088, 0.2792, 0.3341, 0.2256, 0.3264, 0.2774, 0.3068,
        0.2940, 0.3869, 0.3363, 0.2234, 0.2851, 0.3760, 0.2742, 0.3479, 0.3863,
        0.3294, 0.3307, 0.3346, 0.2770, 0.3488, 0.2878, 0.2800, 0.2896, 0.3226,
        0.3828, 0.3515, 0.3284, 0.3678, 0.3113, 0.3606, 0.3094, 0.2521, 0.2374,
        0.3246, 0.3207, 0.3360, 0.2769, 0.3357, 0.3164, 0.3256, 0.2234, 0.2982,
        0.3216, 0.2662, 0.3704, 0.2741, 0.3608, 0.3382, 0.2823, 0.2732, 0.4652,
        0.3107, 0.3470, 0.3149, 0.3210, 0.2803, 0.3299, 0.3229, 0.3129, 0.2839,
        0.2504, 0.3551, 0.3251, 0.3018, 0.2751, 0.3543, 0.3838, 0.3022, 0.2949,
        0.2832, 0.3083, 0.2337, 0.2693, 0.4152, 0.2988, 0.3805, 0.2740, 0.3093,
        0.3176, 0.2834, 0.2713, 0.3471, 0.3973, 0.3105, 0.2151, 0.2859, 0.3197,
        0.3338, 0.2482, 0.3329, 0.2900, 0.2970, 0.2382, 0.3439, 0.3112, 0.2773,
        0.2567, 0.2610, 0.3103, 0.2945, 0.3106, 0.3136, 0.3513, 0.3187, 0.2427,
        0.3371, 0.3420, 0.3210, 0.3133, 0.3010, 0.2701, 0.3704, 0.3230, 0.3017,
        0.2797, 0.3267, 0.3630, 0.2825, 0.3553, 0.3494, 0.3257, 0.3562, 0.3131,
        0.3464, 0.3205, 0.2804, 0.3295, 0.3641, 0.2884, 0.2526, 0.3307, 0.2504,
        0.3436, 0.2862, 0.2893, 0.2513, 0.5157, 0.3014, 0.2753, 0.2370, 0.3500,
        0.3410, 0.2268, 0.2637, 0.3734, 0.3766, 0.2428, 0.3066, 0.3064, 0.3776,
        0.3003, 0.3582, 0.2666, 0.2682, 0.2895, 0.2971, 0.2854, 0.3684, 0.3465,
        0.3822, 0.3249, 0.3574, 0.2629, 0.3330, 0.2924, 0.3013, 0.2646, 0.2990,
        0.3204, 0.2406, 0.3243, 0.2760, 0.2477, 0.2840, 0.3068, 0.3169, 0.3301,
        0.2981, 0.2973, 0.3296, 0.3686, 0.3232, 0.3508, 0.3322, 0.3036, 0.3595,
        0.2830, 0.2841, 0.2758, 0.3229], device='cuda:0')), ('layer3.0.bn1.bias', tensor([-0.0937,  0.0208, -0.1215, -0.0625, -0.1036, -0.1298, -0.1479, -0.1111,
        -0.2470, -0.1125,  0.1384, -0.1493,  0.0379, -0.0900,  0.0299, -0.1850,
        -0.1325, -0.1761, -0.0862, -0.1023, -0.3394, -0.1708, -0.0822, -0.1221,
        -0.2227, -0.1516, -0.2340, -0.2315, -0.0869, -0.0812, -0.0742, -0.0846,
        -0.0564,  0.0350, -0.0333, -0.2197,  0.0049, -0.1454, -0.0277, -0.1892,
        -0.2436, -0.1518, -0.1916, -0.1124, -0.2643, -0.1378, -0.0515, -0.1308,
        -0.0937, -0.0032, -0.1718, -0.1476, -0.1723,  0.0288, -0.1020, -0.1775,
        -0.1183, -0.0494, -0.3231, -0.1552, -0.0161, -0.2410, -0.1056, -0.1072,
        -0.2751, -0.1906, -0.0530, -0.1111,  0.1472, -0.2278, -0.0712, -0.1433,
        -0.1451, -0.3074, -0.2049,  0.0262, -0.0795, -0.0832, -0.0496, -0.1422,
        -0.3927,  0.0284, -0.1796, -0.0955, -0.0499, -0.2226, -0.0948, -0.0851,
        -0.0738, -0.1676, -0.2041, -0.1789, -0.1160, -0.2508, -0.0699, -0.0532,
        -0.0513, -0.0308,  0.1209, -0.0954, -0.1557, -0.3074, -0.0800, -0.0991,
        -0.1759, -0.0461,  0.0795, -0.0426, -0.1278, -0.0676, -0.1690,  0.0318,
        -0.1387, -0.2465, -0.0733, -0.0370, -0.1852, -0.0878, -0.1927, -0.1101,
        -0.1471, -0.0878, -0.0939, -0.2024, -0.1337, -0.0605, -0.0657, -0.1614,
        -0.1516, -0.1315, -0.0804, -0.2430, -0.1168, -0.1482, -0.0833, -0.0652,
        -0.1810,  0.0230, -0.0356, -0.3023, -0.1443, -0.0836, -0.0508, -0.0641,
        -0.1242, -0.1105,  0.0186, -0.1366, -0.1963, -0.0909,  0.2010, -0.1056,
        -0.2510, -0.1018,  0.0486, -0.1911, -0.0343, -0.1421,  0.1294, -0.1795,
        -0.1145, -0.0061,  0.0762, -0.0668, -0.0360, -0.1573, -0.1613, -0.0883,
        -0.1735, -0.1769,  0.0295, -0.1090, -0.1383, -0.2219, -0.0888, -0.1262,
        -0.0940, -0.1688, -0.1384, -0.0884, -0.0614, -0.1742, -0.2512, -0.0613,
        -0.1262, -0.1412, -0.0728, -0.2180, -0.2199, -0.2700, -0.1305, -0.0874,
        -0.1690, -0.2491, -0.1540,  0.0395, -0.1044,  0.0436, -0.1912, -0.0676,
        -0.1060, -0.0092, -0.3268, -0.1352, -0.1008,  0.0112, -0.2716, -0.1239,
         0.0311, -0.1049, -0.2415, -0.1467,  0.0978, -0.0211, -0.0950, -0.4415,
        -0.0753, -0.3177, -0.0301, -0.0682, -0.0608, -0.0463, -0.0865, -0.1280,
        -0.1624, -0.1524, -0.1741, -0.1702, -0.0541, -0.1492, -0.0563, -0.0782,
        -0.0248, -0.0969, -0.1121, -0.0448, -0.0861, -0.0332,  0.0130, -0.0883,
        -0.1435, -0.0723, -0.2180, -0.0972, -0.1297, -0.2024, -0.2163, -0.2207,
        -0.2352, -0.1784, -0.1377, -0.1881, -0.1002, -0.0843, -0.0808, -0.0621],
       device='cuda:0')), ('layer3.0.bn1.running_mean', tensor([-1.0886e-01, -1.3923e-01, -5.0006e-01, -1.5281e-01, -7.2079e-01,
        -6.7818e-02, -5.8353e-02, -3.1467e-02, -1.1324e-01, -1.7798e-01,
        -2.9784e-01, -5.8151e-01, -1.2774e+00, -4.9504e-01, -1.5367e+00,
        -4.3711e-01,  3.0025e-01, -8.1372e-01,  2.8621e-01, -3.7822e-01,
        -5.6697e-01, -7.8553e-01,  4.7968e-02, -1.1899e-01, -6.8702e-01,
        -8.3892e-01, -5.2886e-01,  2.3646e-01, -2.4396e-01,  2.0008e-01,
        -6.2568e-01, -4.7645e-01,  6.3208e-01, -9.3429e-02, -1.9149e-02,
        -7.8339e-01, -3.8535e-01, -2.4471e-01, -5.8666e-01, -3.3440e-01,
        -3.0216e-01, -4.5650e-01, -3.5740e-01, -3.5343e-01, -1.6987e-01,
        -6.3571e-01, -2.2736e-01, -5.0442e-01, -6.9159e-01, -4.7432e-01,
        -1.5223e-01, -7.7828e-01,  2.1805e-01, -5.9780e-01, -4.2364e-01,
        -2.7693e-01,  1.9602e-02, -3.0439e-01,  1.6129e-01,  5.4630e-02,
        -7.0506e-01, -7.5119e-01, -2.6323e-01, -1.9108e-01, -8.4314e-01,
         5.1815e-01, -4.7129e-01, -2.2750e-01,  1.7455e-01, -2.6974e-01,
        -4.2832e-01, -6.2113e-01, -4.5141e-01, -7.4444e-01, -2.2828e-01,
         4.6230e-01, -3.8818e-01,  2.2213e-02, -1.2100e-01, -6.0841e-01,
         1.8900e-01, -4.1846e-01, -6.3928e-01, -3.7245e-01, -1.1645e-01,
        -5.2376e-01, -3.5242e-01,  3.6760e-01, -8.1263e-01,  1.5031e-03,
        -4.8124e-01, -5.5158e-01, -7.0322e-02, -6.6280e-01, -3.3906e-01,
        -9.0186e-01, -1.4956e-01,  2.2879e-01, -9.4471e-01, -1.7814e-02,
        -4.7555e-01, -5.3854e-01,  1.9121e-01, -4.6058e-02,  1.7701e-01,
        -7.9443e-01, -1.0504e-02, -8.2376e-01, -3.8328e-01, -2.2263e-01,
        -5.8285e-01, -2.0032e-01, -3.7854e-01, -9.4777e-01,  1.4861e-01,
         2.7136e-01, -5.0670e-01, -4.3671e-01,  6.5758e-02, -1.1750e-01,
        -6.0638e-01, -6.3735e-01, -1.0567e-01, -1.0609e-01, -2.8669e-01,
        -4.7855e-01,  1.3721e-01,  5.8200e-01, -2.0829e-01, -2.4099e-01,
        -3.3689e-01, -6.5151e-01, -2.0135e-01, -3.2128e-01, -7.3110e-01,
        -3.0934e-01, -7.6979e-01, -1.6410e-01,  2.8076e-01, -2.6908e-01,
        -1.1315e-01, -4.2848e-01, -1.4432e-01, -7.8217e-01, -2.1851e-01,
        -2.8046e-01, -1.6350e-01, -2.8189e-01, -2.0043e-01, -3.3892e-01,
        -1.9829e-01,  6.3766e-01,  1.5708e-01, -2.7399e-01, -3.3099e-02,
        -6.2933e-01, -2.3835e-01, -1.6488e-01, -7.2648e-02, -6.9989e-01,
         3.9556e-02, -2.0271e-01, -3.5036e-01, -1.4466e-01, -1.4266e+00,
        -4.3643e-01, -2.1948e-01, -4.9749e-01, -2.8688e-01, -6.1391e-01,
         1.0870e-01, -5.5244e-01, -5.4820e-01,  8.1884e-02, -5.8609e-01,
        -2.9315e-01, -3.5766e-01, -3.9183e-01, -9.3146e-02, -3.2917e-01,
        -3.8515e-01, -9.8325e-01, -8.7352e-01, -2.4720e-01, -3.0986e-01,
        -2.8893e-01, -2.6513e-01, -1.7405e-01, -4.6969e-01, -5.2462e-01,
        -2.2706e-01, -2.7852e-01, -6.4681e-02, -4.7941e-01, -6.0618e-01,
         5.0941e-02, -6.4587e-01, -5.4454e-01, -1.7738e-01, -4.2394e-02,
        -4.3649e-01, -4.2178e-01, -3.1679e-01, -3.7600e-01, -5.5709e-01,
        -5.5654e-02, -3.4634e-01, -4.8030e-01, -4.5868e-02,  1.4279e-01,
        -1.3928e-01, -4.3869e-01, -5.0800e-01, -3.1104e-01, -5.0951e-01,
        -6.4567e-01, -1.9357e-01,  6.4613e-02,  4.1436e-02, -3.0929e-02,
        -7.7779e-01, -9.5051e-01, -4.1413e-01, -2.6115e-01, -5.5308e-01,
        -3.6377e-01, -4.5806e-01, -4.5182e-01,  8.8057e-02, -9.8567e-01,
        -5.0323e-01, -2.1485e-01, -2.9619e-01, -2.1023e-01, -2.2730e-01,
        -1.1221e-01, -3.7631e-01, -5.2002e-01, -2.5110e-01, -3.7164e-01,
        -5.0174e-01, -4.0368e-02, -7.6129e-01, -3.4083e-01,  1.4028e-01,
        -5.9208e-01, -6.8297e-01, -2.6306e-01, -4.5372e-01, -2.6524e-01,
        -8.2611e-03, -3.3155e-01, -6.9744e-01, -4.6845e-01, -2.1358e-01,
        -6.9155e-01], device='cuda:0')), ('layer3.0.bn1.running_var', tensor([0.2714, 0.3427, 0.2688, 0.2936, 0.2312, 0.3739, 0.1657, 0.2935, 0.2524,
        0.2938, 0.3133, 0.2424, 0.3735, 0.2992, 0.7179, 0.1760, 0.2114, 0.2370,
        0.2041, 0.2657, 0.2216, 0.2248, 0.2613, 0.2438, 0.2508, 0.2984, 0.2495,
        0.2011, 0.1837, 0.2274, 0.2662, 0.2140, 0.2917, 0.2601, 0.5465, 0.2900,
        0.2472, 0.2883, 0.3803, 0.2118, 0.1660, 0.2172, 0.1859, 0.2301, 0.2302,
        0.1934, 0.1815, 0.2064, 0.2126, 0.2523, 0.1646, 0.2145, 0.1616, 0.5120,
        0.1761, 0.3822, 0.1878, 0.2136, 0.1583, 0.2543, 0.2654, 0.1984, 0.2343,
        0.2543, 0.2923, 0.1591, 0.2149, 0.2346, 0.3741, 0.1984, 0.2848, 0.1862,
        0.1907, 0.2956, 0.1847, 0.2733, 0.1953, 0.2972, 0.1615, 0.2899, 0.2050,
        0.7073, 0.2310, 0.3515, 0.2988, 0.2084, 0.2364, 0.1780, 0.2974, 0.2575,
        0.2074, 0.2687, 0.1841, 0.2175, 0.2543, 0.4256, 0.2623, 0.2007, 0.4036,
        0.2197, 0.2563, 0.2028, 0.2666, 0.2834, 0.1859, 0.2503, 0.2215, 0.2724,
        0.2693, 0.2373, 0.3603, 0.3642, 0.2781, 0.1772, 0.2558, 0.2560, 0.5454,
        0.2123, 0.2385, 0.1703, 0.3234, 0.2065, 0.3976, 0.2612, 0.1800, 0.2655,
        0.1478, 0.4348, 0.2192, 0.1956, 0.1910, 0.3290, 0.3868, 0.1998, 0.4073,
        0.1886, 0.1497, 0.2101, 0.2663, 0.3064, 0.2234, 0.5413, 0.1852, 0.2770,
        0.3054, 0.1767, 0.4286, 0.2037, 0.2807, 0.2993, 0.4114, 0.2508, 0.2456,
        0.2812, 0.4328, 0.1698, 0.3958, 0.1930, 0.4651, 0.2408, 0.2312, 0.3246,
        0.2640, 0.1877, 0.2379, 0.2027, 0.1829, 0.2282, 0.2007, 0.1567, 0.4106,
        0.2963, 0.3418, 0.1516, 0.2568, 0.2123, 0.1709, 0.3347, 0.1990, 0.3677,
        0.2425, 0.2513, 0.1834, 0.1952, 0.3581, 0.2898, 0.2823, 0.2377, 0.2080,
        0.1771, 0.2047, 0.2075, 0.1823, 0.1953, 0.2128, 0.2489, 0.3682, 0.3056,
        0.2820, 0.2269, 0.2360, 0.4029, 0.5519, 0.2239, 0.1955, 0.3651, 0.1855,
        0.2689, 0.2576, 0.1648, 0.2824, 0.4060, 0.2991, 0.3540, 0.3001, 0.1894,
        0.3526, 0.2216, 0.2563, 0.3118, 0.2291, 0.3027, 0.2308, 0.3288, 0.2644,
        0.3775, 0.2538, 0.2610, 0.2091, 0.3120, 0.2479, 0.2114, 0.3288, 0.2257,
        0.2745, 0.1544, 0.3185, 0.2483, 0.2488, 0.1850, 0.1770, 0.2206, 0.2044,
        0.1447, 0.2334, 0.1784, 0.2397, 0.1710, 0.1939, 0.1852, 0.2393, 0.2865,
        0.2025, 0.2838, 0.2059, 0.5889], device='cuda:0')), ('layer3.0.bn1.num_batches_tracked', tensor(575, device='cuda:0')), ('layer3.0.conv2.weight', tensor([[[[-8.1296e-03, -3.5707e-02, -1.3233e-02],
          [-2.6544e-02, -8.0950e-02, -4.9949e-02],
          [-4.3285e-02, -7.8579e-02, -6.1844e-02]],

         [[-2.9545e-02,  3.0228e-03, -2.4883e-02],
          [ 9.1036e-03,  1.1619e-02, -1.4857e-02],
          [-1.1504e-02,  3.6900e-03, -9.7684e-03]],

         [[-1.4717e-02,  2.6871e-02,  6.4008e-03],
          [ 1.8052e-02,  1.3690e-02, -3.6427e-03],
          [-1.9482e-02, -1.6561e-02, -1.5359e-02]],

         ...,

         [[-2.2335e-04, -4.7589e-03, -3.2601e-04],
          [-2.0810e-02, -1.9622e-02, -2.9220e-02],
          [ 9.7330e-03,  2.4308e-03, -1.2921e-02]],

         [[ 6.8868e-03,  1.5642e-02,  3.5508e-02],
          [ 3.1592e-03,  9.4882e-03,  1.2635e-02],
          [ 9.1149e-03,  1.8020e-02,  3.0632e-02]],

         [[ 2.1103e-03,  7.8757e-03,  1.0356e-02],
          [ 2.6246e-02,  4.0541e-02,  5.5681e-02],
          [ 1.5572e-02,  6.0168e-02,  5.6788e-02]]],


        [[[ 1.2945e-02,  1.6472e-02,  6.1269e-03],
          [ 3.0141e-02,  2.1134e-02,  2.2565e-02],
          [ 5.7467e-03,  1.2710e-02,  1.0928e-02]],

         [[-1.4434e-02, -2.0572e-02, -9.4161e-03],
          [-2.8209e-02, -5.1512e-02, -4.2346e-02],
          [-3.7598e-03, -3.7735e-02, -4.0739e-02]],

         [[ 8.1155e-04,  3.9526e-02, -2.7180e-03],
          [ 1.2886e-02,  3.3618e-02,  1.4745e-02],
          [-1.0171e-02, -4.7971e-03, -1.8360e-02]],

         ...,

         [[ 4.1275e-02,  6.7083e-03,  1.5195e-02],
          [-9.1438e-03, -3.8407e-02, -6.3909e-03],
          [-2.3623e-02, -6.0111e-02, -2.7997e-02]],

         [[-1.2172e-03, -3.7173e-02, -1.9350e-02],
          [-1.7569e-02, -2.7735e-02, -5.4208e-02],
          [-1.6360e-02, -4.8572e-02, -4.4997e-02]],

         [[ 4.1079e-03,  1.8879e-03,  7.8745e-03],
          [ 1.4909e-03, -4.6009e-03, -1.0003e-02],
          [-1.4186e-02, -8.4571e-03, -1.2643e-02]]],


        [[[-8.7522e-03, -5.5772e-03, -8.2976e-03],
          [-6.9251e-03, -4.6022e-03, -1.2506e-02],
          [-1.1312e-02, -1.5060e-02, -2.4986e-02]],

         [[ 3.4211e-02,  1.2543e-02,  1.4852e-02],
          [ 1.2355e-02, -2.8850e-02, -1.8901e-02],
          [ 3.6883e-03, -2.3802e-02, -1.9887e-02]],

         [[ 3.7921e-03,  2.2649e-02,  1.8304e-02],
          [ 3.5052e-03, -6.1498e-03,  1.0972e-02],
          [ 8.8016e-03, -2.7902e-02, -1.0337e-02]],

         ...,

         [[-9.0895e-03, -1.9394e-03, -1.4255e-02],
          [ 5.9566e-05,  4.4846e-02,  3.8476e-02],
          [ 5.8486e-03,  4.5670e-02,  4.3737e-02]],

         [[ 1.4750e-02,  7.8381e-03,  1.8619e-02],
          [ 5.8458e-03,  2.7253e-02,  1.5363e-02],
          [-7.9531e-05, -5.1205e-03,  3.6020e-03]],

         [[-2.0216e-02, -1.6964e-02, -2.7166e-02],
          [-2.1758e-02, -1.8562e-02, -2.0810e-02],
          [-3.5006e-02, -1.7728e-02, -2.5186e-02]]],


        ...,


        [[[ 2.1727e-03,  3.3640e-03,  2.6743e-02],
          [-1.5999e-02, -4.9665e-02, -2.0555e-02],
          [-1.7019e-02, -1.4606e-02, -1.9040e-02]],

         [[ 1.2360e-02,  3.3769e-02,  2.0724e-02],
          [-3.1141e-03, -1.6166e-02,  2.1305e-03],
          [ 2.5461e-03, -1.6297e-02,  3.1445e-03]],

         [[-1.1872e-02,  9.7456e-03, -1.3284e-02],
          [ 9.9785e-03,  3.3751e-02,  4.2908e-02],
          [ 1.8851e-03,  1.2085e-03,  2.5137e-02]],

         ...,

         [[ 2.5618e-04,  2.9174e-02,  1.2171e-02],
          [-1.1935e-02, -5.8064e-03, -7.7671e-03],
          [ 2.4207e-03, -7.2823e-03, -9.0921e-03]],

         [[-8.4911e-03,  2.6386e-03,  4.4413e-03],
          [ 7.9146e-03,  5.0936e-02, -1.1339e-03],
          [-9.2480e-03, -3.1546e-02, -1.5092e-02]],

         [[-1.0530e-02,  8.7836e-05, -2.0963e-03],
          [-4.0955e-04, -2.7727e-02, -1.7528e-02],
          [ 8.1861e-04,  7.1945e-03,  1.6845e-02]]],


        [[[ 1.3958e-02,  1.0208e-02,  3.4463e-03],
          [-1.3810e-02, -2.2109e-02, -2.2649e-02],
          [-1.1036e-02, -2.5798e-02, -2.4562e-02]],

         [[ 2.0942e-03,  5.3917e-02,  1.2435e-02],
          [ 5.2166e-03,  2.4494e-02,  1.4710e-02],
          [-1.8246e-02, -2.0801e-02, -2.3809e-02]],

         [[ 3.9469e-03,  2.9341e-02,  1.3268e-04],
          [-5.0584e-04,  2.2276e-02, -1.2263e-02],
          [-4.4648e-03, -2.2235e-02, -1.4700e-02]],

         ...,

         [[ 1.9184e-02,  2.5010e-02,  3.0424e-02],
          [-9.2398e-03, -5.2241e-03,  9.3452e-03],
          [-2.3989e-02, -3.8705e-02, -2.2431e-02]],

         [[ 1.8420e-02,  5.1918e-02,  4.9234e-02],
          [ 7.2619e-03,  1.9507e-02,  3.4753e-02],
          [-3.0644e-03, -1.5869e-02, -1.3127e-02]],

         [[-1.1618e-02, -3.2013e-02, -3.5456e-02],
          [ 2.0244e-03, -1.3311e-02, -2.3154e-03],
          [ 3.6565e-02,  1.8830e-02,  3.0316e-02]]],


        [[[ 1.6969e-02, -1.4415e-03,  1.1541e-02],
          [-8.0530e-03, -8.0806e-04, -7.4005e-03],
          [ 2.3438e-02,  2.7727e-03, -2.3147e-03]],

         [[-1.6014e-02,  2.2082e-03, -7.4579e-03],
          [ 1.3355e-02,  5.9460e-02,  2.4833e-02],
          [-1.5656e-02,  1.7463e-02,  1.9031e-02]],

         [[ 2.0710e-02,  3.1516e-02,  1.8303e-02],
          [-8.0411e-04, -1.3418e-02,  2.0722e-02],
          [ 4.7449e-03,  1.5379e-03,  1.5353e-02]],

         ...,

         [[ 3.9887e-03, -2.0493e-03,  2.9296e-03],
          [-5.8644e-03, -1.0441e-02,  9.8653e-03],
          [-1.2672e-02, -9.0291e-04,  1.4245e-02]],

         [[-5.0753e-03, -3.4371e-02,  4.5608e-03],
          [ 9.6454e-03,  2.7692e-02, -1.3116e-03],
          [ 9.5254e-03,  5.7823e-02,  2.5168e-02]],

         [[-9.0689e-03, -1.7156e-02,  5.7536e-03],
          [-3.0614e-02, -2.8070e-02, -1.3532e-02],
          [-1.4055e-02, -1.4890e-02, -2.6231e-02]]]], device='cuda:0')), ('layer3.0.bn2.weight', tensor([0.3237, 0.2115, 0.2608, 0.3549, 0.2806, 0.2578, 0.3061, 0.3070, 0.3337,
        0.2999, 0.2507, 0.2470, 0.3132, 0.4138, 0.3014, 0.3036, 0.3128, 0.4406,
        0.3738, 0.2535, 0.2894, 0.3067, 0.2728, 0.3911, 0.2936, 0.3547, 0.3397,
        0.5392, 0.4190, 0.3884, 0.2717, 0.2802, 0.3224, 0.1927, 0.2746, 0.3188,
        0.3535, 0.2727, 0.1906, 0.3277, 0.2828, 0.3038, 0.2202, 0.2649, 0.2983,
        0.2122, 0.2170, 0.2931, 0.3238, 0.3754, 0.2559, 0.3769, 0.2906, 0.3350,
        0.3232, 0.3048, 0.3290, 0.2238, 0.3015, 0.3364, 0.2892, 0.2223, 0.3300,
        0.3223, 0.3989, 0.2985, 0.4875, 0.2858, 0.2717, 0.4343, 0.2835, 0.2348,
        0.2480, 0.3122, 0.3720, 0.3227, 0.3409, 0.3250, 0.2886, 0.2885, 0.3212,
        0.2325, 0.3380, 0.2774, 0.2941, 0.2696, 0.4432, 0.2915, 0.3751, 0.2796,
        0.3009, 0.3247, 0.3867, 0.2403, 0.2568, 0.2811, 0.3161, 0.3402, 0.2277,
        0.3592, 0.5061, 0.3563, 0.2483, 0.1829, 0.2264, 0.3594, 0.2870, 0.3906,
        0.4414, 0.2041, 0.2543, 0.2188, 0.4084, 0.3627, 0.4267, 0.2308, 0.3521,
        0.6983, 0.3763, 0.2857, 0.3700, 0.3166, 0.3614, 0.2892, 0.4148, 0.2475,
        0.2847, 0.3754, 0.4933, 0.2835, 0.2402, 0.3473, 0.1854, 0.2846, 0.3088,
        0.3576, 0.2818, 0.6837, 0.2856, 0.2904, 0.3136, 0.4906, 0.2159, 0.2859,
        0.2508, 0.4148, 0.3046, 0.3214, 0.3335, 0.4964, 0.3905, 0.2300, 0.2678,
        0.4209, 0.3446, 0.3533, 0.2878, 0.2589, 0.2398, 0.2806, 0.3820, 0.2933,
        0.3454, 0.1894, 0.3075, 0.3431, 0.3934, 0.3911, 0.3226, 0.2816, 0.4606,
        0.2665, 0.2666, 0.4459, 0.3191, 0.3628, 0.3338, 0.4406, 0.3955, 0.3689,
        0.3514, 0.3559, 0.3280, 0.4176, 0.2936, 0.3031, 0.3012, 0.4301, 0.2295,
        0.3842, 0.2239, 0.2207, 0.3198, 0.3245, 0.2569, 0.3063, 0.2903, 0.2341,
        0.4167, 0.4080, 0.3278, 0.3593, 0.3010, 0.3162, 0.4428, 0.4017, 0.2027,
        0.3848, 0.2543, 0.2340, 0.2352, 0.3317, 0.2308, 0.3738, 0.4713, 0.3548,
        0.2763, 0.1963, 0.3042, 0.3437, 0.2976, 0.2586, 0.2635, 0.3458, 0.3792,
        0.4385, 0.3752, 0.3119, 0.2572, 0.3996, 0.2531, 0.3105, 0.2943, 0.3031,
        0.2914, 0.2294, 0.2812, 0.2975, 0.1858, 0.2806, 0.2465, 0.3935, 0.3482,
        0.2473, 0.2170, 0.2665, 0.4096, 0.3476, 0.4239, 0.2655, 0.3335, 0.2851,
        0.3897, 0.3686, 0.2673, 0.3381], device='cuda:0')), ('layer3.0.bn2.bias', tensor([-2.6404e-02,  9.7914e-02, -9.3508e-03, -9.1460e-02,  9.1272e-03,
         4.1709e-02, -3.3002e-02,  5.8807e-03,  1.2629e-03,  4.5822e-02,
         6.2457e-02,  3.2679e-02, -4.9596e-02,  2.0993e-02, -8.4396e-03,
        -3.4857e-02, -4.5816e-02, -1.9424e-01, -6.8189e-02,  7.5556e-02,
        -3.9692e-02, -8.1441e-02,  1.2836e-01, -1.3012e-01, -6.1926e-02,
        -9.6473e-03, -9.5251e-02, -1.7372e-01, -1.2306e-02, -9.6908e-02,
         6.9825e-05, -3.4054e-02, -1.3992e-02,  1.4253e-01, -5.5973e-03,
         7.9734e-03, -5.0181e-02,  3.2242e-02,  8.1338e-02, -4.6631e-02,
        -4.6919e-02,  1.3863e-02,  6.6700e-02,  1.4037e-02, -4.4984e-02,
         5.6224e-02,  4.0689e-02, -5.4925e-02,  3.1108e-03, -1.0326e-01,
         8.6309e-03, -1.0703e-01, -1.9048e-02, -2.2321e-02, -3.5254e-02,
         1.7614e-02, -1.3940e-01,  3.5379e-02, -9.5829e-03, -1.1341e-02,
        -3.2573e-02,  7.2588e-02, -6.5443e-02, -7.0475e-03, -3.3360e-02,
        -2.7242e-02, -1.4228e-01,  1.1614e-01,  6.6309e-02, -2.1473e-01,
         4.3812e-02,  4.8425e-02,  3.1092e-02, -1.5273e-04, -1.4399e-01,
        -2.5989e-02, -7.1072e-02, -7.0434e-02, -1.9175e-02,  1.8589e-02,
        -4.0162e-02,  1.6969e-02, -6.9328e-02, -5.6651e-02,  1.0301e-02,
         2.1927e-02, -2.5624e-01,  5.3731e-03, -1.0368e-01,  2.7727e-02,
         1.4711e-02, -4.9973e-02, -1.5311e-01,  9.9300e-02,  5.0065e-02,
         6.7132e-02, -5.6370e-02,  7.1367e-03,  9.4542e-02, -2.0610e-02,
        -2.3026e-01, -6.2800e-02,  3.0559e-02,  1.1075e-01,  7.4834e-02,
        -3.3388e-02,  4.3025e-02, -1.5135e-01, -1.6444e-01,  1.2200e-01,
         7.3043e-02,  5.9731e-02, -5.0112e-02, -9.6334e-02, -1.8781e-01,
         8.3740e-02, -4.9013e-02, -3.1069e-01, -5.8844e-02, -8.0855e-02,
        -2.7241e-01,  2.7500e-02, -1.3567e-01,  1.9318e-02, -3.9173e-02,
         5.2350e-02, -4.0606e-02, -1.5239e-01, -1.7415e-01,  9.0419e-02,
         7.0264e-02, -8.1228e-02,  1.0628e-01, -4.9838e-02, -4.2625e-02,
        -3.9356e-02,  3.0192e-02, -3.7961e-01,  1.4772e-02,  4.4315e-03,
        -5.0958e-02, -2.8934e-01,  8.6683e-02,  2.6027e-02,  1.5162e-02,
        -8.6456e-02, -9.6346e-02, -2.4972e-02,  3.5183e-02, -2.6215e-01,
        -1.6189e-01,  7.7498e-02,  3.0310e-02, -1.0963e-01, -1.3689e-02,
        -1.0111e-01,  1.6058e-02,  1.1311e-02,  7.5246e-02,  1.3621e-02,
        -4.3111e-02,  2.3115e-02, -8.1576e-02, -3.0353e-02,  7.2660e-03,
        -4.0542e-02, -1.6547e-01, -9.5992e-02, -3.4667e-02,  3.9897e-02,
        -2.9702e-01, -6.3277e-03,  1.5042e-02, -2.5932e-01, -7.8451e-02,
        -1.0710e-01, -1.1341e-02, -7.1287e-02, -1.0285e-01, -3.2096e-02,
        -1.4453e-01, -5.3848e-02, -5.7613e-02, -5.5239e-02, -4.0965e-02,
        -1.1396e-02,  1.9227e-02, -6.7679e-02, -6.2463e-02, -1.4509e-01,
         3.6691e-02,  7.8731e-02, -1.0877e-02, -3.6631e-02,  2.9401e-02,
        -4.6629e-02, -7.0944e-02,  1.0205e-01, -1.7796e-01, -2.0974e-01,
        -5.6697e-02, -1.1540e-01,  4.0550e-02, -4.5556e-02, -1.8389e-01,
        -1.1241e-01,  5.2778e-02, -6.2809e-02,  1.3144e-02, -5.1703e-04,
         7.8349e-02, -6.4805e-02,  8.2945e-02, -6.1380e-03, -1.8935e-01,
         1.6622e-02,  7.4451e-02,  1.0131e-01, -2.6576e-02,  2.4689e-02,
        -4.7359e-02,  2.8098e-02,  2.1398e-02, -2.4927e-02,  4.2870e-03,
        -2.1162e-01, -1.3139e-01, -2.0865e-02, -3.4709e-03, -4.9077e-02,
         5.1414e-02, -5.6651e-02,  1.5312e-02, -5.2860e-02,  6.5217e-02,
         5.4317e-02, -4.2340e-03,  3.6383e-02,  8.1496e-02,  8.9688e-03,
         5.7695e-02, -2.0302e-01, -7.5707e-02,  4.7539e-02,  7.5185e-02,
         7.4871e-02, -1.6084e-01, -8.4614e-02, -1.6774e-01,  4.7837e-03,
        -6.8822e-02,  3.8105e-02, -1.0028e-01, -2.2346e-02,  1.5005e-02,
        -1.0106e-01], device='cuda:0')), ('layer3.0.bn2.running_mean', tensor([-0.1512, -0.4319, -0.0538, -0.0206, -0.3252, -0.0834, -0.0940, -0.2629,
        -0.1248, -0.2883,  0.0455, -0.2169, -0.0369, -0.3508, -0.0323, -0.0177,
        -0.2820,  0.0541, -0.1808, -0.0838, -0.2877, -0.2220, -0.1030, -0.1891,
        -0.2780,  0.0183, -0.1313, -0.3315, -0.5044, -0.1461, -0.2623, -0.2326,
        -0.1547, -0.2492,  0.0900, -0.0131,  0.1239, -0.1429,  0.0440, -0.2465,
        -0.0226, -0.0538,  0.0510, -0.1953, -0.0214,  0.0574,  0.2557, -0.1485,
        -0.1784, -0.0417, -0.1617, -0.1174,  0.0068, -0.3778, -0.0417, -0.6590,
        -0.0970, -0.1077, -0.3835, -0.1516,  0.1989, -0.0718, -0.1530, -0.4178,
        -0.3067,  0.1337, -0.2280, -0.0724, -0.0816, -0.3780, -0.0313, -0.2329,
        -0.0212, -0.3497, -0.0797, -0.1294, -0.2827, -0.1510,  0.1529,  0.0054,
         0.1817,  0.1555,  0.1258, -0.2280, -0.0233, -0.2099, -0.3572, -0.0989,
        -0.1336,  0.1203, -0.2623, -0.1634, -0.1661, -0.2472, -0.2324, -0.2547,
        -0.1586, -0.0606, -0.1699, -0.0517, -0.3007, -0.1777,  0.0159, -0.0330,
        -0.1136,  0.0472, -0.4759, -0.2907, -0.3344, -0.2659, -0.0432,  0.2134,
        -0.6589, -0.1579, -0.2243, -0.0150, -0.3032, -0.0823, -0.2155, -0.0132,
        -0.0903, -0.2653, -0.3291, -0.1892,  0.0116, -0.1516, -0.2560, -0.1766,
        -0.1650, -0.1434, -0.0019,  0.2531, -0.0665,  0.0082,  0.1295, -0.1481,
         0.0376, -0.2265, -0.1798,  0.0481,  0.0453, -0.3183, -0.1618,  0.1650,
        -0.1307, -0.1886, -0.1428, -0.3477, -0.1076, -0.3422, -0.1409,  0.0403,
        -0.1520, -0.2483, -0.3288, -0.0654, -0.0120, -0.0632, -0.1791,  0.0585,
         0.0483, -0.3571, -0.3125, -0.0110, -0.0786, -0.2108, -0.1127, -0.2056,
        -0.1326, -0.1840, -0.1785,  0.0008, -0.1937, -0.2718, -0.1766, -0.0761,
        -0.1589, -0.3160, -0.3094, -0.0400, -0.0735, -0.4263, -0.1229, -0.0268,
        -0.1167, -0.2448, -0.1208,  0.0718,  0.3384, -0.2142, -0.1673, -0.1363,
        -0.2600, -0.1259, -0.0157, -0.1149,  0.1194, -0.0175, -0.2003, -0.2730,
         0.1530,  0.2236,  0.1860, -0.2146, -0.1873,  0.1112,  0.0591, -0.1317,
        -0.1042, -0.2442, -0.1693,  0.0768,  0.0837, -0.2049, -0.2472, -0.2734,
        -0.0118, -0.0090, -0.1788, -0.0851,  0.1426, -0.1467,  0.1536, -0.1778,
        -0.0519, -0.4175,  0.1444,  0.0192, -0.3107, -0.5978, -0.1751,  0.0476,
        -0.1452, -0.1555, -0.0132,  0.2113, -0.1664, -0.2784,  0.0676,  0.2213,
         0.0766,  0.1291, -0.1105, -0.0406,  0.0098, -0.1114, -0.2790, -0.1600,
        -0.1331,  0.0579, -0.2165,  0.0350,  0.2450, -0.2454, -0.0789, -0.1298],
       device='cuda:0')), ('layer3.0.bn2.running_var', tensor([0.0962, 0.0935, 0.0793, 0.1027, 0.0945, 0.1644, 0.0621, 0.0876, 0.1176,
        0.1232, 0.1473, 0.1140, 0.1078, 0.2719, 0.0831, 0.1121, 0.1043, 0.0730,
        0.0851, 0.1012, 0.0763, 0.0718, 0.2318, 0.0836, 0.0575, 0.1203, 0.0734,
        0.1149, 0.1828, 0.1481, 0.0826, 0.0955, 0.0960, 0.1233, 0.0945, 0.0928,
        0.0629, 0.1404, 0.0814, 0.0955, 0.0682, 0.1454, 0.1009, 0.0967, 0.0706,
        0.0979, 0.0761, 0.0887, 0.1008, 0.0819, 0.0792, 0.0971, 0.1242, 0.1540,
        0.0926, 0.1421, 0.0693, 0.0936, 0.1391, 0.1938, 0.0967, 0.1388, 0.0615,
        0.1374, 0.1892, 0.0918, 0.1359, 0.1874, 0.1396, 0.0828, 0.1779, 0.1623,
        0.1233, 0.1097, 0.0487, 0.1387, 0.0595, 0.0689, 0.1099, 0.1092, 0.0800,
        0.1052, 0.0639, 0.0667, 0.1051, 0.1582, 0.0811, 0.1011, 0.0638, 0.2259,
        0.1909, 0.0727, 0.0753, 0.1531, 0.1335, 0.1658, 0.0748, 0.2003, 0.1198,
        0.1421, 0.1026, 0.1306, 0.0842, 0.0769, 0.1294, 0.0691, 0.1812, 0.0619,
        0.1202, 0.1125, 0.1688, 0.1116, 0.1491, 0.0777, 0.0650, 0.1113, 0.1068,
        0.0785, 0.1247, 0.0603, 0.0570, 0.1478, 0.0618, 0.1021, 0.1927, 0.1169,
        0.0811, 0.0590, 0.1291, 0.1969, 0.0940, 0.1046, 0.1072, 0.0661, 0.0784,
        0.0832, 0.1656, 0.1135, 0.1090, 0.1239, 0.1075, 0.0808, 0.0917, 0.0900,
        0.0781, 0.1265, 0.0745, 0.1184, 0.0907, 0.0887, 0.0890, 0.1019, 0.1416,
        0.1060, 0.1163, 0.0851, 0.0779, 0.0938, 0.1400, 0.1719, 0.0856, 0.1153,
        0.1178, 0.0412, 0.1049, 0.1087, 0.0740, 0.0672, 0.0765, 0.1354, 0.0532,
        0.1022, 0.0742, 0.0570, 0.1182, 0.0795, 0.0868, 0.1569, 0.1092, 0.1166,
        0.0523, 0.0603, 0.0749, 0.1390, 0.0630, 0.1312, 0.1375, 0.2024, 0.0615,
        0.0704, 0.1074, 0.1203, 0.1263, 0.1193, 0.1095, 0.0719, 0.0651, 0.1214,
        0.0599, 0.0841, 0.1040, 0.0552, 0.1387, 0.0698, 0.0765, 0.0672, 0.0975,
        0.1256, 0.1108, 0.0790, 0.1242, 0.0682, 0.1294, 0.1637, 0.0936, 0.1460,
        0.1721, 0.0920, 0.1080, 0.0902, 0.0784, 0.0995, 0.0894, 0.1245, 0.1253,
        0.0675, 0.0658, 0.0811, 0.0740, 0.1200, 0.1474, 0.0897, 0.1010, 0.0597,
        0.1120, 0.0869, 0.0871, 0.1269, 0.0711, 0.0832, 0.1321, 0.0446, 0.0878,
        0.1066, 0.0936, 0.1418, 0.0898, 0.0887, 0.0650, 0.0773, 0.0732, 0.1011,
        0.0862, 0.0976, 0.0961, 0.0731], device='cuda:0')), ('layer3.0.bn2.num_batches_tracked', tensor(575, device='cuda:0')), ('layer3.0.downsample.0.weight', tensor([[[[ 9.0614e-03]],

         [[-1.9151e-02]],

         [[-1.3404e-02]],

         ...,

         [[-1.1836e-02]],

         [[ 3.7557e-03]],

         [[ 5.0502e-03]]],


        [[[-1.3755e-02]],

         [[-5.9221e-02]],

         [[-3.6554e-02]],

         ...,

         [[ 2.6556e-02]],

         [[ 3.5766e-02]],

         [[ 2.2350e-02]]],


        [[[ 8.0883e-03]],

         [[ 2.0293e-02]],

         [[-1.3114e-02]],

         ...,

         [[-2.6624e-02]],

         [[ 7.7008e-03]],

         [[ 3.6316e-04]]],


        ...,


        [[[ 3.1475e-02]],

         [[-4.2435e-02]],

         [[ 2.2770e-02]],

         ...,

         [[-3.3569e-02]],

         [[-3.0337e-03]],

         [[-1.9752e-02]]],


        [[[-1.3463e-02]],

         [[-2.0234e-02]],

         [[ 9.1529e-03]],

         ...,

         [[ 1.4305e-02]],

         [[ 3.3068e-02]],

         [[ 9.8462e-05]]],


        [[[ 1.5228e-03]],

         [[-2.2322e-02]],

         [[-4.2569e-04]],

         ...,

         [[-1.8510e-02]],

         [[ 4.6095e-02]],

         [[ 1.6662e-02]]]], device='cuda:0')), ('layer3.0.downsample.1.weight', tensor([0.0692, 0.0528, 0.0397, 0.1656, 0.0631, 0.0472, 0.1199, 0.1115, 0.0427,
        0.0412, 0.0433, 0.0730, 0.0775, 0.1098, 0.0969, 0.0534, 0.1035, 0.2167,
        0.0451, 0.0395, 0.1365, 0.0580, 0.0307, 0.0893, 0.1672, 0.0983, 0.1368,
        0.0565, 0.0560, 0.0706, 0.0846, 0.1096, 0.0458, 0.0473, 0.0811, 0.1144,
        0.0819, 0.0440, 0.0451, 0.1038, 0.1421, 0.0749, 0.0499, 0.0604, 0.1061,
        0.0512, 0.0367, 0.1311, 0.0633, 0.1053, 0.0925, 0.1470, 0.0878, 0.0718,
        0.1046, 0.0749, 0.1406, 0.0443, 0.0963, 0.0646, 0.1286, 0.0555, 0.1164,
        0.0944, 0.0921, 0.1578, 0.0511, 0.0206, 0.0404, 0.0948, 0.0260, 0.0673,
        0.0854, 0.1171, 0.1713, 0.0668, 0.1326, 0.0618, 0.0492, 0.0652, 0.1096,
        0.0629, 0.1122, 0.1123, 0.1088, 0.0443, 0.0769, 0.0955, 0.0649, 0.0484,
        0.0418, 0.1716, 0.0933, 0.0326, 0.0446, 0.0402, 0.0891, 0.0831, 0.0393,
        0.0461, 0.1020, 0.1063, 0.1077, 0.0490, 0.0413, 0.0748, 0.0401, 0.1060,
        0.1182, 0.0433, 0.0495, 0.0414, 0.0531, 0.1046, 0.0748, 0.0287, 0.1093,
        0.1725, 0.0761, 0.0691, 0.1095, 0.0481, 0.1021, 0.1138, 0.0991, 0.0453,
        0.0681, 0.0694, 0.1391, 0.0413, 0.0416, 0.1757, 0.0636, 0.1156, 0.0634,
        0.0825, 0.0428, 0.2881, 0.0679, 0.0397, 0.1194, 0.1096, 0.0596, 0.0475,
        0.0361, 0.0732, 0.1015, 0.0989, 0.0584, 0.1104, 0.1505, 0.0359, 0.0413,
        0.1000, 0.0938, 0.0843, 0.0951, 0.0468, 0.0238, 0.0473, 0.1153, 0.0735,
        0.1760, 0.0247, 0.0660, 0.0749, 0.1604, 0.0854, 0.1136, 0.0516, 0.1380,
        0.0378, 0.0810, 0.1180, 0.1199, 0.0921, 0.0890, 0.0369, 0.1002, 0.0485,
        0.0695, 0.0623, 0.1573, 0.0503, 0.1264, 0.0599, 0.0743, 0.1062, 0.0507,
        0.0905, 0.0880, 0.0189, 0.0300, 0.0978, 0.0585, 0.0576, 0.1083, 0.0494,
        0.0671, 0.1172, 0.0837, 0.1633, 0.0479, 0.1235, 0.1216, 0.0977, 0.0377,
        0.0731, 0.0393, 0.1198, 0.0320, 0.0848, 0.0588, 0.0952, 0.0954, 0.0265,
        0.0370, 0.0575, 0.0706, 0.0530, 0.0367, 0.0987, 0.0942, 0.0510, 0.0218,
        0.1117, 0.1884, 0.0682, 0.1354, 0.1183, 0.0303, 0.0657, 0.0617, 0.1103,
        0.0329, 0.0734, 0.0825, 0.0389, 0.0397, 0.0956, 0.0451, 0.1690, 0.1075,
        0.0754, 0.0392, 0.0253, 0.1543, 0.1144, 0.0874, 0.0521, 0.0730, 0.0708,
        0.0771, 0.0813, 0.0634, 0.1290], device='cuda:0')), ('layer3.0.downsample.1.bias', tensor([-2.6404e-02,  9.7914e-02, -9.3508e-03, -9.1460e-02,  9.1272e-03,
         4.1709e-02, -3.3002e-02,  5.8807e-03,  1.2629e-03,  4.5822e-02,
         6.2457e-02,  3.2679e-02, -4.9596e-02,  2.0993e-02, -8.4396e-03,
        -3.4857e-02, -4.5816e-02, -1.9424e-01, -6.8189e-02,  7.5556e-02,
        -3.9692e-02, -8.1441e-02,  1.2836e-01, -1.3012e-01, -6.1926e-02,
        -9.6473e-03, -9.5251e-02, -1.7372e-01, -1.2306e-02, -9.6908e-02,
         6.9825e-05, -3.4054e-02, -1.3992e-02,  1.4253e-01, -5.5973e-03,
         7.9734e-03, -5.0181e-02,  3.2242e-02,  8.1338e-02, -4.6631e-02,
        -4.6919e-02,  1.3863e-02,  6.6700e-02,  1.4037e-02, -4.4984e-02,
         5.6224e-02,  4.0689e-02, -5.4925e-02,  3.1108e-03, -1.0326e-01,
         8.6309e-03, -1.0703e-01, -1.9048e-02, -2.2321e-02, -3.5254e-02,
         1.7614e-02, -1.3940e-01,  3.5379e-02, -9.5829e-03, -1.1341e-02,
        -3.2573e-02,  7.2588e-02, -6.5443e-02, -7.0475e-03, -3.3360e-02,
        -2.7242e-02, -1.4228e-01,  1.1614e-01,  6.6309e-02, -2.1473e-01,
         4.3812e-02,  4.8425e-02,  3.1092e-02, -1.5273e-04, -1.4399e-01,
        -2.5989e-02, -7.1072e-02, -7.0434e-02, -1.9175e-02,  1.8589e-02,
        -4.0162e-02,  1.6969e-02, -6.9328e-02, -5.6651e-02,  1.0301e-02,
         2.1927e-02, -2.5624e-01,  5.3731e-03, -1.0368e-01,  2.7727e-02,
         1.4711e-02, -4.9973e-02, -1.5311e-01,  9.9300e-02,  5.0065e-02,
         6.7132e-02, -5.6370e-02,  7.1367e-03,  9.4542e-02, -2.0610e-02,
        -2.3026e-01, -6.2800e-02,  3.0559e-02,  1.1075e-01,  7.4834e-02,
        -3.3388e-02,  4.3025e-02, -1.5135e-01, -1.6444e-01,  1.2200e-01,
         7.3043e-02,  5.9731e-02, -5.0112e-02, -9.6334e-02, -1.8781e-01,
         8.3740e-02, -4.9013e-02, -3.1069e-01, -5.8844e-02, -8.0855e-02,
        -2.7241e-01,  2.7500e-02, -1.3567e-01,  1.9318e-02, -3.9173e-02,
         5.2350e-02, -4.0606e-02, -1.5239e-01, -1.7415e-01,  9.0419e-02,
         7.0264e-02, -8.1228e-02,  1.0628e-01, -4.9838e-02, -4.2625e-02,
        -3.9356e-02,  3.0192e-02, -3.7961e-01,  1.4772e-02,  4.4315e-03,
        -5.0958e-02, -2.8934e-01,  8.6683e-02,  2.6027e-02,  1.5162e-02,
        -8.6456e-02, -9.6346e-02, -2.4972e-02,  3.5183e-02, -2.6215e-01,
        -1.6189e-01,  7.7498e-02,  3.0310e-02, -1.0963e-01, -1.3689e-02,
        -1.0111e-01,  1.6058e-02,  1.1311e-02,  7.5246e-02,  1.3621e-02,
        -4.3111e-02,  2.3115e-02, -8.1576e-02, -3.0353e-02,  7.2660e-03,
        -4.0542e-02, -1.6547e-01, -9.5992e-02, -3.4667e-02,  3.9897e-02,
        -2.9702e-01, -6.3277e-03,  1.5042e-02, -2.5932e-01, -7.8451e-02,
        -1.0710e-01, -1.1341e-02, -7.1287e-02, -1.0285e-01, -3.2096e-02,
        -1.4453e-01, -5.3848e-02, -5.7613e-02, -5.5239e-02, -4.0965e-02,
        -1.1396e-02,  1.9227e-02, -6.7679e-02, -6.2463e-02, -1.4509e-01,
         3.6691e-02,  7.8731e-02, -1.0877e-02, -3.6631e-02,  2.9401e-02,
        -4.6629e-02, -7.0944e-02,  1.0205e-01, -1.7796e-01, -2.0974e-01,
        -5.6697e-02, -1.1540e-01,  4.0550e-02, -4.5556e-02, -1.8389e-01,
        -1.1241e-01,  5.2778e-02, -6.2809e-02,  1.3144e-02, -5.1703e-04,
         7.8349e-02, -6.4805e-02,  8.2945e-02, -6.1380e-03, -1.8935e-01,
         1.6622e-02,  7.4451e-02,  1.0131e-01, -2.6576e-02,  2.4689e-02,
        -4.7359e-02,  2.8098e-02,  2.1398e-02, -2.4927e-02,  4.2870e-03,
        -2.1162e-01, -1.3139e-01, -2.0865e-02, -3.4709e-03, -4.9077e-02,
         5.1414e-02, -5.6651e-02,  1.5312e-02, -5.2860e-02,  6.5217e-02,
         5.4317e-02, -4.2340e-03,  3.6383e-02,  8.1496e-02,  8.9688e-03,
         5.7695e-02, -2.0302e-01, -7.5707e-02,  4.7539e-02,  7.5185e-02,
         7.4871e-02, -1.6084e-01, -8.4614e-02, -1.6774e-01,  4.7837e-03,
        -6.8822e-02,  3.8105e-02, -1.0028e-01, -2.2346e-02,  1.5005e-02,
        -1.0106e-01], device='cuda:0')), ('layer3.0.downsample.1.running_mean', tensor([-1.0060e-01, -1.2485e-01, -6.2604e-02, -1.9593e-01, -6.5624e-02,
        -2.1594e-02, -4.2151e-02, -2.2645e-01, -5.0396e-02,  5.3300e-02,
        -5.0169e-06,  5.3385e-02, -6.0997e-02, -3.5885e-02,  5.8233e-02,
        -8.4380e-02, -2.1181e-01, -1.6603e-01, -1.4819e-02, -7.0967e-02,
        -1.8932e-01, -1.7865e-02,  4.2761e-02, -1.7589e-01, -4.3794e-02,
        -1.7666e-01,  2.9846e-02, -9.3311e-02, -2.8645e-02, -1.9342e-01,
        -2.2194e-02,  1.4373e-01, -8.3994e-02, -1.9047e-01, -1.6560e-02,
        -5.3335e-02, -1.3029e-01, -1.2485e-02,  7.2839e-02, -1.9523e-02,
        -1.5316e-01, -8.0204e-02, -1.4088e-01,  1.7418e-02,  1.1374e-02,
         1.0201e-01, -8.7027e-02,  7.0245e-02, -1.3292e-01, -1.4500e-01,
         1.3397e-01, -9.2617e-02, -1.7487e-01, -2.2463e-01, -8.1832e-03,
         1.0302e-02,  1.1738e-01, -9.9333e-02, -1.9522e-01,  2.9940e-02,
        -2.6733e-01, -1.4115e-01, -8.3626e-02, -1.7849e-01,  5.5815e-03,
        -2.1512e-01, -3.3871e-02, -8.6192e-02, -4.5635e-02, -2.9832e-03,
        -4.8486e-02,  1.5057e-01,  5.6856e-02, -7.7000e-02, -1.0742e-01,
        -1.7870e-02, -1.7208e-01,  1.6148e-02,  3.8615e-02, -9.6370e-02,
        -8.2317e-02,  2.0672e-03, -2.0551e-02,  4.8174e-02, -6.5794e-02,
        -6.3389e-02, -3.8015e-03, -9.3356e-02, -3.0025e-02,  7.0625e-02,
         3.2386e-03, -2.9409e-01, -1.8887e-01,  5.5665e-02, -3.8436e-02,
         2.5440e-04, -1.2815e-02, -1.5189e-01, -7.5617e-03,  4.2855e-02,
         2.0940e-02, -1.5082e-01, -2.1577e-02, -6.8800e-03, -2.1465e-02,
        -3.3312e-03, -8.5629e-02,  2.3602e-03,  1.4436e-02, -1.3309e-01,
        -5.6078e-02,  9.1689e-02, -6.4392e-02, -2.6289e-02, -4.0913e-02,
         3.6115e-02, -9.8467e-02, -6.5694e-02, -7.7772e-02, -1.3430e-01,
        -5.5625e-02, -5.6844e-02,  1.0637e-01, -8.4232e-02, -7.1154e-02,
        -9.5274e-02, -3.8870e-02, -1.4178e-01, -4.8194e-02, -4.3604e-02,
        -4.3212e-02, -6.9782e-02, -1.6736e-01,  2.2808e-02,  2.4298e-02,
        -1.8654e-02, -3.7210e-02, -9.6132e-02,  1.7920e-03,  9.0697e-02,
        -2.2711e-01,  2.1694e-02, -1.2735e-02, -2.0550e-02,  6.3425e-02,
        -2.0286e-01, -2.1755e-01, -3.5064e-04,  2.9364e-02, -1.0864e-02,
        -1.5141e-01,  1.8015e-02,  8.8009e-03, -1.7012e-01,  7.1015e-02,
        -1.5876e-01, -9.1177e-02,  6.5874e-02, -3.1915e-02,  8.7803e-03,
        -7.1951e-02, -9.2879e-02, -2.2177e-01, -4.9216e-02,  7.7967e-02,
        -1.2399e-01, -1.0562e-01, -8.2643e-02,  5.1522e-02, -1.1645e-01,
        -1.4803e-01, -9.3564e-02,  2.4520e-02, -8.0395e-02,  5.8332e-02,
         6.6784e-02, -1.1976e-01, -3.0691e-02,  4.6488e-02, -1.9653e-02,
        -1.2619e-01, -9.6094e-02, -2.9265e-01, -9.5323e-02, -3.5801e-02,
        -4.2320e-02, -5.6762e-02, -5.2918e-02, -8.6368e-02, -5.9923e-02,
         6.3604e-02, -2.6906e-02, -4.4854e-02,  7.1147e-03, -5.8910e-02,
        -2.2260e-02,  5.1866e-02, -6.2879e-02,  3.0495e-02, -1.5955e-01,
        -1.2573e-01,  3.7983e-02,  2.1523e-02, -9.0778e-03, -9.4992e-02,
        -4.1426e-02,  7.7215e-02, -1.4702e-01, -1.5992e-02, -1.0079e-01,
         5.6588e-02,  6.7548e-02, -1.6667e-03,  4.5387e-02, -1.9681e-02,
         7.2230e-02,  2.1692e-02,  1.2304e-01, -8.9797e-03, -2.4995e-02,
         1.2422e-02, -1.0287e-02, -2.2814e-02, -1.0970e-01,  6.4995e-02,
        -1.3077e-01, -1.9453e-01, -7.2887e-02, -1.5123e-01,  5.4330e-04,
        -2.8159e-02,  1.1408e-02, -4.2708e-02,  5.9161e-02, -1.1880e-01,
        -1.6356e-01,  3.8686e-02, -1.6851e-01,  7.2592e-02,  5.5773e-03,
        -8.9000e-02,  1.0749e-01, -4.3960e-02,  1.4259e-02,  1.2227e-02,
        -2.5449e-02, -1.6734e-01, -1.1147e-01, -9.9973e-02,  4.7661e-02,
        -1.3277e-01, -2.6744e-03, -8.3574e-02, -4.8341e-02,  9.9542e-03,
        -1.1633e-01], device='cuda:0')), ('layer3.0.downsample.1.running_var', tensor([0.0133, 0.0152, 0.0062, 0.0228, 0.0104, 0.0130, 0.0168, 0.0193, 0.0065,
        0.0078, 0.0099, 0.0204, 0.0127, 0.0409, 0.0169, 0.0090, 0.0152, 0.0228,
        0.0079, 0.0051, 0.0270, 0.0042, 0.0077, 0.0162, 0.0220, 0.0260, 0.0212,
        0.0063, 0.0116, 0.0116, 0.0128, 0.0225, 0.0103, 0.0164, 0.0141, 0.0191,
        0.0085, 0.0113, 0.0123, 0.0121, 0.0223, 0.0156, 0.0134, 0.0125, 0.0111,
        0.0101, 0.0069, 0.0251, 0.0109, 0.0148, 0.0189, 0.0215, 0.0233, 0.0173,
        0.0217, 0.0157, 0.0211, 0.0127, 0.0190, 0.0230, 0.0294, 0.0166, 0.0147,
        0.0237, 0.0271, 0.0288, 0.0096, 0.0061, 0.0103, 0.0097, 0.0113, 0.0211,
        0.0244, 0.0205, 0.0178, 0.0125, 0.0174, 0.0093, 0.0101, 0.0140, 0.0212,
        0.0139, 0.0169, 0.0181, 0.0240, 0.0105, 0.0053, 0.0163, 0.0087, 0.0143,
        0.0123, 0.0312, 0.0160, 0.0067, 0.0086, 0.0089, 0.0138, 0.0243, 0.0122,
        0.0097, 0.0129, 0.0143, 0.0201, 0.0086, 0.0112, 0.0115, 0.0097, 0.0150,
        0.0181, 0.0099, 0.0159, 0.0111, 0.0116, 0.0149, 0.0075, 0.0054, 0.0205,
        0.0103, 0.0134, 0.0083, 0.0122, 0.0106, 0.0155, 0.0207, 0.0256, 0.0099,
        0.0115, 0.0071, 0.0235, 0.0148, 0.0065, 0.0341, 0.0210, 0.0196, 0.0098,
        0.0121, 0.0117, 0.0396, 0.0105, 0.0067, 0.0221, 0.0084, 0.0159, 0.0105,
        0.0076, 0.0121, 0.0148, 0.0229, 0.0077, 0.0104, 0.0236, 0.0073, 0.0091,
        0.0134, 0.0144, 0.0103, 0.0153, 0.0048, 0.0056, 0.0114, 0.0131, 0.0166,
        0.0267, 0.0035, 0.0144, 0.0141, 0.0189, 0.0108, 0.0210, 0.0131, 0.0135,
        0.0067, 0.0146, 0.0097, 0.0187, 0.0140, 0.0144, 0.0062, 0.0144, 0.0061,
        0.0058, 0.0068, 0.0215, 0.0083, 0.0204, 0.0104, 0.0213, 0.0212, 0.0080,
        0.0132, 0.0237, 0.0070, 0.0083, 0.0152, 0.0132, 0.0096, 0.0120, 0.0197,
        0.0080, 0.0118, 0.0150, 0.0201, 0.0090, 0.0234, 0.0138, 0.0100, 0.0052,
        0.0151, 0.0115, 0.0270, 0.0104, 0.0119, 0.0154, 0.0196, 0.0116, 0.0109,
        0.0073, 0.0159, 0.0140, 0.0066, 0.0038, 0.0204, 0.0146, 0.0105, 0.0033,
        0.0121, 0.0311, 0.0078, 0.0263, 0.0188, 0.0079, 0.0058, 0.0090, 0.0158,
        0.0068, 0.0173, 0.0144, 0.0060, 0.0086, 0.0163, 0.0164, 0.0152, 0.0170,
        0.0164, 0.0089, 0.0063, 0.0238, 0.0197, 0.0078, 0.0093, 0.0158, 0.0118,
        0.0105, 0.0090, 0.0111, 0.0186], device='cuda:0')), ('layer3.0.downsample.1.num_batches_tracked', tensor(575, device='cuda:0')), ('layer3.1.conv1.weight', tensor([[[[ 5.2578e-02,  5.3451e-02,  4.3725e-02],
          [ 5.3881e-02,  6.0423e-02,  6.2159e-02],
          [ 2.7215e-02,  1.7457e-02,  2.9344e-02]],

         [[ 8.5832e-04,  2.4720e-03,  9.5996e-03],
          [ 4.5666e-03,  9.4052e-03,  2.5868e-02],
          [-1.7177e-02, -1.6222e-02,  2.3837e-03]],

         [[-1.5952e-02, -2.2897e-02, -2.6280e-02],
          [-1.6927e-02, -2.6990e-02, -2.9297e-02],
          [ 8.4263e-03,  5.7070e-03, -6.5043e-03]],

         ...,

         [[-4.4695e-02, -1.9243e-02, -5.1090e-02],
          [ 1.6439e-02,  4.9982e-02,  2.1608e-02],
          [-1.7328e-02, -8.0574e-03, -1.9651e-02]],

         [[-6.2203e-03, -1.5085e-02,  2.0862e-03],
          [-3.6425e-03, -1.1020e-02,  8.3964e-03],
          [-2.7819e-03,  1.4193e-03,  3.4262e-03]],

         [[-1.0582e-02,  4.3658e-03, -2.0331e-03],
          [-2.5455e-02, -6.9801e-03, -1.6504e-03],
          [-1.6285e-02, -7.3676e-03, -4.7477e-03]]],


        [[[-2.0753e-02, -6.7645e-03, -8.6580e-03],
          [-2.3179e-02, -1.3682e-02, -2.8690e-02],
          [-7.6688e-04,  1.3354e-02, -1.7677e-03]],

         [[-3.1606e-02, -4.1718e-02, -2.2764e-02],
          [-4.7109e-03, -1.6971e-02, -1.8093e-02],
          [ 4.9539e-02,  5.0537e-02,  3.8343e-02]],

         [[-4.1850e-02, -4.7398e-02, -3.4690e-02],
          [-9.5109e-03, -8.4583e-04, -1.0592e-02],
          [ 3.7961e-02,  5.4025e-02,  2.5117e-02]],

         ...,

         [[-2.3486e-02, -4.2416e-02, -3.6618e-02],
          [ 1.2307e-02,  2.0146e-02,  1.4584e-02],
          [-7.9166e-03, -3.3261e-02, -1.2076e-02]],

         [[ 1.6586e-02,  1.3371e-02,  1.1804e-02],
          [ 3.4678e-03,  8.5829e-03,  4.7560e-03],
          [ 1.9923e-02,  3.6540e-02,  1.3741e-02]],

         [[ 1.7501e-03,  3.0076e-03, -5.0685e-03],
          [ 2.6471e-02,  2.6843e-02, -1.3481e-03],
          [-1.2659e-02, -1.0116e-02, -5.4971e-03]]],


        [[[-1.6280e-02, -1.7821e-02, -2.5351e-02],
          [-1.3349e-02, -1.1043e-02, -1.5061e-02],
          [-5.4435e-03, -2.0641e-02, -1.1226e-02]],

         [[-5.4563e-03, -5.9987e-03,  1.6375e-02],
          [-8.3602e-03, -1.3614e-02,  3.5612e-03],
          [ 1.0686e-02,  1.2006e-02,  3.6960e-03]],

         [[-3.6448e-03, -4.9006e-03, -1.2649e-02],
          [-6.7919e-03, -1.2217e-02, -1.2686e-02],
          [-1.6856e-02, -2.7641e-02, -1.6942e-02]],

         ...,

         [[ 1.9316e-02,  2.2649e-03,  1.2744e-02],
          [-1.3168e-03, -9.3708e-03,  1.2854e-02],
          [-4.9631e-03, -1.6405e-02,  1.6217e-02]],

         [[ 2.0992e-03,  4.2143e-03,  1.0604e-02],
          [-3.3312e-03, -5.1849e-04,  8.3542e-03],
          [ 1.0909e-02,  1.5901e-02,  8.3145e-03]],

         [[ 7.5901e-03,  2.3937e-03,  1.4362e-02],
          [ 1.8771e-02,  5.7738e-03,  1.7242e-02],
          [ 3.8848e-03,  2.0458e-02,  1.1935e-02]]],


        ...,


        [[[ 1.8569e-02,  7.1767e-03, -5.3336e-03],
          [-2.0057e-02, -9.1011e-03, -3.1085e-04],
          [-9.3262e-03,  1.0229e-02,  9.8892e-03]],

         [[-8.0239e-03, -9.0757e-03,  1.2277e-02],
          [-5.5239e-03, -5.5234e-03,  1.1640e-02],
          [ 4.4953e-03, -8.4172e-03, -9.2865e-03]],

         [[-6.6099e-03, -9.1873e-03, -1.3850e-02],
          [-6.3889e-03, -3.7426e-03, -7.2544e-04],
          [-1.2857e-02, -1.5802e-02, -6.2672e-03]],

         ...,

         [[ 1.9156e-02,  4.3072e-03,  1.9441e-03],
          [-3.7946e-02, -2.4218e-03, -5.0024e-03],
          [-1.4336e-02, -3.3887e-02, -5.0485e-02]],

         [[ 1.1834e-02,  9.0634e-03, -9.6369e-03],
          [-2.7145e-02, -6.0817e-04, -2.7918e-03],
          [-2.0850e-02,  8.6628e-03,  9.0860e-03]],

         [[-1.2600e-02, -2.8054e-03,  1.2361e-02],
          [-1.4996e-03,  5.9775e-03, -1.2404e-02],
          [ 1.8994e-03, -1.0784e-02, -3.0674e-02]]],


        [[[-1.4446e-02, -6.3160e-02, -4.0909e-02],
          [-1.8199e-02, -4.6256e-02, -3.3060e-02],
          [ 4.1586e-02,  4.1501e-02,  6.0844e-02]],

         [[-3.0513e-04, -1.4304e-02, -2.6143e-02],
          [-6.3051e-03,  4.8690e-03, -1.2226e-02],
          [ 6.8214e-05, -2.0685e-02, -2.4265e-02]],

         [[-9.0129e-03, -6.6276e-04,  4.8534e-03],
          [-1.5714e-02,  5.4740e-03,  2.9082e-03],
          [-3.1550e-03,  7.4746e-04, -1.6932e-02]],

         ...,

         [[ 9.8154e-03, -2.6296e-03,  2.8023e-03],
          [ 1.0066e-02, -7.9371e-03, -2.9572e-02],
          [ 2.4350e-02, -6.3757e-04, -1.8196e-02]],

         [[-1.2780e-02, -3.5933e-03,  6.3535e-03],
          [-9.2725e-03, -2.3828e-02, -2.9368e-03],
          [ 4.4410e-03, -4.2609e-03,  3.6933e-03]],

         [[-1.5122e-02, -1.1228e-02, -2.7863e-02],
          [-4.0592e-02, -4.0227e-02, -3.9492e-02],
          [-2.1527e-02, -3.5152e-02, -1.9148e-02]]],


        [[[-2.2061e-02, -1.9981e-02, -3.4689e-02],
          [ 2.3587e-02,  4.4694e-02,  2.5976e-02],
          [ 3.4127e-02,  3.0824e-02,  2.4692e-02]],

         [[ 1.5463e-02,  1.3844e-02,  1.2086e-02],
          [ 2.1752e-02,  2.8277e-02,  1.5069e-02],
          [-1.5492e-03, -1.0940e-02, -4.7673e-03]],

         [[-5.5293e-03, -3.0404e-03,  1.7963e-03],
          [ 2.5726e-03, -8.1353e-03,  7.2078e-03],
          [ 1.1446e-02, -6.1577e-03,  1.2543e-02]],

         ...,

         [[ 4.9955e-03,  2.7590e-02,  1.0352e-02],
          [-4.0988e-02, -2.8627e-03, -2.6340e-02],
          [-1.6388e-02, -1.3217e-02, -3.5461e-02]],

         [[ 3.0526e-02,  5.9282e-02,  2.4770e-02],
          [-1.2027e-04,  2.4072e-02, -1.3469e-02],
          [ 1.5349e-02,  1.5546e-02, -2.1223e-02]],

         [[-4.1639e-03, -4.7662e-02, -2.1785e-02],
          [-2.3683e-03, -2.7119e-02, -2.1872e-02],
          [ 8.8371e-03,  1.2534e-03,  2.3805e-02]]]], device='cuda:0')), ('layer3.1.bn1.weight', tensor([0.2503, 0.1975, 0.2278, 0.2733, 0.3285, 0.2602, 0.2714, 0.3491, 0.2383,
        0.2895, 0.2768, 0.3033, 0.2311, 0.2647, 0.3000, 0.2396, 0.2730, 0.2690,
        0.2133, 0.3827, 0.2767, 0.2388, 0.2417, 0.2902, 0.2679, 0.2308, 0.2370,
        0.3128, 0.2970, 0.3345, 0.2209, 0.1930, 0.3167, 0.2592, 0.2898, 0.2922,
        0.3454, 0.2534, 0.2431, 0.2282, 0.3308, 0.3499, 0.2024, 0.2456, 0.2484,
        0.2461, 0.3261, 0.2529, 0.2644, 0.1929, 0.2547, 0.4131, 0.2490, 0.2100,
        0.2273, 0.2647, 0.2105, 0.2021, 0.2035, 0.3555, 0.2394, 0.3252, 0.1947,
        0.2435, 0.2832, 0.3753, 0.2751, 0.2109, 0.3873, 0.4764, 0.3025, 0.2877,
        0.3760, 0.2924, 0.2071, 0.1737, 0.2765, 0.3884, 0.3114, 0.1984, 0.2667,
        0.2305, 0.2420, 0.2336, 0.2664, 0.2792, 0.2272, 0.3179, 0.3821, 0.2532,
        0.2263, 0.2669, 0.3429, 0.3765, 0.3758, 0.2972, 0.3023, 0.2533, 0.2998,
        0.1934, 0.1958, 0.3193, 0.3630, 0.2152, 0.2480, 0.2267, 0.2131, 0.2866,
        0.2698, 0.2699, 0.3110, 0.2179, 0.2684, 0.2384, 0.3424, 0.2723, 0.2107,
        0.2977, 0.3199, 0.2788, 0.2865, 0.3477, 0.2674, 0.2633, 0.3182, 0.2886,
        0.1846, 0.2973, 0.3609, 0.2529, 0.1780, 0.2768, 0.2605, 0.2439, 0.2553,
        0.2239, 0.3419, 0.2911, 0.2871, 0.2900, 0.2403, 0.2379, 0.3645, 0.2682,
        0.3816, 0.2930, 0.2719, 0.4659, 0.3134, 0.2412, 0.3459, 0.2998, 0.2012,
        0.2303, 0.2515, 0.2658, 0.3279, 0.1611, 0.2262, 0.2190, 0.3606, 0.3219,
        0.2011, 0.2214, 0.2686, 0.2834, 0.2595, 0.3700, 0.2698, 0.2983, 0.1888,
        0.2145, 0.2483, 0.3129, 0.2481, 0.3688, 0.2353, 0.2457, 0.2940, 0.2494,
        0.2771, 0.2680, 0.2850, 0.3850, 0.1405, 0.2820, 0.3341, 0.2564, 0.2821,
        0.2344, 0.2319, 0.3295, 0.4104, 0.2638, 0.2554, 0.3410, 0.3231, 0.2395,
        0.2875, 0.3596, 0.2610, 0.2275, 0.2475, 0.2176, 0.2334, 0.4117, 0.2599,
        0.2837, 0.1985, 0.2365, 0.2751, 0.3032, 0.2438, 0.2727, 0.3572, 0.2518,
        0.3683, 0.2896, 0.2597, 0.3002, 0.2838, 0.3496, 0.2074, 0.2952, 0.3229,
        0.2910, 0.2598, 0.2978, 0.3871, 0.2183, 0.2236, 0.3242, 0.3167, 0.2951,
        0.2336, 0.3293, 0.2798, 0.2704, 0.2327, 0.2844, 0.3330, 0.2303, 0.3507,
        0.2645, 0.3588, 0.4008, 0.2947, 0.3070, 0.3460, 0.2835, 0.2752, 0.2022,
        0.2411, 0.2962, 0.2043, 0.2681], device='cuda:0')), ('layer3.1.bn1.bias', tensor([-0.1313, -0.0662, -0.3250, -0.2380, -0.3278, -0.1824, -0.2072, -0.3181,
        -0.1873, -0.2975, -0.2100, -0.2304, -0.2101, -0.2448, -0.2772, -0.1337,
        -0.2491, -0.2425, -0.1234, -0.4567, -0.2186, -0.1232, -0.2091, -0.1791,
        -0.2439, -0.1546, -0.1573, -0.3705, -0.2810, -0.3881, -0.1563, -0.0664,
        -0.3405, -0.2290, -0.1968, -0.2254, -0.2971, -0.1401, -0.2263, -0.1660,
        -0.4540, -0.3195, -0.0981, -0.1368, -0.2624, -0.1453, -0.3952, -0.1674,
        -0.2132, -0.1193, -0.1443, -0.5444, -0.2180, -0.1230,  0.0488, -0.1927,
        -0.1032, -0.1037, -0.1381, -0.3132, -0.2176, -0.3088, -0.1247, -0.1574,
        -0.2983, -0.3824, -0.1923, -0.1390, -0.5724, -0.3895, -0.2792, -0.2513,
        -0.3469, -0.2440, -0.1152, -0.0609, -0.1837, -0.4942, -0.3075, -0.0958,
        -0.2273, -0.1958, -0.1373, -0.1722, -0.2261, -0.1953, -0.0939, -0.3443,
        -0.5464, -0.2412, -0.1937, -0.1638, -0.2498, -0.3305, -0.4030, -0.2809,
        -0.2688, -0.1970, -0.2415, -0.0329, -0.0875, -0.3444, -0.3090, -0.1117,
        -0.1539, -0.1232, -0.1779, -0.2697, -0.2019, -0.1860, -0.2833, -0.1099,
        -0.1800, -0.2124, -0.3311, -0.2300, -0.1391, -0.3380, -0.2644, -0.2547,
        -0.2540, -0.4744, -0.2345, -0.2127, -0.3253, -0.1949, -0.1116, -0.2623,
        -0.4210, -0.1406, -0.0860, -0.3056, -0.1556, -0.1495, -0.1626, -0.1651,
        -0.3752, -0.2610, -0.2398, -0.2499, -0.1475, -0.1500, -0.4310, -0.1390,
        -0.2780, -0.2287, -0.2090, -0.4156, -0.3581, -0.1415, -0.3604, -0.2664,
        -0.2049, -0.0177, -0.1289, -0.2812, -0.3612,  0.0448, -0.2244, -0.1310,
        -0.3221, -0.3002, -0.1113, -0.0836, -0.2435, -0.1994, -0.1902, -0.4688,
        -0.2024, -0.3374, -0.0731, -0.1974, -0.3530, -0.1980, -0.3488, -0.3539,
        -0.1449, -0.2013, -0.2724, -0.1542, -0.2771, -0.1941, -0.2509, -0.4916,
         0.1291, -0.2377, -0.5181, -0.3915, -0.2343, -0.1299, -0.0800, -0.4109,
        -0.5533, -0.2250, -0.1550, -0.3925, -0.3313, -0.0864, -0.3109, -0.3141,
        -0.1498, -0.1403, -0.0982, -0.1616, -0.1645, -0.6358, -0.1337, -0.2394,
        -0.1033, -0.1662, -0.2893, -0.2428, -0.1476, -0.2040, -0.5331, -0.1702,
        -0.5498, -0.2501, -0.1219, -0.2331, -0.1964, -0.3750, -0.1028, -0.1686,
        -0.3990, -0.2989, -0.2996, -0.1601, -0.4670, -0.1193, -0.1658, -0.3396,
        -0.2974, -0.3144, -0.3005, -0.3268, -0.2547, -0.2042, -0.0944, -0.2071,
        -0.4345, -0.2051, -0.4192, -0.3108, -0.4835, -0.3527, -0.2586, -0.2871,
        -0.3988, -0.2120, -0.1762, -0.1092, -0.1257, -0.3045,  0.0491, -0.1955],
       device='cuda:0')), ('layer3.1.bn1.running_mean', tensor([-0.2006, -0.2608,  0.0487, -0.2937, -0.6675, -0.6906, -0.1865, -0.8882,
        -0.4056, -0.6217, -0.2642, -0.3729, -0.3466, -0.5960, -0.5378, -0.1360,
        -0.4490, -0.5171, -0.3489, -0.7782, -0.3110, -0.6413, -0.5161, -0.4417,
        -0.5027, -0.1455, -0.3710, -0.4033, -0.7048, -0.8796, -0.3428, -0.2606,
        -0.7292, -0.1945, -0.4611, -0.7354, -0.5099, -0.6216, -0.0906, -0.5635,
        -1.1558, -0.3929, -0.0962, -0.3571,  0.5549, -0.7538, -0.4784, -0.3953,
        -0.8128,  0.0591, -0.1752, -0.7826, -0.3962, -0.1006,  0.1075, -0.4434,
        -0.9903, -0.3535, -0.3941, -0.6332,  0.0476, -0.3345, -0.2767, -0.1835,
        -0.5832, -0.7526, -0.5014, -0.5335, -0.6148, -0.1030, -0.8378, -0.1523,
        -1.0614, -0.4697, -0.0767, -0.5067, -0.2625, -0.9360, -0.5110, -0.2348,
        -1.0031, -0.2793, -0.6677, -0.2609, -0.2567, -0.5757, -0.5472, -0.6953,
        -0.7648,  0.0362, -0.2889, -0.1175, -0.7927, -0.7675, -0.7689, -0.8926,
        -0.4016, -0.3678, -0.4268,  0.0161, -0.1430, -0.4805, -0.6938,  0.0817,
        -0.3619, -0.2068,  0.4072, -0.3550, -0.3729, -0.4086, -0.8310, -0.2980,
        -0.2478,  0.3875, -0.3721, -0.5588,  0.0375,  0.0576, -0.8348, -0.4038,
        -0.3409, -0.6290, -0.3321, -0.8261, -0.5772, -0.0176, -0.2820, -0.0376,
        -0.5558, -0.4818, -0.4530,  0.0569, -0.6781, -0.4052, -0.3016, -0.4305,
        -0.7496, -0.7150,  0.0405, -0.4961, -0.5315, -0.1317, -0.6772, -0.3028,
        -0.4783, -0.4099, -0.4028, -0.4156, -0.5830, -0.3138, -0.7406, -0.5227,
         0.4795, -0.4080, -0.7317, -0.1534, -0.2254, -0.7372,  0.2636,  0.0872,
        -0.2018, -0.5881, -0.2284,  0.1628, -0.6247, -0.2683, -0.5430, -0.8358,
         0.0033, -0.2914, -0.2026,  0.1901, -0.0475, -0.8123,  0.3548, -0.2377,
        -0.2899, -0.4297, -0.6987, -0.6914, -0.6874, -0.8764, -0.1400, -0.6886,
        -0.3591, -0.4213, -0.9082,  0.3199, -0.4758,  0.1525, -0.8065, -0.7715,
        -0.5437, -0.4868, -0.5599, -0.5307, -0.3360, -0.0616, -0.2044, -0.4483,
         0.1073, -0.0411,  0.1534, -0.2397, -0.0931, -0.7753, -0.4434, -0.3910,
         1.5494, -0.2625, -0.7678, -0.7235, -0.3032, -0.5605, -0.6104, -0.3213,
        -0.8150, -0.1175,  0.0146, -0.4879, -0.5043, -0.8511, -0.3102, -0.6173,
        -0.7653, -0.6583,  0.2102, -0.7361, -1.0992, -0.3560,  0.7352, -0.3740,
        -0.4371, -0.6460, -0.1437, -1.0177, -0.3377, -0.4144, -0.5471, -0.3846,
        -0.4705, -0.4963,  0.0560,  0.0755, -0.8176, -0.6491, -0.4537, -0.3301,
        -0.8032, -0.3702, -0.2902, -0.3832, -0.2610, -0.3237, -0.8722, -0.3503],
       device='cuda:0')), ('layer3.1.bn1.running_var', tensor([0.1935, 0.2951, 0.1330, 0.1440, 0.1275, 0.1680, 0.1625, 0.1391, 0.1145,
        0.1114, 0.1697, 0.1449, 0.1188, 0.1166, 0.1348, 0.1370, 0.0800, 0.1284,
        0.1763, 0.1754, 0.1325, 0.1371, 0.1187, 0.2736, 0.1429, 0.1275, 0.2068,
        0.1338, 0.1288, 0.1149, 0.1328, 0.1445, 0.1066, 0.1322, 0.2233, 0.1877,
        0.1391, 0.1658, 0.1337, 0.1095, 0.1205, 0.1310, 0.1829, 0.1652, 0.1177,
        0.1461, 0.1131, 0.2544, 0.1832, 0.0882, 0.1383, 0.1290, 0.1534, 0.1095,
        0.2832, 0.1528, 0.1519, 0.1519, 0.0987, 0.1334, 0.1404, 0.1285, 0.1385,
        0.1003, 0.1823, 0.2316, 0.1696, 0.1218, 0.0896, 0.4853, 0.1745, 0.0963,
        0.1322, 0.1196, 0.1917, 0.1272, 0.1755, 0.1164, 0.2316, 0.2208, 0.1316,
        0.1543, 0.2054, 0.0939, 0.1480, 0.1653, 0.2387, 0.1544, 0.1144, 0.1158,
        0.1432, 0.2269, 0.1435, 0.2077, 0.1836, 0.1241, 0.1597, 0.1346, 0.1331,
        0.2182, 0.1818, 0.0957, 0.1799, 0.1690, 0.1222, 0.1986, 0.0938, 0.1277,
        0.1644, 0.2310, 0.1268, 0.1857, 0.1510, 0.1210, 0.2035, 0.1488, 0.1118,
        0.0975, 0.1303, 0.1500, 0.1521, 0.0985, 0.2085, 0.1224, 0.1613, 0.2192,
        0.1521, 0.1617, 0.1324, 0.1756, 0.1737, 0.0951, 0.1476, 0.1843, 0.1896,
        0.1888, 0.1597, 0.1521, 0.1773, 0.1465, 0.1157, 0.1460, 0.1356, 0.1787,
        0.1738, 0.1722, 0.1697, 0.3050, 0.1034, 0.1861, 0.1522, 0.2098, 0.1701,
        0.2909, 0.1492, 0.1087, 0.1472, 0.2119, 0.1338, 0.1864, 0.1813, 0.1530,
        0.1492, 0.1881, 0.1554, 0.1973, 0.1363, 0.1275, 0.1776, 0.3002, 0.1224,
        0.1010, 0.1048, 0.1997, 0.1702, 0.1567, 0.2080, 0.1006, 0.1315, 0.1721,
        0.1377, 0.2279, 0.2014, 0.1165, 0.2101, 0.1506, 0.0881, 0.1269, 0.0994,
        0.1590, 0.2530, 0.1096, 0.0832, 0.1132, 0.1175, 0.1248, 0.1513, 0.2147,
        0.0976, 0.1925, 0.1660, 0.1196, 0.1751, 0.1020, 0.1241, 0.1147, 0.3018,
        0.1869, 0.2067, 0.1628, 0.1232, 0.2182, 0.2269, 0.2158, 0.1092, 0.1954,
        0.1191, 0.1471, 0.2608, 0.1850, 0.1711, 0.1484, 0.1595, 0.1745, 0.1323,
        0.1327, 0.1275, 0.4934, 0.1661, 0.1651, 0.1340, 0.1479, 0.1395, 0.1462,
        0.0956, 0.1756, 0.2218, 0.1279, 0.1612, 0.1695, 0.1246, 0.1338, 0.1080,
        0.2150, 0.1074, 0.2896, 0.1525, 0.1359, 0.1251, 0.2282, 0.2166, 0.1874,
        0.2068, 0.1544, 0.2879, 0.2145], device='cuda:0')), ('layer3.1.bn1.num_batches_tracked', tensor(575, device='cuda:0')), ('layer3.1.conv2.weight', tensor([[[[-4.0416e-02, -2.4045e-02, -1.9544e-02],
          [-1.5151e-02, -4.6790e-03, -3.8272e-03],
          [ 1.6859e-03,  2.7291e-02,  1.8939e-02]],

         [[-4.5038e-03, -7.9023e-03, -7.3185e-03],
          [-4.4440e-04,  1.1892e-02,  1.3551e-02],
          [ 1.3756e-02,  3.1769e-02,  4.7984e-02]],

         [[-1.7503e-03, -1.5438e-03,  3.8087e-03],
          [ 1.6236e-02,  2.9796e-02,  2.8700e-02],
          [ 3.7113e-02,  4.9282e-02,  4.6223e-02]],

         ...,

         [[ 2.0505e-02,  1.4521e-02, -2.5375e-02],
          [ 2.6090e-02,  3.0056e-02,  9.8507e-03],
          [-5.0187e-03,  2.7771e-03, -7.5655e-03]],

         [[-2.1839e-02, -3.5879e-02, -1.2183e-02],
          [ 1.7567e-02,  1.4128e-02, -5.9324e-03],
          [ 2.5254e-02,  3.4952e-02,  1.0718e-02]],

         [[ 3.4976e-02,  3.5949e-02,  3.2681e-02],
          [-7.8700e-03, -1.1902e-02,  1.1739e-02],
          [ 1.0070e-02,  1.0575e-03,  1.5471e-02]]],


        [[[ 2.4869e-02,  4.4218e-03,  5.4343e-03],
          [-3.9216e-03, -3.5387e-02, -2.8943e-02],
          [ 2.0058e-02, -1.0377e-05,  5.3122e-03]],

         [[-3.6426e-03, -8.6587e-04, -7.2158e-03],
          [ 3.6193e-03, -1.3259e-03, -6.5639e-03],
          [-1.3684e-02, -2.6381e-02, -4.4116e-02]],

         [[ 6.9308e-03,  1.3600e-03, -1.9209e-04],
          [ 5.2879e-03,  8.8296e-03, -4.2513e-03],
          [-1.1914e-02, -3.5931e-03, -2.2394e-02]],

         ...,

         [[-6.9760e-03,  5.0615e-03,  6.6387e-03],
          [-1.3225e-03,  6.8711e-03,  4.9619e-03],
          [ 8.8723e-03,  9.4783e-03,  3.1788e-03]],

         [[-6.5701e-02, -5.9793e-02, -3.3083e-02],
          [ 2.2817e-02,  3.1700e-02,  3.6810e-02],
          [ 8.8423e-03,  3.5840e-02,  1.2583e-02]],

         [[-3.1327e-03,  1.0017e-02, -6.1119e-03],
          [-6.7717e-03,  1.3708e-02, -2.2247e-02],
          [-1.7036e-02,  1.1552e-02, -2.4635e-02]]],


        [[[-1.2440e-03, -3.7691e-03, -6.0681e-04],
          [-1.3752e-02, -9.4684e-03, -1.9019e-02],
          [ 7.7539e-05, -2.8400e-03, -1.5380e-02]],

         [[-3.1376e-02, -3.5390e-02, -2.7151e-02],
          [-2.8443e-03,  1.2805e-02,  3.1104e-02],
          [ 3.5199e-02,  6.8510e-02,  7.2091e-02]],

         [[ 1.0988e-02, -2.6743e-05, -1.0013e-02],
          [ 1.3390e-02, -5.6704e-03, -6.7378e-03],
          [ 1.0736e-03, -9.8710e-03, -1.5432e-02]],

         ...,

         [[ 1.6458e-02,  8.6990e-03,  6.1176e-04],
          [ 1.7219e-02,  8.7832e-03, -1.0757e-02],
          [ 8.5800e-03,  8.9304e-03, -5.6759e-03]],

         [[-5.6134e-03, -6.1481e-03,  1.1600e-02],
          [ 1.5118e-02,  2.3735e-02,  4.8826e-02],
          [ 1.9038e-02,  3.6808e-02,  4.7771e-02]],

         [[ 1.7491e-02,  3.3137e-02,  2.5051e-02],
          [ 1.2706e-02,  2.0596e-02,  4.0788e-03],
          [ 8.5854e-03,  2.3453e-02,  1.3852e-02]]],


        ...,


        [[[-2.2829e-02, -1.4147e-02, -1.7973e-02],
          [ 8.6389e-03,  1.3173e-02,  1.5560e-02],
          [ 1.6624e-02,  2.2880e-02,  2.1150e-02]],

         [[ 9.6634e-03, -9.1763e-04, -9.7649e-05],
          [-5.8221e-03, -1.9246e-02, -3.1639e-03],
          [ 6.0731e-03, -1.1516e-03, -1.8923e-02]],

         [[-6.2942e-03, -5.1291e-03, -3.4169e-03],
          [-1.6513e-02,  6.9286e-03, -1.9149e-03],
          [-1.0839e-02,  3.3356e-03,  4.8441e-03]],

         ...,

         [[ 1.8755e-02, -3.6260e-03,  1.2377e-02],
          [ 5.7724e-02,  3.5441e-02,  6.0202e-03],
          [ 2.2777e-02, -2.1964e-02, -2.4978e-02]],

         [[-1.5947e-02, -6.6575e-02, -2.0482e-02],
          [ 6.8186e-03,  8.0671e-03,  4.2592e-02],
          [-1.2643e-02, -5.2064e-03,  2.0208e-02]],

         [[-1.1917e-02, -4.5376e-03, -1.2506e-02],
          [ 2.8667e-02,  5.0651e-02,  2.0101e-02],
          [ 3.2072e-02,  5.7446e-02,  4.2957e-02]]],


        [[[-2.0821e-02, -1.7981e-02, -1.8617e-02],
          [-2.2127e-02, -2.5205e-02, -1.9839e-02],
          [-4.7961e-03,  9.6818e-04,  1.1167e-02]],

         [[ 2.1842e-02,  2.4559e-02,  2.6880e-02],
          [-1.7116e-02, -1.7223e-02, -1.6170e-02],
          [-2.2403e-03,  8.8021e-03, -1.2513e-03]],

         [[ 1.6954e-02,  3.7381e-02,  2.4219e-02],
          [-5.1376e-03,  8.8926e-03,  1.2219e-02],
          [-1.2753e-02, -6.9278e-03, -3.5606e-03]],

         ...,

         [[-3.9396e-03, -1.4595e-02, -1.3425e-02],
          [-1.7615e-03, -5.9942e-03, -1.9062e-03],
          [-5.6557e-03, -5.3769e-03,  4.0501e-03]],

         [[-3.5511e-03, -2.1299e-02, -3.3157e-02],
          [-2.4790e-02, -2.6631e-02, -4.2456e-02],
          [-4.6787e-02, -3.1115e-02, -4.9120e-02]],

         [[ 1.0518e-02,  2.9376e-02,  2.4261e-02],
          [ 1.1620e-02,  2.5038e-02,  2.7511e-02],
          [ 2.7846e-02,  3.4745e-02,  2.8674e-02]]],


        [[[ 7.5896e-03, -2.4149e-03,  2.7055e-03],
          [ 4.0200e-03, -7.3963e-03,  6.6787e-03],
          [ 1.9156e-02,  1.6706e-02,  1.9694e-02]],

         [[-1.3982e-02,  1.0875e-02,  6.4245e-03],
          [-7.1683e-05,  7.2504e-03,  4.1845e-03],
          [ 6.9632e-03,  1.5763e-02, -8.4938e-03]],

         [[-4.0100e-02,  1.8745e-02, -2.5523e-02],
          [-5.3271e-02, -1.2276e-02, -4.2793e-02],
          [-8.9988e-03, -6.6345e-03, -1.8363e-02]],

         ...,

         [[ 6.3001e-03, -1.2382e-02, -1.4505e-02],
          [-1.1603e-02, -1.8533e-02,  8.1269e-04],
          [-1.1922e-02,  3.6872e-03,  7.2144e-03]],

         [[-2.1797e-02, -1.2454e-02,  2.2193e-02],
          [ 3.2608e-02,  4.9919e-02,  5.7709e-02],
          [-1.4134e-02, -5.7693e-03, -7.8942e-03]],

         [[-1.4769e-02, -4.0079e-02,  2.6220e-03],
          [-1.9698e-02, -4.5763e-02, -1.3047e-02],
          [-3.6533e-02, -5.6875e-02, -3.0861e-02]]]], device='cuda:0')), ('layer3.1.bn2.weight', tensor([0.1967, 0.1744, 0.1304, 0.1998, 0.1831, 0.0918, 0.2334, 0.2255, 0.1637,
        0.1273, 0.0858, 0.1082, 0.3177, 0.2066, 0.3255, 0.2225, 0.3210, 0.2799,
        0.3366, 0.3338, 0.3336, 0.5541, 0.2815, 0.3055, 0.2103, 0.2962, 0.2348,
        0.5484, 0.1237, 0.3357, 0.1545, 0.1551, 0.1991, 0.0577, 0.1806, 0.2531,
        0.1949, 0.0730, 0.0914, 0.1353, 0.2613, 0.1996, 0.0728, 0.1532, 0.1943,
        0.0821, 0.1144, 0.2487, 0.2871, 0.3040, 0.1445, 0.3682, 0.1893, 0.2107,
        0.1925, 0.2359, 0.1691, 0.1107, 0.2477, 0.1669, 0.1305, 0.0837, 0.2423,
        0.2621, 0.2676, 0.2162, 0.4984, 0.2372, 0.0767, 0.2904, 0.1794, 0.0899,
        0.1091, 0.1841, 0.2830, 0.1946, 0.2027, 0.3446, 0.1425, 0.1365, 0.2656,
        0.1585, 0.2723, 0.2696, 0.2523, 0.0988, 0.4713, 0.2262, 0.3666, 0.1969,
        0.0826, 0.2526, 0.3346, 0.1568, 0.2321, 0.1291, 0.2558, 0.1680, 0.1376,
        0.2232, 0.5046, 0.3168, 0.1484, 0.1206, 0.0895, 0.2106, 0.1356, 0.3036,
        0.5618, 0.1011, 0.1018, 0.0505, 0.4415, 0.3152, 0.3992, 0.1342, 0.2174,
        0.5579, 0.2808, 0.2747, 0.4318, 0.2612, 0.3776, 0.1866, 0.2656, 0.1081,
        0.3000, 0.2426, 0.5129, 0.0829, 0.1246, 0.1999, 0.1424, 0.2253, 0.1468,
        0.3710, 0.0830, 0.5396, 0.2022, 0.2086, 0.1302, 0.4990, 0.1826, 0.1878,
        0.4118, 0.3774, 0.2042, 0.2184, 0.1466, 0.4988, 0.4202, 0.0834, 0.0627,
        0.3528, 0.2766, 0.3823, 0.1634, 0.1397, 0.2709, 0.0823, 0.2310, 0.2260,
        0.2171, 0.4147, 0.2796, 0.2937, 0.3447, 0.4636, 0.3040, 0.3721, 0.5858,
        0.0616, 0.2796, 0.3090, 0.2158, 0.3549, 0.2106, 0.2490, 0.3396, 0.2855,
        0.3523, 0.4714, 0.3218, 0.3812, 0.2662, 0.2135, 0.1939, 0.4068, 0.4954,
        0.3650, 0.1669, 0.1304, 0.2345, 0.2117, 0.1505, 0.1633, 0.3832, 0.0965,
        0.3749, 0.3938, 0.4349, 0.2255, 0.1494, 0.3164, 0.3855, 0.5735, 0.1919,
        0.2811, 0.0920, 0.2332, 0.0965, 0.2375, 0.0680, 0.2908, 0.5100, 0.3315,
        0.2332, 0.1170, 0.2177, 0.2244, 0.2806, 0.2359, 0.1869, 0.2903, 0.2666,
        0.3909, 0.3915, 0.1840, 0.1894, 0.4422, 0.1353, 0.3439, 0.2740, 0.2558,
        0.2795, 0.1153, 0.1571, 0.1760, 0.0889, 0.1596, 0.1294, 0.2335, 0.2815,
        0.0750, 0.1395, 0.1696, 0.3979, 0.2693, 0.6341, 0.1090, 0.3214, 0.1818,
        0.3638, 0.2592, 0.1959, 0.2568], device='cuda:0')), ('layer3.1.bn2.bias', tensor([-0.0184, -0.2064,  0.0241, -0.1708, -0.1838, -0.0349, -0.2048, -0.1434,
        -0.0445, -0.0908, -0.0670, -0.1005, -0.0365, -0.2070, -0.3046,  0.1449,
        -0.3078, -0.1251, -0.1648, -0.1010, -0.2477, -0.2850, -0.1228, -0.2931,
        -0.2315, -0.3583, -0.0838, -0.3496,  0.0720, -0.1351, -0.1085, -0.1466,
         0.0253,  0.0229, -0.1893, -0.2487, -0.2460,  0.0628, -0.0049, -0.1199,
        -0.2585, -0.1660, -0.0209, -0.1183, -0.2075, -0.0162,  0.0068, -0.1366,
        -0.3165, -0.2275, -0.1550, -0.3522,  0.2094,  0.0756, -0.1601, -0.1986,
         0.0371,  0.0406, -0.1311,  0.1010,  0.0983, -0.0402, -0.2545, -0.1345,
        -0.1826, -0.2420, -0.4535, -0.3121, -0.0196, -0.2629, -0.1556,  0.0218,
        -0.0783, -0.1425, -0.2767,  0.0058, -0.1869, -0.2308, -0.1279, -0.1170,
        -0.1932, -0.1022, -0.1917, -0.1694, -0.2707,  0.1269, -0.4601, -0.2277,
        -0.2268,  0.1940,  0.0245, -0.3324, -0.3190, -0.1353, -0.0712,  0.0063,
        -0.2603, -0.0145, -0.0563, -0.1240, -0.4768, -0.2342, -0.1381, -0.0575,
        -0.0565, -0.2761, -0.0870, -0.1942, -0.3464, -0.0365, -0.1067,  0.0154,
        -0.1912, -0.2566, -0.3275, -0.0833, -0.1825, -0.1582, -0.3168, -0.0285,
        -0.1691, -0.1667, -0.3085, -0.2209, -0.1843, -0.0572, -0.0611, -0.1745,
        -0.5225, -0.1869, -0.1081, -0.2296, -0.0490, -0.1778, -0.1303, -0.2548,
        -0.0458, -0.6323, -0.1368, -0.2160,  0.0414, -0.5276, -0.2026, -0.1463,
        -0.1966, -0.3059,  0.1012, -0.1539, -0.2304, -0.5246, -0.2526, -0.0389,
         0.0438, -0.3210, -0.1644, -0.2608, -0.1194, -0.1006,  0.0216,  0.1000,
        -0.2167, -0.2031,  0.0813, -0.0176, -0.2380, -0.3242, -0.1453, -0.4845,
        -0.3450, -0.1402, -0.6670,  0.0442, -0.2788, -0.0954, -0.2417, -0.1828,
        -0.1908, -0.0343, -0.3062, -0.1856, -0.1345, -0.2995, -0.2672, -0.4117,
        -0.2612, -0.1757, -0.1842, -0.2449, -0.1108, -0.2211, -0.1294, -0.1122,
         0.0591, -0.1440, -0.1214, -0.1638, -0.0357, -0.0204, -0.1957,  0.0473,
        -0.1875, -0.2797, -0.0934, -0.4081, -0.3367, -0.7272,  0.0245, -0.1860,
         0.0507, -0.2250, -0.0031, -0.3199, -0.0083, -0.2852, -0.5101, -0.2374,
        -0.0838, -0.0816, -0.1287, -0.2093,  0.0143, -0.1859, -0.1905, -0.3076,
        -0.3110, -0.2950, -0.4724, -0.1836, -0.1892, -0.3101, -0.0924, -0.1168,
        -0.2971, -0.0838, -0.3400, -0.0765, -0.1472, -0.1612,  0.0174, -0.0677,
        -0.0611, -0.2589, -0.1379,  0.0480, -0.0335, -0.1641, -0.3318, -0.1755,
        -0.6354, -0.0748, -0.2099, -0.1553, -0.0462, -0.2443, -0.0171, -0.2050],
       device='cuda:0')), ('layer3.1.bn2.running_mean', tensor([-0.0989, -0.0222, -0.0279,  0.0062, -0.0523, -0.1226, -0.0492, -0.0597,
         0.0643,  0.0096,  0.0062,  0.0319, -0.0498, -0.0645, -0.0960,  0.2494,
        -0.0700, -0.1182, -0.1861, -0.0926, -0.0343, -0.5645, -0.0611, -0.1986,
        -0.0872, -0.0771, -0.1829, -0.1286,  0.1124, -0.2279, -0.0374, -0.0743,
        -0.0210,  0.0271, -0.0872, -0.1159, -0.0428,  0.0476,  0.0506,  0.0115,
        -0.0648, -0.0831,  0.0010, -0.0536, -0.0356, -0.0382, -0.0649, -0.0859,
        -0.0625, -0.0838, -0.0867, -0.2056,  0.0587,  0.4138,  0.0185, -0.0783,
        -0.0626, -0.0668, -0.0366,  0.0346,  0.0357, -0.0352, -0.1166, -0.0538,
        -0.0997, -0.0476, -0.1394, -0.0093, -0.0211, -0.1544,  0.0592, -0.0756,
        -0.0547, -0.0436, -0.0605, -0.0942, -0.0394, -0.1856, -0.0911,  0.0199,
         0.0604, -0.0282, -0.1260, -0.2145, -0.1123,  0.0174, -0.2466, -0.1068,
        -0.0732,  0.1262, -0.0515, -0.0843, -0.1177,  0.0239, -0.0995,  0.0169,
        -0.1027, -0.0048, -0.0267, -0.1353, -0.2217,  0.0329, -0.0307,  0.0048,
        -0.0551, -0.0726, -0.0713, -0.1025, -0.1122, -0.0648, -0.0248, -0.0183,
        -0.1726, -0.1194, -0.1472, -0.1598, -0.1341, -0.2383, -0.0725, -0.2574,
        -0.2369, -0.0501, -0.2540, -0.1722, -0.0981, -0.1374, -0.1045, -0.1054,
        -0.2075,  0.0449, -0.0264, -0.0872, -0.0666, -0.0680, -0.0301, -0.1412,
        -0.0046, -0.2074, -0.1543, -0.0130, -0.0731, -0.2172, -0.0454, -0.0078,
        -0.4077, -0.0802, -0.1024, -0.0810, -0.0787, -0.1992, -0.1145,  0.0340,
        -0.0403, -0.2245, -0.1062, -0.1203, -0.1282,  0.1226, -0.1068,  0.0702,
        -0.0479, -0.0967,  0.0383, -0.3819, -0.0701, -0.0882, -0.2234, -0.1790,
        -0.1408, -0.2226, -0.1724, -0.0326, -0.1419, -0.1531, -0.0311, -0.1473,
        -0.0454, -0.0372, -0.1231, -0.0869, -0.3829,  0.3951, -0.0725, -0.1428,
        -0.1492,  0.0454, -0.0292, -0.1224, -0.2635, -0.2234,  0.0382,  0.0358,
        -0.0106, -0.0449, -0.0535, -0.0655, -0.3266, -0.0452, -0.1802, -0.1372,
        -0.3398, -0.1098, -0.0337, -0.1556, -0.1138, -0.2843, -0.0025, -0.0478,
        -0.0085, -0.0361, -0.1007, -0.0282, -0.0211, -0.0909, -0.1701, -0.1944,
        -0.1518,  0.0042, -0.0669, -0.0570, -0.2702, -0.0172, -0.0581, -0.0887,
        -0.0779, -0.1973, -0.1146, -0.0398, -0.0898, -0.2246, -0.0286, -0.3883,
        -0.1170, -0.1547, -0.1504,  0.0306, -0.0368, -0.0566, -0.0827, -0.0271,
         0.0651, -0.1457, -0.1296, -0.0586, -0.0352, -0.1300, -0.1131, -0.1116,
        -0.2646, -0.0579, -0.0992, -0.0662, -0.2377, -0.0813, -0.1583, -0.1170],
       device='cuda:0')), ('layer3.1.bn2.running_var', tensor([0.0198, 0.0208, 0.0150, 0.0131, 0.0156, 0.0149, 0.0138, 0.0175, 0.0167,
        0.0120, 0.0075, 0.0121, 0.0426, 0.0193, 0.0248, 0.0235, 0.0223, 0.0264,
        0.0275, 0.0382, 0.0187, 0.0619, 0.0408, 0.0197, 0.0141, 0.0205, 0.0203,
        0.0331, 0.0167, 0.0270, 0.0131, 0.0120, 0.0202, 0.0069, 0.0159, 0.0153,
        0.0140, 0.0151, 0.0098, 0.0071, 0.0187, 0.0181, 0.0090, 0.0136, 0.0101,
        0.0089, 0.0130, 0.0226, 0.0144, 0.0178, 0.0126, 0.0187, 0.0275, 0.0325,
        0.0138, 0.0210, 0.0153, 0.0126, 0.0199, 0.0323, 0.0170, 0.0085, 0.0131,
        0.0245, 0.0239, 0.0139, 0.0283, 0.0173, 0.0102, 0.0232, 0.0315, 0.0166,
        0.0116, 0.0159, 0.0159, 0.0260, 0.0126, 0.0267, 0.0137, 0.0142, 0.0199,
        0.0166, 0.0198, 0.0198, 0.0222, 0.0158, 0.0264, 0.0150, 0.0248, 0.0393,
        0.0108, 0.0127, 0.0202, 0.0220, 0.0286, 0.0185, 0.0155, 0.0229, 0.0210,
        0.0189, 0.0234, 0.0439, 0.0141, 0.0127, 0.0128, 0.0114, 0.0163, 0.0172,
        0.0620, 0.0160, 0.0135, 0.0050, 0.0341, 0.0175, 0.0228, 0.0133, 0.0144,
        0.0584, 0.0168, 0.0298, 0.0427, 0.0219, 0.0305, 0.0173, 0.0215, 0.0090,
        0.0316, 0.0128, 0.0332, 0.0147, 0.0115, 0.0138, 0.0203, 0.0198, 0.0095,
        0.0230, 0.0087, 0.0350, 0.0151, 0.0144, 0.0164, 0.0264, 0.0125, 0.0110,
        0.0475, 0.0220, 0.0239, 0.0150, 0.0092, 0.0223, 0.0338, 0.0100, 0.0073,
        0.0243, 0.0272, 0.0278, 0.0115, 0.0132, 0.0390, 0.0134, 0.0118, 0.0172,
        0.0265, 0.0640, 0.0156, 0.0181, 0.0254, 0.0255, 0.0179, 0.0367, 0.0351,
        0.0060, 0.0200, 0.0217, 0.0229, 0.0227, 0.0163, 0.0204, 0.0193, 0.0214,
        0.0288, 0.0621, 0.0205, 0.0231, 0.0150, 0.0262, 0.0244, 0.0633, 0.0745,
        0.0234, 0.0220, 0.0170, 0.0292, 0.0171, 0.0151, 0.0105, 0.0562, 0.0150,
        0.0228, 0.0690, 0.0473, 0.0112, 0.0214, 0.0190, 0.0163, 0.0299, 0.0234,
        0.0223, 0.0100, 0.0213, 0.0124, 0.0143, 0.0094, 0.0209, 0.0300, 0.0279,
        0.0373, 0.0156, 0.0138, 0.0125, 0.0403, 0.0198, 0.0186, 0.0194, 0.0128,
        0.0194, 0.0224, 0.0122, 0.0147, 0.0235, 0.0146, 0.0331, 0.0144, 0.0193,
        0.0167, 0.0135, 0.0091, 0.0160, 0.0093, 0.0164, 0.0165, 0.0096, 0.0225,
        0.0091, 0.0146, 0.0138, 0.0215, 0.0194, 0.0476, 0.0079, 0.0258, 0.0111,
        0.0338, 0.0152, 0.0171, 0.0160], device='cuda:0')), ('layer3.1.bn2.num_batches_tracked', tensor(575, device='cuda:0')), ('layer4.0.conv1.weight', tensor([[[[-0.0128, -0.0188, -0.0219],
          [ 0.0188,  0.0220,  0.0253],
          [ 0.0416,  0.0326,  0.0457]],

         [[-0.0082,  0.0050, -0.0038],
          [ 0.0057,  0.0172, -0.0028],
          [-0.0028,  0.0159,  0.0032]],

         [[ 0.0158, -0.0094, -0.0165],
          [ 0.0061, -0.0013, -0.0137],
          [-0.0068, -0.0283, -0.0116]],

         ...,

         [[-0.0147,  0.0162,  0.0034],
          [ 0.0054,  0.0064,  0.0105],
          [ 0.0239,  0.0121,  0.0046]],

         [[ 0.0197,  0.0149,  0.0178],
          [-0.0044,  0.0098,  0.0227],
          [-0.0038,  0.0256,  0.0358]],

         [[ 0.0294,  0.0222,  0.0441],
          [ 0.0188,  0.0058,  0.0168],
          [-0.0031,  0.0024, -0.0050]]],


        [[[-0.0006, -0.0063,  0.0056],
          [ 0.0148,  0.0109,  0.0286],
          [ 0.0219,  0.0187,  0.0243]],

         [[-0.0172, -0.0327, -0.0095],
          [-0.0048, -0.0104,  0.0019],
          [-0.0114, -0.0141, -0.0133]],

         [[-0.0067,  0.0060, -0.0016],
          [-0.0213,  0.0008, -0.0185],
          [-0.0176, -0.0024, -0.0027]],

         ...,

         [[-0.0079, -0.0226, -0.0101],
          [-0.0045, -0.0035, -0.0159],
          [-0.0145, -0.0260, -0.0159]],

         [[ 0.0078,  0.0082,  0.0068],
          [ 0.0002,  0.0088, -0.0063],
          [ 0.0024, -0.0072, -0.0187]],

         [[ 0.0020,  0.0100,  0.0082],
          [ 0.0062,  0.0257,  0.0246],
          [ 0.0171,  0.0208,  0.0229]]],


        [[[-0.0031,  0.0090,  0.0043],
          [ 0.0101,  0.0148,  0.0175],
          [ 0.0068,  0.0132,  0.0278]],

         [[-0.0157,  0.0042,  0.0076],
          [-0.0256, -0.0168, -0.0091],
          [-0.0285, -0.0120, -0.0022]],

         [[ 0.0299,  0.0161,  0.0098],
          [ 0.0289,  0.0220,  0.0164],
          [-0.0071, -0.0185, -0.0086]],

         ...,

         [[ 0.0154,  0.0081,  0.0019],
          [ 0.0140, -0.0101, -0.0083],
          [ 0.0285,  0.0124,  0.0157]],

         [[ 0.0359,  0.0364,  0.0362],
          [-0.0019,  0.0108,  0.0186],
          [-0.0183, -0.0043,  0.0017]],

         [[ 0.0034,  0.0049,  0.0113],
          [ 0.0055, -0.0016,  0.0128],
          [ 0.0173,  0.0126,  0.0210]]],


        ...,


        [[[-0.0205, -0.0090, -0.0099],
          [-0.0131,  0.0001,  0.0032],
          [ 0.0111,  0.0110,  0.0162]],

         [[ 0.0183,  0.0350,  0.0253],
          [ 0.0377,  0.0486,  0.0322],
          [ 0.0335,  0.0458,  0.0401]],

         [[-0.0032, -0.0098, -0.0071],
          [-0.0036,  0.0155,  0.0024],
          [-0.0072, -0.0073, -0.0164]],

         ...,

         [[-0.0198, -0.0025, -0.0143],
          [-0.0251, -0.0050, -0.0083],
          [-0.0145, -0.0132, -0.0160]],

         [[-0.0038, -0.0070, -0.0238],
          [-0.0034,  0.0041, -0.0041],
          [-0.0109, -0.0067, -0.0250]],

         [[ 0.0184,  0.0088,  0.0144],
          [ 0.0168,  0.0432,  0.0214],
          [ 0.0282,  0.0321,  0.0186]]],


        [[[-0.0088, -0.0102, -0.0205],
          [-0.0153,  0.0053, -0.0015],
          [-0.0171, -0.0013, -0.0063]],

         [[-0.0013,  0.0027,  0.0002],
          [-0.0025,  0.0100, -0.0097],
          [-0.0001,  0.0075,  0.0049]],

         [[-0.0154, -0.0225,  0.0016],
          [-0.0222, -0.0266, -0.0139],
          [-0.0104, -0.0155, -0.0050]],

         ...,

         [[-0.0045, -0.0023,  0.0089],
          [-0.0168, -0.0096, -0.0062],
          [-0.0028, -0.0359, -0.0282]],

         [[-0.0007,  0.0026,  0.0161],
          [-0.0111, -0.0155, -0.0097],
          [-0.0359, -0.0407, -0.0336]],

         [[ 0.0234,  0.0040,  0.0011],
          [ 0.0111,  0.0325,  0.0298],
          [ 0.0137,  0.0316,  0.0128]]],


        [[[-0.0129, -0.0296, -0.0247],
          [-0.0212, -0.0031, -0.0003],
          [-0.0213, -0.0118,  0.0067]],

         [[-0.0106, -0.0294, -0.0192],
          [-0.0225, -0.0226, -0.0024],
          [-0.0215, -0.0052,  0.0240]],

         [[-0.0106, -0.0042,  0.0045],
          [ 0.0036, -0.0053, -0.0251],
          [ 0.0032, -0.0194, -0.0200]],

         ...,

         [[ 0.0213,  0.0193,  0.0038],
          [-0.0159,  0.0083, -0.0016],
          [ 0.0035,  0.0256,  0.0240]],

         [[-0.0294, -0.0155, -0.0395],
          [-0.0288, -0.0274, -0.0108],
          [-0.0580, -0.0034,  0.0523]],

         [[ 0.0213, -0.0010, -0.0026],
          [ 0.0181,  0.0050,  0.0268],
          [ 0.0058,  0.0171, -0.0006]]]], device='cuda:0')), ('layer4.0.bn1.weight', tensor([0.2402, 0.2218, 0.2506, 0.2279, 0.2073, 0.2935, 0.2482, 0.3111, 0.2745,
        0.2861, 0.2420, 0.1769, 0.2454, 0.2765, 0.2314, 0.2629, 0.3365, 0.2784,
        0.2538, 0.2983, 0.2301, 0.2800, 0.3506, 0.2808, 0.2280, 0.2519, 0.3035,
        0.2493, 0.2505, 0.2949, 0.2548, 0.3192, 0.2356, 0.2717, 0.2507, 0.2632,
        0.3341, 0.2587, 0.1842, 0.2828, 0.2173, 0.2654, 0.2856, 0.2477, 0.2914,
        0.2360, 0.2656, 0.2668, 0.2416, 0.2381, 0.2337, 0.2514, 0.2568, 0.2441,
        0.2501, 0.2534, 0.2799, 0.3188, 0.2339, 0.2670, 0.2546, 0.1919, 0.2602,
        0.2202, 0.2294, 0.2326, 0.2797, 0.1851, 0.2293, 0.3472, 0.2741, 0.3233,
        0.2456, 0.2737, 0.2778, 0.2255, 0.3422, 0.2632, 0.2703, 0.2825, 0.2046,
        0.2943, 0.2780, 0.2787, 0.2648, 0.2423, 0.2736, 0.2725, 0.3099, 0.2900,
        0.2544, 0.2143, 0.3113, 0.3410, 0.2229, 0.2826, 0.2296, 0.2708, 0.2637,
        0.2347, 0.3297, 0.2682, 0.2983, 0.2779, 0.2554, 0.2439, 0.2687, 0.2818,
        0.2886, 0.2344, 0.2543, 0.2065, 0.2401, 0.2841, 0.3283, 0.2789, 0.2162,
        0.2730, 0.2520, 0.2744, 0.3211, 0.1864, 0.3985, 0.2664, 0.2371, 0.2173,
        0.3251, 0.3596, 0.2836, 0.2661, 0.2700, 0.2435, 0.2467, 0.2512, 0.2587,
        0.2691, 0.2363, 0.2727, 0.2049, 0.2690, 0.2867, 0.2801, 0.2526, 0.1988,
        0.2311, 0.2081, 0.3061, 0.1620, 0.2664, 0.2187, 0.2777, 0.2691, 0.2720,
        0.2279, 0.2947, 0.2651, 0.2978, 0.2396, 0.3014, 0.2325, 0.2749, 0.2627,
        0.2871, 0.2472, 0.3052, 0.2579, 0.2917, 0.3041, 0.2995, 0.2604, 0.2090,
        0.2707, 0.2959, 0.2674, 0.2951, 0.2777, 0.2581, 0.2554, 0.2632, 0.2281,
        0.2443, 0.2941, 0.2388, 0.2650, 0.2865, 0.2831, 0.2216, 0.2422, 0.2672,
        0.2674, 0.2617, 0.2698, 0.2796, 0.2196, 0.2685, 0.2762, 0.2538, 0.3146,
        0.2880, 0.2594, 0.2178, 0.2468, 0.2412, 0.2761, 0.2884, 0.2763, 0.2536,
        0.2384, 0.2446, 0.3311, 0.3004, 0.2943, 0.2643, 0.3013, 0.2634, 0.2724,
        0.2100, 0.2321, 0.2279, 0.1971, 0.2818, 0.2565, 0.2357, 0.2779, 0.2419,
        0.2681, 0.2757, 0.2798, 0.2512, 0.2230, 0.2762, 0.2403, 0.2664, 0.2592,
        0.2939, 0.2673, 0.2658, 0.2539, 0.2836, 0.2504, 0.2535, 0.2010, 0.2316,
        0.2587, 0.2755, 0.3034, 0.2430, 0.2735, 0.2282, 0.2318, 0.2631, 0.2316,
        0.2690, 0.2721, 0.2718, 0.2557, 0.2410, 0.2699, 0.3372, 0.3057, 0.1390,
        0.3668, 0.2933, 0.2470, 0.2468, 0.2894, 0.2705, 0.2582, 0.2205, 0.2595,
        0.2639, 0.2361, 0.2722, 0.2843, 0.3019, 0.2667, 0.2765, 0.2792, 0.2376,
        0.2538, 0.2218, 0.3500, 0.2839, 0.2153, 0.2824, 0.2348, 0.2916, 0.2815,
        0.2307, 0.2762, 0.2411, 0.2506, 0.2469, 0.2393, 0.2871, 0.2909, 0.2612,
        0.2525, 0.2738, 0.2418, 0.2995, 0.3081, 0.2825, 0.2353, 0.2457, 0.2864,
        0.2526, 0.2648, 0.2474, 0.2136, 0.2873, 0.2279, 0.2305, 0.2249, 0.2742,
        0.2484, 0.2386, 0.3022, 0.2831, 0.2736, 0.2281, 0.2865, 0.2661, 0.3239,
        0.2578, 0.2771, 0.3219, 0.2924, 0.3173, 0.2931, 0.3097, 0.2564, 0.2978,
        0.3660, 0.3059, 0.2230, 0.2353, 0.2335, 0.2547, 0.2601, 0.2391, 0.3032,
        0.2771, 0.2732, 0.3148, 0.2777, 0.2749, 0.2645, 0.2694, 0.3612, 0.2867,
        0.2684, 0.3409, 0.2568, 0.2761, 0.2734, 0.2842, 0.2728, 0.2623, 0.1990,
        0.2325, 0.3050, 0.3197, 0.2985, 0.2774, 0.2513, 0.2916, 0.1548, 0.2831,
        0.3005, 0.2196, 0.2072, 0.2340, 0.2333, 0.2629, 0.2548, 0.2948, 0.2211,
        0.2531, 0.2853, 0.1991, 0.2482, 0.2569, 0.2637, 0.2749, 0.2624, 0.2434,
        0.2991, 0.2327, 0.3036, 0.1907, 0.3062, 0.2802, 0.3639, 0.2962, 0.2761,
        0.2472, 0.2166, 0.2558, 0.2863, 0.2388, 0.2435, 0.2431, 0.2393, 0.2646,
        0.2422, 0.3158, 0.1800, 0.2346, 0.2592, 0.2818, 0.2442, 0.1974, 0.2373,
        0.2940, 0.2903, 0.2800, 0.2750, 0.3321, 0.2489, 0.2710, 0.2551, 0.2302,
        0.2363, 0.2687, 0.2758, 0.2663, 0.2489, 0.2717, 0.2367, 0.2595, 0.2758,
        0.2870, 0.1993, 0.2649, 0.2180, 0.2487, 0.2587, 0.2820, 0.2989, 0.2991,
        0.2586, 0.2744, 0.2546, 0.2941, 0.2498, 0.2902, 0.3023, 0.2407, 0.2425,
        0.2713, 0.3655, 0.2869, 0.2534, 0.2261, 0.2034, 0.2271, 0.2383, 0.3075,
        0.2962, 0.2907, 0.2743, 0.4247, 0.2680, 0.2937, 0.2402, 0.2782, 0.3219,
        0.2648, 0.2223, 0.2732, 0.2438, 0.2076, 0.2287, 0.2253, 0.2621, 0.3641,
        0.1977, 0.2571, 0.2152, 0.2643, 0.1399, 0.2681, 0.2501, 0.2562, 0.2248,
        0.2394, 0.2701, 0.2368, 0.2852, 0.2330, 0.2629, 0.2245, 0.2692, 0.2684,
        0.2434, 0.2651, 0.2451, 0.2560, 0.1828, 0.2954, 0.3650, 0.2219, 0.3011,
        0.1798, 0.3463, 0.2150, 0.3725, 0.2367, 0.3051, 0.2646, 0.2245],
       device='cuda:0')), ('layer4.0.bn1.bias', tensor([-2.0125e-01, -1.5921e-01, -2.0732e-01, -1.6147e-01, -1.2577e-01,
        -3.2076e-01, -1.6149e-01, -3.4705e-01, -2.5006e-01, -2.7569e-01,
        -2.3430e-01, -2.8923e-02, -1.8706e-01, -2.8183e-01, -1.7415e-01,
        -2.3994e-01, -3.7167e-01, -2.7326e-01, -2.0423e-01, -2.5940e-01,
        -1.5686e-01, -2.7601e-01, -3.2154e-01, -2.5010e-01, -1.9063e-01,
        -2.2791e-01, -3.4339e-01, -2.1856e-01, -1.6835e-01, -2.7314e-01,
        -1.9514e-01, -3.3955e-01, -2.0539e-01, -2.9628e-01, -2.6403e-01,
        -2.2176e-01, -2.4816e-01, -2.6280e-01, -8.6036e-02, -3.5973e-01,
        -1.2940e-01, -2.5863e-01, -2.4476e-01, -1.5197e-01, -3.1430e-01,
        -1.4251e-01, -2.5017e-01, -1.9788e-01, -1.7993e-01, -1.0613e-01,
        -1.6680e-01, -2.0765e-01, -2.5349e-01, -1.4514e-01, -2.5503e-01,
        -2.0446e-01, -2.8088e-01, -3.3565e-01, -1.3831e-01, -2.3566e-01,
        -2.5626e-01, -1.6725e-02, -2.1749e-01, -1.7666e-01, -1.4924e-01,
        -2.1392e-01, -2.0149e-01, -7.7266e-02, -2.0830e-01, -3.5711e-01,
        -2.5629e-01, -3.5793e-01, -1.5173e-01, -2.0911e-01, -2.9187e-01,
        -1.8440e-01, -3.9900e-01, -1.2638e-01, -2.5822e-01, -2.4340e-01,
        -8.5066e-02, -3.0441e-01, -2.6573e-01, -3.3701e-01, -2.4943e-01,
        -1.9389e-01, -2.9671e-01, -2.2617e-01, -3.5785e-01, -2.7567e-01,
        -2.5304e-01, -1.2216e-01, -3.3752e-01, -2.6816e-01, -1.7235e-01,
        -2.4639e-01, -2.1761e-01, -2.5815e-01, -1.9262e-01, -1.5294e-01,
        -4.1317e-01, -1.5955e-01, -2.3711e-01, -2.9630e-01, -2.0877e-01,
        -1.9975e-01, -1.8725e-01, -3.0856e-01, -3.4207e-01, -1.8882e-01,
        -1.9458e-01, -9.0999e-02, -2.3348e-01, -3.5283e-01, -1.9701e-01,
        -3.2776e-01, -1.3657e-01, -2.1414e-01, -1.6796e-01, -1.8786e-01,
        -3.1210e-01, -1.0771e-01, -4.2252e-01, -2.4261e-01, -1.3185e-01,
        -1.6360e-01, -3.3426e-01, -3.2827e-01, -3.1848e-01, -2.2537e-01,
        -2.8010e-01, -1.9726e-01, -1.9325e-01, -1.4998e-01, -2.4485e-01,
        -2.3041e-01, -1.3142e-01, -2.1314e-01, -1.1673e-01, -2.4549e-01,
        -2.5688e-01, -2.6233e-01, -1.9435e-01, -1.2090e-01, -1.6913e-01,
        -1.3705e-01, -2.7059e-01, -5.8083e-02, -2.2373e-01, -1.3235e-01,
        -2.3771e-01, -2.7383e-01, -2.0591e-01, -1.7397e-01, -2.9122e-01,
        -2.6363e-01, -3.3556e-01, -1.7741e-01, -2.3396e-01, -1.4783e-01,
        -2.7082e-01, -1.9189e-01, -2.6416e-01, -2.0439e-01, -3.5198e-01,
        -1.9337e-01, -2.7950e-01, -3.3869e-01, -2.9063e-01, -2.2273e-01,
        -1.1471e-01, -2.4674e-01, -2.4506e-01, -2.5749e-01, -3.1356e-01,
        -2.2964e-01, -2.2677e-01, -2.0760e-01, -2.0969e-01, -1.4144e-01,
        -1.3093e-01, -2.5172e-01, -1.7172e-01, -2.5211e-01, -2.2577e-01,
        -2.1034e-01, -1.8242e-01, -1.8677e-01, -2.3998e-01, -2.1710e-01,
        -2.2144e-01, -2.8989e-01, -3.0628e-01, -1.5059e-01, -1.0420e-01,
        -2.1990e-01, -2.4264e-01, -3.3159e-01, -2.7089e-01, -1.5838e-01,
        -1.4585e-01, -2.6158e-01, -1.8172e-01, -2.6861e-01, -3.1258e-01,
        -2.9331e-01, -2.7041e-01, -2.1552e-01, -2.1661e-01, -4.4908e-01,
        -3.0100e-01, -2.9967e-01, -2.2763e-01, -3.0981e-01, -2.6483e-01,
        -2.6727e-01, -1.4419e-01, -1.6979e-01, -1.5680e-01, -1.4187e-01,
        -2.2287e-01, -1.7414e-01, -1.4688e-01, -2.5447e-01, -2.0803e-01,
        -1.7416e-01, -2.3433e-01, -1.7582e-01, -2.1475e-01, -2.0012e-01,
        -3.0326e-01, -1.5709e-01, -2.0747e-01, -2.8441e-01, -2.7114e-01,
        -2.2768e-01, -1.2973e-01, -2.4963e-01, -2.5956e-01, -2.4589e-01,
        -1.7267e-01, -1.0488e-01, -1.6615e-01, -2.3669e-01, -2.0164e-01,
        -3.3488e-01, -1.6745e-01, -2.4019e-01, -1.6900e-01, -1.6830e-01,
        -1.8228e-01, -1.6336e-01, -2.4252e-01, -2.7021e-01, -2.3209e-01,
        -2.0662e-01, -2.2204e-01, -2.2123e-01, -2.6948e-01, -3.2395e-01,
         1.5219e-01, -4.7400e-01, -2.4204e-01, -1.4683e-01, -1.4774e-01,
        -3.0681e-01, -2.2183e-01, -1.6717e-01, -1.9663e-01, -2.1136e-01,
        -2.3508e-01, -2.0417e-01, -3.0620e-01, -2.5967e-01, -3.4994e-01,
        -2.1840e-01, -2.7506e-01, -2.8871e-01, -1.7472e-01, -2.2852e-01,
        -1.0602e-01, -3.5587e-01, -2.9028e-01, -1.7671e-01, -2.0142e-01,
        -1.7191e-01, -2.9958e-01, -3.0582e-01, -1.6954e-01, -2.5858e-01,
        -2.0825e-01, -1.8221e-01, -1.8243e-01, -1.7226e-01, -3.7512e-01,
        -1.7755e-01, -1.8106e-01, -1.8732e-01, -2.5976e-01, -2.0768e-01,
        -2.3803e-01, -1.9674e-01, -3.0850e-01, -2.0125e-01, -1.8294e-01,
        -3.6695e-01, -1.2155e-01, -1.4685e-01, -1.7475e-01, -7.7449e-02,
        -2.0722e-01, -1.3594e-01, -1.4066e-01, -1.6724e-01, -2.3881e-01,
        -1.7796e-01, -1.7302e-01, -2.5017e-01, -2.6926e-01, -3.1146e-01,
        -1.4077e-01, -2.2401e-01, -2.6022e-01, -3.5866e-01, -2.3339e-01,
        -2.8718e-01, -3.8247e-01, -3.4783e-01, -3.8894e-01, -1.8930e-01,
        -2.8811e-01, -2.4203e-01, -2.8330e-01, -4.3721e-01, -3.3699e-01,
        -1.8154e-01, -1.9686e-01, -1.5312e-01, -1.9980e-01, -2.5290e-01,
        -1.9326e-01, -2.6333e-01, -2.8170e-01, -2.4824e-01, -3.0880e-01,
        -2.3437e-01, -2.1832e-01, -1.9070e-01, -2.2289e-01, -4.1918e-01,
        -3.1483e-01, -2.6521e-01, -3.5797e-01, -1.9359e-01, -2.3483e-01,
        -2.4460e-01, -1.8463e-01, -2.2793e-01, -1.8170e-01, -7.9822e-02,
        -1.5266e-01, -3.3319e-01, -4.0988e-01, -3.1336e-01, -2.7399e-01,
        -1.2448e-01, -3.1264e-01,  3.9630e-04, -1.9824e-01, -3.2688e-01,
        -2.0360e-01, -1.0278e-01, -1.6485e-01, -1.6634e-01, -1.1451e-01,
        -2.3079e-01, -3.1633e-01, -1.8176e-01, -2.6557e-01, -2.1819e-01,
        -1.0255e-01, -1.9769e-01, -2.7131e-01, -2.1608e-01, -2.2586e-01,
        -2.6802e-01, -1.6352e-01, -3.2874e-01, -1.6125e-01, -3.4756e-01,
         3.0430e-02, -2.4165e-01, -3.1666e-01, -3.5828e-01, -2.8638e-01,
        -2.5012e-01, -2.0331e-01, -1.5523e-01, -2.2167e-01, -3.4724e-01,
        -1.6844e-01, -1.4516e-01, -1.6350e-01, -1.5459e-01, -3.0691e-01,
        -2.4540e-01, -3.5584e-01, -5.5447e-02, -1.0072e-01, -2.2688e-01,
        -2.6498e-01, -2.0196e-01, -8.9923e-02, -1.9845e-01, -3.0365e-01,
        -2.7139e-01, -3.1521e-01, -2.0979e-01, -3.3565e-01, -1.7878e-01,
        -1.4584e-01, -1.8385e-01, -1.8526e-01, -1.1270e-01, -2.1868e-01,
        -1.9693e-01, -2.6721e-01, -2.2170e-01, -2.5616e-01, -1.6484e-01,
        -2.2197e-01, -2.6639e-01, -2.9488e-01, -1.0817e-01, -2.5130e-01,
        -1.1816e-01, -2.2303e-01, -2.2561e-01, -2.9059e-01, -2.1730e-01,
        -3.5849e-01, -2.3844e-01, -2.4090e-01, -2.2654e-01, -2.2752e-01,
        -1.3493e-01, -1.9921e-01, -2.9721e-01, -2.2244e-01, -2.0362e-01,
        -2.2211e-01, -3.6485e-01, -2.9317e-01, -2.4915e-01, -1.4564e-01,
        -9.6499e-02, -1.6914e-01, -2.1371e-01, -2.8827e-01, -3.0029e-01,
        -2.7634e-01, -2.5276e-01, -3.5610e-01, -2.8580e-01, -3.2438e-01,
        -1.8505e-01, -3.0931e-01, -3.8828e-01, -2.6396e-01, -1.3409e-01,
        -1.8550e-01, -1.6126e-01, -6.2847e-02, -1.7499e-01, -1.4306e-01,
        -1.9037e-01, -4.6112e-01, -1.4439e-01, -1.9482e-01, -1.3787e-01,
        -1.6299e-01, -8.5538e-03, -2.5748e-01, -2.6528e-01, -2.3086e-01,
        -1.7532e-01, -1.9360e-01, -2.0557e-01, -1.9143e-01, -2.6031e-01,
        -1.6373e-01, -2.5210e-01, -1.6812e-01, -1.9002e-01, -2.4525e-01,
        -1.8248e-01, -2.6170e-01, -1.9148e-01, -2.3900e-01, -6.0155e-02,
        -2.7437e-01, -2.6050e-01, -1.4538e-01, -3.6095e-01, -4.8203e-02,
        -3.4413e-01, -1.0733e-01, -4.2002e-01, -1.4881e-01, -2.8110e-01,
        -3.0190e-01, -1.1480e-01], device='cuda:0')), ('layer4.0.bn1.running_mean', tensor([-2.0255e-01, -1.3586e-01, -4.2692e-03, -4.5388e-01, -3.4527e-01,
        -3.6296e-01, -4.8042e-01, -1.3010e-01, -6.8036e-01, -8.8132e-01,
        -2.4200e-01, -2.6831e-01, -3.3887e-01, -2.7994e-01, -5.1553e-01,
        -4.8048e-01, -5.2308e-01, -4.4727e-01, -9.8100e-02, -3.9882e-01,
        -4.7913e-01, -6.0593e-01, -8.2032e-01, -4.3669e-01, -2.6448e-01,
        -4.2598e-01, -1.4919e-01, -4.5653e-01, -2.8078e-01, -5.2199e-01,
        -5.5225e-01, -6.6791e-01, -5.1818e-01, -4.1129e-01, -1.3429e-01,
        -4.7714e-01, -1.0694e+00, -1.5153e-01, -5.0550e-01, -4.4616e-01,
        -6.4924e-01, -7.6368e-01, -4.3980e-01, -5.3138e-01, -3.8154e-01,
        -3.5914e-01, -5.6530e-01, -4.2155e-01, -7.9346e-01, -1.3603e+00,
        -5.6861e-01, -4.3839e-01, -3.6945e-01, -1.9915e-01, -4.2973e-01,
        -3.1602e-01, -4.7772e-01, -5.1722e-01, -5.3473e-01, -6.3720e-01,
        -2.4439e-01,  2.1137e-01,  2.2869e-01, -3.1720e-01, -3.9552e-01,
        -4.3540e-01, -3.5983e-01, -3.3209e-01, -1.4678e-01, -5.7143e-01,
        -5.0163e-01, -3.8032e-01, -2.7209e-01, -2.9152e-01, -2.7388e-01,
        -1.7119e-01, -1.0103e+00, -9.0262e-01, -4.4440e-01, -5.7592e-01,
        -6.0696e-01, -3.9873e-01,  1.4484e-03, -1.2024e-01, -1.6375e-01,
        -5.4564e-01, -7.1733e-01, -9.1611e-02, -1.3050e-01,  1.0598e-01,
        -3.3925e-01, -3.2027e-01,  1.1468e-01, -6.7581e-01, -4.7255e-01,
        -2.7601e-01, -6.6514e-01, -2.9247e-01, -3.4664e-01, -3.9826e-01,
        -7.6980e-01, -7.3513e-01, -1.8072e-01, -3.2300e-01, -4.5591e-01,
        -6.1979e-01, -4.0705e-01, -6.0655e-01, -2.7337e-01, -3.6215e-01,
        -9.1656e-02, -8.4943e-02, -3.4048e-01,  9.1478e-02,  9.0095e-04,
        -3.1260e-02, -1.5808e-01,  5.8415e-02, -3.7773e-01, -3.3351e-01,
        -1.6375e-01, -6.4704e-01, -8.5120e-01, -5.3929e-01, -4.3589e-01,
        -3.6825e-01, -4.3107e-01,  5.1358e-02, -1.0223e+00,  1.5528e-01,
         3.1316e-02, -4.4294e-01, -6.3817e-01, -6.9694e-01, -5.3745e-01,
        -4.7171e-01, -6.0104e-01, -3.2275e-01, -6.4220e-01, -5.2920e-01,
        -5.9341e-01, -3.3344e-01, -1.6983e-01, -7.8646e-02, -3.5852e-01,
        -4.9947e-01, -1.2335e-01, -1.3767e-01, -4.1589e-01, -4.3742e-01,
        -1.0143e-01, -5.6893e-01, -1.4470e-01, -2.8968e-01, -5.4641e-01,
        -1.9166e-01, -4.2219e-01, -5.4460e-01, -6.2292e-01, -3.5396e-01,
        -3.2613e-01, -5.9903e-01, -6.9142e-01, -1.0419e-01, -7.2927e-01,
        -5.7045e-01, -3.1947e-01, -6.2094e-01, -8.2529e-01, -4.0015e-01,
        -3.3567e-01,  2.3203e-02, -4.0495e-01, -8.4356e-01, -2.2590e-01,
        -1.6900e-01, -5.3474e-01, -4.7873e-01, -7.4002e-01, -1.0510e+00,
        -3.1307e-01, -7.4767e-01, -4.6186e-01, -4.5861e-01, -3.3666e-01,
        -6.3643e-01, -8.7911e-02, -4.5716e-02, -2.2335e-01, -2.2472e-01,
        -2.5212e-01, -6.6296e-01, -4.8597e-01, -6.1617e-01, -7.4019e-01,
        -3.4013e-01, -6.0862e-01, -1.7574e-01, -3.9642e-03, -9.1780e-01,
        -4.7666e-01, -7.5315e-01, -3.6388e-01, -7.3075e-01, -5.6579e-01,
        -4.2936e-01, -3.7020e-01, -8.1493e-01, -2.8901e-01, -6.7431e-01,
        -8.4412e-01, -4.0346e-01, -3.1760e-01, -8.9369e-02, -5.3476e-01,
        -4.9081e-01, -3.0572e-01, -5.0834e-01, -6.0662e-01, -5.7320e-01,
        -2.1064e-01, -4.4058e-01, -2.1919e-01, -2.4361e-01, -2.0928e-01,
        -6.0894e-01, -2.9389e-01, -8.0232e-01, -3.5183e-01, -2.0566e-01,
        -4.1704e-01, -8.2057e-01, -4.4855e-01, -2.6896e-01, -4.6896e-01,
        -3.1194e-01, -6.2790e-01, -4.3068e-01, -5.1277e-01, -4.6357e-01,
        -4.5507e-01, -3.3560e-01, -5.9585e-01,  4.7485e-02, -9.2868e-01,
        -3.2128e-01,  1.2698e-02, -6.9579e-01, -9.5147e-02, -2.5248e-01,
        -6.5633e-01, -1.3194e-01,  5.1652e-02, -5.5897e-01,  2.3433e-04,
        -5.3637e-01, -6.0819e-02, -3.5840e-01, -5.2862e-01, -6.2008e-01,
        -1.0108e-01, -8.4256e-01, -6.0841e-01, -3.4085e-01, -5.0684e-01,
        -4.9739e-01, -8.0123e-01, -2.6853e-01,  1.6313e-01, -2.3358e-01,
        -5.8989e-01, -3.8505e-01, -3.0060e-01, -4.3693e-01, -7.3794e-01,
        -5.6618e-01, -6.7574e-01, -6.8611e-01, -4.8980e-01, -4.0619e-01,
        -6.7790e-01, -8.6814e-01, -7.0881e-01, -2.5992e-01,  5.3797e-01,
        -5.3643e-01, -5.7198e-01,  1.4401e-01, -6.8552e-02, -3.7746e-01,
        -8.4595e-01, -5.4698e-01, -4.7549e-01, -5.0328e-01, -4.1579e-01,
        -4.0296e-01,  5.8807e-02, -6.5644e-01, -2.7543e-01, -4.5950e-01,
        -5.3979e-01, -4.2916e-02, -5.8546e-01, -4.0903e-01, -5.6031e-01,
        -2.8029e-01, -9.2853e-01,  1.2099e-01, -3.9206e-01, -1.9286e-01,
        -9.7167e-01, -4.6499e-01, -6.4985e-01, -4.0349e-01, -3.5543e-01,
        -4.4038e-01, -1.0069e+00, -5.2780e-01, -2.8051e-01,  1.1781e-01,
        -5.3320e-01, -8.8561e-01, -6.0704e-01, -4.8964e-01, -1.7978e-01,
        -2.9626e-01, -3.3797e-01, -4.4863e-01, -4.3146e-01, -5.1717e-01,
        -6.1615e-01,  2.2670e-01, -4.0693e-01, -8.5190e-01, -5.8557e-01,
        -5.9605e-01, -2.0519e-01, -3.7221e-01, -5.5799e-01, -5.5953e-01,
        -2.5534e-01, -4.8107e-01, -2.4944e-01, -5.4046e-01, -3.9630e-01,
        -7.6719e-01, -4.9804e-01, -6.4815e-01, -5.0374e-01, -9.8371e-01,
        -6.0487e-01,  9.9918e-02, -8.5682e-01, -1.6287e-01, -1.0914e-01,
        -6.3645e-01, -2.5079e-01, -1.9194e-01, -8.3714e-01, -8.5300e-01,
        -1.9571e-01, -2.4913e-01, -3.5678e-01, -2.3906e-01, -5.4161e-01,
        -6.1564e-01, -4.0629e-01, -1.2436e-01, -8.5579e-01, -4.2075e-01,
        -1.6887e-01,  2.1558e-02, -8.9156e-02, -3.9741e-01, -8.5890e-01,
         9.7938e-02, -7.1421e-01, -5.1143e-01, -2.3985e-01, -4.8594e-02,
        -3.3454e-01, -1.9535e-01, -3.7865e-01, -3.2986e-01, -8.9209e-01,
        -1.7981e-01, -2.5252e-01,  1.4882e-02, -2.9144e-01, -6.9776e-01,
        -2.5295e-01, -2.2143e-01, -3.8329e-01, -8.5410e-01, -5.2159e-01,
        -6.8852e-01, -4.0451e-01, -3.8271e-01, -2.1752e-01, -4.6802e-01,
        -6.9360e-01, -3.7255e-02, -4.1600e-01, -3.6953e-01, -2.1924e-01,
        -3.1659e-01, -3.6568e-01, -2.6362e-01, -6.9352e-01, -3.2743e-01,
        -3.9446e-01, -4.9748e-02, -3.3850e-01, -1.5902e-01, -6.6018e-01,
        -3.9349e-01, -2.0316e-01, -3.2558e-01, -7.9972e-01, -3.8416e-01,
        -9.0603e-01, -2.1187e-01, -2.4857e-01, -1.1250e-01, -4.1708e-01,
        -2.6127e-01, -6.3373e-01, -3.6878e-01, -5.3992e-01, -7.5622e-01,
         5.0253e-02, -5.9172e-01, -7.8677e-01, -4.1349e-01, -4.2805e-01,
        -1.0353e+00, -3.7224e-01, -2.2174e-01, -6.9470e-01, -5.4477e-01,
        -3.0477e-01, -3.1578e-01, -8.1695e-01,  9.7900e-04, -5.5468e-01,
        -7.5736e-01, -3.4639e-01, -3.2736e-01, -3.0093e-01, -2.8745e-01,
        -6.3155e-01, -6.1014e-01, -3.9422e-01, -3.4949e-01, -2.8967e-01,
        -2.8870e-01, -3.7337e-01, -1.5874e-01, -2.1908e-01, -3.2944e-01,
        -1.8609e-01, -2.6148e-01, -1.1023e-01, -3.2654e-01, -3.4961e-01,
        -2.6727e-01, -4.8340e-01, -8.7158e-01, -2.5506e-01, -3.0232e-01,
        -4.9395e-01, -2.9531e-01, -2.8382e-01, -3.9364e-01, -7.7611e-01,
        -7.4249e-01, -4.5088e-01, -3.1950e-01, -6.3638e-01, -3.9031e-01,
        -7.8602e-01,  9.2620e-01, -4.7482e-01, -4.3537e-02, -3.3933e-01,
        -4.0302e-01, -8.1519e-01, -3.5691e-01, -3.2880e-01, -2.9526e-01,
        -4.8677e-01, -5.0782e-01, -6.8418e-01, -4.3571e-01, -5.3884e-01,
        -4.4836e-01, -6.1453e-01, -4.0678e-01, -6.9623e-01, -8.4673e-01,
        -4.0537e-01, -1.6379e-01, -6.7939e-01, -8.4749e-01, -6.4032e-01,
        -2.9038e-01, -3.9959e-01, -6.2951e-01, -4.9885e-01, -3.6614e-01,
        -2.3733e-01, -4.7615e-01], device='cuda:0')), ('layer4.0.bn1.running_var', tensor([0.1111, 0.0865, 0.1406, 0.1020, 0.0932, 0.1267, 0.1702, 0.1026, 0.1599,
        0.1452, 0.1195, 0.1464, 0.1210, 0.1015, 0.1330, 0.0989, 0.1652, 0.1545,
        0.1282, 0.1908, 0.1732, 0.1747, 0.1597, 0.1178, 0.1074, 0.1488, 0.1182,
        0.1123, 0.1301, 0.1102, 0.1261, 0.1700, 0.1268, 0.1296, 0.1166, 0.1106,
        0.2563, 0.1490, 0.0932, 0.0957, 0.1206, 0.0799, 0.1218, 0.1412, 0.0893,
        0.1656, 0.1180, 0.1264, 0.1396, 0.2458, 0.1416, 0.1464, 0.1397, 0.1961,
        0.0859, 0.1261, 0.1023, 0.1302, 0.1371, 0.1300, 0.1178, 0.3731, 0.1949,
        0.0856, 0.1223, 0.1123, 0.2318, 0.0770, 0.1159, 0.1079, 0.1140, 0.1218,
        0.1705, 0.1482, 0.1674, 0.1418, 0.1448, 0.1972, 0.2167, 0.1928, 0.1081,
        0.0815, 0.1152, 0.1252, 0.1242, 0.0852, 0.1098, 0.1172, 0.1144, 0.1487,
        0.1569, 0.1206, 0.1297, 0.1470, 0.1039, 0.1349, 0.1127, 0.1550, 0.1207,
        0.1251, 0.1009, 0.2516, 0.1967, 0.1393, 0.0823, 0.1106, 0.1674, 0.1398,
        0.0909, 0.1548, 0.1386, 0.1414, 0.1112, 0.2123, 0.6497, 0.0818, 0.0927,
        0.1285, 0.1786, 0.3291, 0.1587, 0.0943, 0.1756, 0.1361, 0.1161, 0.1036,
        0.1535, 0.1978, 0.1437, 0.1387, 0.1169, 0.1594, 0.1130, 0.1705, 0.1049,
        0.1416, 0.1870, 0.1419, 0.1062, 0.1078, 0.2296, 0.1482, 0.1146, 0.0862,
        0.1261, 0.0964, 0.1436, 0.1284, 0.1058, 0.1166, 0.1353, 0.2015, 0.1704,
        0.1167, 0.1270, 0.1073, 0.1216, 0.1092, 0.2673, 0.1370, 0.1186, 0.1232,
        0.1372, 0.1223, 0.1562, 0.1348, 0.1589, 0.1119, 0.2225, 0.1141, 0.0969,
        0.1232, 0.4035, 0.1146, 0.1091, 0.1090, 0.1327, 0.1142, 0.1451, 0.2280,
        0.1604, 0.1598, 0.1402, 0.1307, 0.1586, 0.2717, 0.1295, 0.1439, 0.0984,
        0.1219, 0.1313, 0.1263, 0.1672, 0.1127, 0.2930, 0.2340, 0.0970, 0.1409,
        0.1461, 0.1950, 0.1056, 0.1481, 0.1133, 0.1318, 0.1299, 0.1098, 0.0971,
        0.1394, 0.1656, 0.1530, 0.1630, 0.1552, 0.1491, 0.0960, 0.1284, 0.1221,
        0.0743, 0.0924, 0.1444, 0.0834, 0.1694, 0.1063, 0.1291, 0.1235, 0.1282,
        0.1517, 0.1245, 0.3146, 0.1285, 0.0863, 0.1627, 0.2361, 0.1422, 0.1136,
        0.2558, 0.1045, 0.3468, 0.1154, 0.1778, 0.0846, 0.1260, 0.1306, 0.0867,
        0.1318, 0.1136, 0.2006, 0.1036, 0.1376, 0.1389, 0.1223, 0.1467, 0.1213,
        0.1101, 0.0963, 0.1155, 0.1589, 0.1148, 0.1359, 0.1701, 0.1010, 0.2312,
        0.1705, 0.1917, 0.1513, 0.2029, 0.1212, 0.1160, 0.1660, 0.0814, 0.1538,
        0.1354, 0.1158, 0.1057, 0.1176, 0.1389, 0.1195, 0.2362, 0.1094, 0.1165,
        0.1542, 0.1669, 0.1247, 0.1558, 0.0942, 0.2466, 0.1098, 0.1540, 0.1281,
        0.1345, 0.1092, 0.1409, 0.1611, 0.1261, 0.1950, 0.1079, 0.1399, 0.1916,
        0.1498, 0.1070, 0.1328, 0.1413, 0.1449, 0.1147, 0.1295, 0.1249, 0.1346,
        0.2032, 0.1762, 0.1529, 0.1847, 0.1658, 0.1082, 0.1301, 0.1155, 0.1225,
        0.1821, 0.1524, 0.2172, 0.1096, 0.1000, 0.1207, 0.1656, 0.1062, 0.1224,
        0.1391, 0.1406, 0.1478, 0.1398, 0.1111, 0.1527, 0.1368, 0.1252, 0.1566,
        0.1485, 0.1713, 0.1045, 0.1226, 0.0974, 0.1796, 0.1481, 0.1222, 0.1566,
        0.1574, 0.1314, 0.1536, 0.2045, 0.1376, 0.1076, 0.2098, 0.1825, 0.1645,
        0.1141, 0.1213, 0.1202, 0.1267, 0.1609, 0.1541, 0.1358, 0.1585, 0.1320,
        0.1577, 0.1286, 0.1235, 0.1713, 0.1348, 0.1749, 0.1016, 0.1108, 0.1755,
        0.1135, 0.1067, 0.1583, 0.1721, 0.1527, 0.1775, 0.1288, 0.1381, 0.1093,
        0.0798, 0.1227, 0.0849, 0.1119, 0.1225, 0.1658, 0.1379, 0.1068, 0.1218,
        0.1426, 0.1428, 0.1393, 0.4102, 0.1840, 0.1311, 0.1953, 0.1102, 0.1413,
        0.1092, 0.1662, 0.1438, 0.0796, 0.1173, 0.1180, 0.1575, 0.1616, 0.1097,
        0.1112, 0.1415, 0.1441, 0.2712, 0.1449, 0.1259, 0.1389, 0.1142, 0.1299,
        0.1540, 0.1070, 0.1133, 0.3072, 0.1622, 0.1193, 0.1554, 0.1359, 0.1314,
        0.2030, 0.1693, 0.1498, 0.1204, 0.1744, 0.2033, 0.1061, 0.1517, 0.1371,
        0.1283, 0.1112, 0.1697, 0.2845, 0.1526, 0.1253, 0.1314, 0.1755, 0.1440,
        0.1108, 0.1884, 0.0986, 0.1392, 0.1534, 0.2106, 0.1637, 0.0985, 0.1146,
        0.1478, 0.2132, 0.1524, 0.0822, 0.1201, 0.1209, 0.0975, 0.1556, 0.2021,
        0.1424, 0.1079, 0.1739, 0.2450, 0.0962, 0.1692, 0.1335, 0.0886, 0.1632,
        0.1258, 0.1782, 0.1413, 0.1511, 0.2000, 0.2029, 0.1463, 0.1103, 0.1518,
        0.0670, 0.1842, 0.0980, 0.1619, 0.1313, 0.1634, 0.1171, 0.1073, 0.0937,
        0.1078, 0.1465, 0.1150, 0.1625, 0.1476, 0.1542, 0.1142, 0.1380, 0.1784,
        0.1097, 0.1053, 0.1070, 0.1783, 0.1207, 0.1186, 0.6911, 0.1177, 0.1466,
        0.1629, 0.1156, 0.1240, 0.1700, 0.1089, 0.2151, 0.1287, 0.1271],
       device='cuda:0')), ('layer4.0.bn1.num_batches_tracked', tensor(575, device='cuda:0')), ('layer4.0.conv2.weight', tensor([[[[-4.2121e-03, -1.5896e-02, -1.7737e-02],
          [-1.5403e-02, -3.2055e-02, -3.5171e-02],
          [ 2.3752e-02,  1.5941e-02, -1.7961e-02]],

         [[ 1.7102e-02,  3.6547e-02,  2.6701e-02],
          [-1.0720e-02, -2.5412e-02, -7.5380e-03],
          [-1.4086e-02, -1.1950e-02, -3.0755e-02]],

         [[-6.0640e-03, -2.7545e-02,  5.6991e-03],
          [-1.3225e-02, -1.0360e-02,  3.0586e-03],
          [-4.5599e-03,  7.1466e-03,  3.3796e-03]],

         ...,

         [[-1.0799e-03, -1.1287e-02, -2.9973e-02],
          [-1.2428e-03,  2.3320e-03, -1.6687e-02],
          [-2.4947e-03,  7.4056e-03, -7.9610e-03]],

         [[-1.9565e-02, -1.4058e-02, -1.7130e-02],
          [ 2.1475e-02,  5.5209e-02,  1.7449e-02],
          [-2.1603e-02, -3.2035e-02, -7.2743e-03]],

         [[-4.4436e-04,  3.3309e-03, -5.8719e-03],
          [-1.9367e-02, -3.6088e-04,  1.1392e-03],
          [-3.4129e-03, -9.5787e-05,  1.6172e-03]]],


        [[[ 1.2899e-02,  3.2676e-03, -1.0626e-03],
          [ 1.0361e-05, -4.2138e-04, -8.7942e-03],
          [-1.0700e-02, -1.5501e-02, -1.9583e-02]],

         [[-1.3537e-02, -1.8628e-02, -2.3923e-02],
          [ 6.7294e-03, -1.3558e-02, -3.3530e-03],
          [ 3.0052e-03, -1.6100e-02, -3.5360e-03]],

         [[-1.1376e-02, -3.0240e-02, -7.9064e-03],
          [-1.4893e-02, -5.2433e-02, -2.0547e-02],
          [-2.9497e-02, -4.4200e-02, -2.5152e-02]],

         ...,

         [[-1.5554e-02, -1.2921e-02, -2.8248e-03],
          [-1.9784e-02, -1.3460e-02,  6.1901e-04],
          [-3.0626e-03, -7.3807e-03, -3.6283e-04]],

         [[-2.0724e-02, -2.1657e-02, -2.9486e-02],
          [-3.6051e-02, -6.5923e-02, -5.2292e-02],
          [-1.0074e-02, -2.2142e-02, -1.6749e-02]],

         [[-2.2587e-02, -2.7271e-02, -3.3191e-03],
          [-6.1264e-03,  1.7704e-02,  6.9149e-03],
          [-1.2813e-02,  1.3987e-02, -1.3527e-02]]],


        [[[-4.8205e-03, -2.3014e-03, -4.1757e-03],
          [ 1.9739e-02, -1.6092e-02, -3.8272e-03],
          [ 2.2406e-02,  8.9829e-03, -7.0128e-04]],

         [[ 7.8177e-03, -8.6440e-03, -1.4201e-03],
          [ 3.2539e-04,  1.3219e-03, -1.1235e-02],
          [-7.5135e-04,  1.6841e-03, -5.1363e-03]],

         [[ 1.7689e-02,  3.9121e-03,  9.1183e-03],
          [ 1.8757e-02, -1.5154e-03, -2.1462e-04],
          [ 6.8641e-03, -6.1091e-03,  6.8194e-03]],

         ...,

         [[ 3.2735e-02,  2.2436e-02,  2.3246e-02],
          [ 1.6640e-02,  2.3118e-02,  2.9432e-02],
          [ 1.0771e-02,  2.1511e-02,  2.3219e-02]],

         [[-1.0298e-02, -1.1856e-02, -4.3238e-03],
          [-2.8118e-02, -3.6461e-02, -1.8994e-02],
          [ 1.0336e-03, -2.6446e-03,  9.0019e-03]],

         [[-6.7446e-03, -2.6011e-02, -1.9365e-02],
          [-1.7095e-02, -1.7177e-02, -1.3695e-02],
          [-2.2116e-02,  3.5799e-03, -1.0220e-02]]],


        ...,


        [[[-1.5571e-02, -1.6198e-02,  1.1652e-03],
          [-7.5292e-03, -2.0436e-03, -1.4038e-02],
          [ 2.5714e-02,  3.9268e-02,  2.0968e-02]],

         [[ 7.0885e-04, -1.1121e-02, -8.7921e-03],
          [ 2.4213e-02,  4.3201e-04,  1.0087e-02],
          [ 2.0498e-02,  1.9415e-02,  8.7411e-03]],

         [[-1.7320e-02, -3.0010e-02, -2.5104e-03],
          [-1.9810e-02, -4.6055e-02,  8.7054e-04],
          [-3.9068e-03, -1.0263e-02,  1.3866e-02]],

         ...,

         [[-1.9795e-02, -3.5339e-02, -1.5803e-02],
          [-1.9196e-02, -5.1707e-02, -2.7850e-02],
          [ 6.0821e-04, -3.0879e-03, -1.2050e-02]],

         [[-2.8807e-03, -4.5917e-04,  3.4201e-03],
          [-1.8783e-03, -2.3789e-02,  1.3791e-02],
          [ 3.0843e-02,  1.2058e-02,  4.2886e-02]],

         [[-1.5108e-02, -1.5101e-02, -7.6435e-03],
          [-1.9861e-02, -8.7302e-03, -3.2921e-02],
          [-5.2926e-03, -8.4984e-03, -1.0115e-02]]],


        [[[-8.7688e-03, -8.1987e-03, -1.0625e-02],
          [-4.0094e-03, -1.9014e-02, -2.6638e-02],
          [-1.1138e-02, -9.2099e-04, -1.1492e-02]],

         [[ 1.4956e-02, -7.8372e-04,  1.4426e-02],
          [ 3.5719e-03, -2.2748e-02, -4.1145e-03],
          [ 4.2289e-03,  8.4065e-03,  6.1191e-03]],

         [[ 6.1678e-03,  4.5103e-03, -2.7388e-03],
          [ 2.1961e-03,  1.6169e-02,  8.2403e-03],
          [ 3.9160e-03,  2.0199e-02,  2.0106e-02]],

         ...,

         [[ 7.9762e-03, -1.0970e-02,  7.7548e-03],
          [-1.9409e-03, -2.3401e-02, -1.0746e-02],
          [ 1.2121e-02, -1.0969e-02,  3.3185e-03]],

         [[ 9.9617e-03,  4.2462e-03,  1.2731e-04],
          [ 7.7298e-03, -6.8617e-03, -4.3319e-03],
          [-2.5488e-05,  1.4418e-02,  8.1803e-03]],

         [[-1.6227e-02, -2.1337e-02, -1.8088e-02],
          [-2.1013e-03,  4.1867e-03, -7.1773e-03],
          [-2.1395e-03,  1.5195e-02,  3.2250e-03]]],


        [[[ 2.8545e-02, -7.7700e-03,  1.9039e-02],
          [ 1.6032e-02, -1.2940e-02, -1.9640e-02],
          [ 4.6946e-03, -1.5267e-02, -5.0199e-02]],

         [[-5.9753e-03, -1.8711e-02, -9.5617e-03],
          [ 4.3172e-03, -4.6893e-02,  2.3356e-03],
          [ 1.1644e-02, -4.2064e-03,  1.4978e-02]],

         [[ 1.5075e-02,  2.9313e-02,  1.9546e-03],
          [-2.7504e-04,  4.2382e-03, -1.0916e-02],
          [-6.7716e-03, -1.3483e-02,  4.7836e-03]],

         ...,

         [[ 4.8673e-03,  1.8749e-02,  1.8094e-02],
          [-5.0960e-03,  3.2352e-03,  2.2477e-02],
          [-1.1174e-02, -1.4043e-02,  9.0859e-03]],

         [[ 4.1235e-03,  8.6279e-03,  1.8403e-02],
          [ 1.5066e-02,  4.5209e-03,  1.6892e-02],
          [ 1.0495e-02,  1.4342e-02,  8.6482e-04]],

         [[ 1.7277e-02, -1.8359e-02, -2.7719e-02],
          [ 1.6709e-03, -2.5075e-02,  7.9737e-03],
          [-2.7034e-03,  3.3318e-04,  1.0642e-02]]]], device='cuda:0')), ('layer4.0.bn2.weight', tensor([0.4477, 0.5096, 0.4334, 0.3436, 0.3832, 0.3507, 0.3726, 0.5858, 0.4298,
        0.5059, 0.4623, 0.3840, 0.3554, 0.4858, 0.3282, 0.3891, 0.3918, 0.5176,
        0.3947, 0.3269, 0.4131, 0.4490, 0.3988, 0.3611, 0.3906, 0.4632, 0.3435,
        0.3648, 0.3297, 0.4560, 0.4268, 0.4541, 0.4019, 0.4649, 0.4213, 0.4020,
        0.4245, 0.3875, 0.4217, 0.3447, 0.3520, 0.3723, 0.4579, 0.2877, 0.4592,
        0.4789, 0.4451, 0.5094, 0.4036, 0.4256, 0.3549, 0.3077, 0.4428, 0.4710,
        0.4251, 0.3895, 0.4492, 0.3679, 0.4648, 0.3971, 0.3552, 0.3670, 0.3817,
        0.5043, 0.4024, 0.3461, 0.4795, 0.5405, 0.4239, 0.4291, 0.4586, 0.4722,
        0.3653, 0.5376, 0.3198, 0.5183, 0.4749, 0.3502, 0.3745, 0.4329, 0.3857,
        0.4589, 0.3808, 0.5018, 0.5277, 0.3960, 0.4573, 0.3223, 0.4716, 0.4799,
        0.4305, 0.4229, 0.3291, 0.3825, 0.4098, 0.4451, 0.4052, 0.4403, 0.4397,
        0.5098, 0.5034, 0.4611, 0.4551, 0.3320, 0.3414, 0.4200, 0.5120, 0.4543,
        0.5240, 0.4254, 0.4238, 0.4976, 0.4099, 0.5332, 0.4840, 0.3719, 0.4657,
        0.4343, 0.3252, 0.3735, 0.4337, 0.4828, 0.4390, 0.3746, 0.4161, 0.5157,
        0.4995, 0.4400, 0.3664, 0.4056, 0.4487, 0.4701, 0.3922, 0.3256, 0.3172,
        0.3239, 0.4311, 0.4006, 0.3960, 0.3763, 0.4368, 0.4128, 0.3283, 0.4341,
        0.3732, 0.4169, 0.4274, 0.3051, 0.4244, 0.3355, 0.4365, 0.4410, 0.3800,
        0.5877, 0.4478, 0.5016, 0.2981, 0.4966, 0.4150, 0.3727, 0.5476, 0.4113,
        0.4716, 0.1394, 0.4972, 0.4180, 0.4232, 0.4430, 0.5117, 0.4482, 0.4585,
        0.3884, 0.4172, 0.4521, 0.4244, 0.3960, 0.3948, 0.4057, 0.5300, 0.5026,
        0.3777, 0.4252, 0.3438, 0.4173, 0.3765, 0.4052, 0.3808, 0.4493, 0.5106,
        0.4048, 0.4110, 0.3625, 0.4370, 0.3461, 0.4232, 0.4834, 0.3500, 0.4387,
        0.3780, 0.4290, 0.4872, 0.3894, 0.6288, 0.4307, 0.5415, 0.4124, 0.4291,
        0.3173, 0.3592, 0.3594, 0.4260, 0.4485, 0.4308, 0.3641, 0.4095, 0.3992,
        0.4080, 0.3899, 0.3878, 0.5479, 0.3664, 0.4058, 0.4582, 0.4233, 0.3951,
        0.4017, 0.3828, 0.4309, 0.3546, 0.4185, 0.4149, 0.3902, 0.4144, 0.5157,
        0.4039, 0.3585, 0.4412, 0.5642, 0.3808, 0.6155, 0.4490, 0.6177, 0.5377,
        0.3467, 0.5431, 0.6032, 0.4061, 0.3448, 0.4259, 0.4625, 0.5946, 0.3510,
        0.3689, 0.3623, 0.3177, 0.5493, 0.3421, 0.5389, 0.4038, 0.3359, 0.4167,
        0.5177, 0.3907, 0.3158, 0.3514, 0.3742, 0.4281, 0.4731, 0.3302, 0.5073,
        0.4311, 0.5363, 0.4403, 0.5467, 0.5677, 0.4148, 0.3993, 0.4312, 0.4096,
        0.4245, 0.4345, 0.3730, 0.4301, 0.3902, 0.3036, 0.3415, 0.3782, 0.4521,
        0.3156, 0.4609, 0.4310, 0.3935, 0.3132, 0.3857, 0.3595, 0.4042, 0.4728,
        0.4331, 0.3884, 0.3528, 0.4444, 0.4317, 0.4374, 0.4697, 0.4772, 0.2544,
        0.4163, 0.4380, 0.4151, 0.4018, 0.4092, 0.4940, 0.4788, 0.3516, 0.4391,
        0.4150, 0.4642, 0.3303, 0.6003, 0.5009, 0.4145, 0.4967, 0.4550, 0.4569,
        0.4917, 0.3373, 0.4657, 0.4357, 0.3978, 0.5438, 0.4634, 0.5105, 0.4651,
        0.4477, 0.4783, 0.3496, 0.3979, 0.3583, 0.4063, 0.3905, 0.3923, 0.5064,
        0.2799, 0.5452, 0.4446, 0.4926, 0.4622, 0.3423, 0.3485, 0.5115, 0.3646,
        0.3763, 0.3233, 0.4526, 0.3935, 0.3352, 0.4645, 0.4125, 0.3644, 0.4189,
        0.3905, 0.5084, 0.4197, 0.4113, 0.4233, 0.3617, 0.4997, 0.3671, 0.4729,
        0.4225, 0.5600, 0.4696, 0.7222, 0.5849, 0.4728, 0.4406, 0.3922, 0.3905,
        0.4595, 0.3598, 0.4132, 0.4134, 0.5082, 0.3666, 0.3666, 0.4249, 0.2966,
        0.4116, 0.3172, 0.4285, 0.4199, 0.3482, 0.4282, 0.5123, 0.3239, 0.4349,
        0.3600, 0.3696, 0.4167, 0.3793, 0.4420, 0.4220, 0.4145, 0.4701, 0.4955,
        0.4035, 0.4076, 0.4746, 0.3906, 0.4638, 0.4128, 0.4545, 0.3531, 0.4788,
        0.3827, 0.3781, 0.3382, 0.4339, 0.6543, 0.4266, 0.4140, 0.3761, 0.3667,
        0.4329, 0.4184, 0.3884, 0.4539, 0.4413, 0.4071, 0.4595, 0.7050, 0.4442,
        0.3537, 0.4805, 0.4217, 0.5751, 0.4319, 0.4030, 0.4028, 0.4736, 0.5475,
        0.4424, 0.5572, 0.3736, 0.3941, 0.4393, 0.4727, 0.4322, 0.4377, 0.3576,
        0.4155, 0.3960, 0.4587, 0.4336, 0.3484, 0.4613, 0.4439, 0.4306, 0.3847,
        0.3226, 0.4869, 0.3478, 0.3985, 0.4326, 0.3351, 0.4019, 0.4721, 0.3520,
        0.4701, 0.4231, 0.4596, 0.3284, 0.4341, 0.4369, 0.3782, 0.4190, 0.3861,
        0.4209, 0.4551, 0.7211, 0.3946, 0.5218, 0.3746, 0.3541, 0.5292, 0.4135,
        0.3228, 0.3233, 0.3615, 0.4763, 0.4002, 0.2841, 0.4562, 0.4485, 0.4806,
        0.4305, 0.4373, 0.4665, 0.3585, 0.4762, 0.3047, 0.4333, 0.3787, 0.4271,
        0.4261, 0.3721, 0.3361, 0.3954, 0.3657, 0.4342, 0.5224, 0.3833],
       device='cuda:0')), ('layer4.0.bn2.bias', tensor([-0.1751, -0.2176, -0.2043, -0.1691, -0.1650, -0.1470, -0.2182, -0.2868,
        -0.1138, -0.2172, -0.0999, -0.1577, -0.1954, -0.0400, -0.1507, -0.1943,
        -0.2069, -0.1693, -0.1872, -0.1760, -0.1292, -0.2355, -0.1945, -0.1959,
        -0.1781, -0.1763, -0.1761, -0.1547, -0.1619, -0.2607, -0.1753, -0.2491,
        -0.1743, -0.2420, -0.2490, -0.2904, -0.1482, -0.1578, -0.1791, -0.1850,
        -0.1509, -0.1352, -0.2720, -0.1285, -0.2247, -0.2538, -0.2390, -0.1853,
        -0.1748, -0.2377, -0.1204, -0.1825, -0.2744, -0.2607, -0.1859, -0.2313,
        -0.2339, -0.1905, -0.2070, -0.0702, -0.1868, -0.2055, -0.1113, -0.2829,
        -0.1286, -0.1666, -0.2119, -0.3633, -0.2970, -0.2359, -0.1637, -0.1893,
        -0.1809, -0.2042, -0.1813, -0.2718, -0.3305, -0.1741, -0.1811, -0.2631,
        -0.2202, -0.1594, -0.1553, -0.1356, -0.2984, -0.1437, -0.1854, -0.1755,
        -0.1389, -0.2201, -0.1890, -0.1581, -0.1673, -0.2529, -0.1599, -0.1733,
        -0.1641, -0.1979, -0.2257, -0.2374, -0.2249, -0.1557, -0.2052, -0.1417,
        -0.1374, -0.1985, -0.1842, -0.2132, -0.2933, -0.1960, -0.2671, -0.2221,
        -0.2165, -0.3396, -0.2678, -0.1896, -0.1719, -0.2190, -0.1800, -0.1686,
        -0.1111, -0.2181, -0.1148, -0.1660, -0.1890, -0.3518, -0.3109, -0.2152,
        -0.1483, -0.1652, -0.2850, -0.2222, -0.1510, -0.1801, -0.2144, -0.1852,
        -0.1355, -0.1762, -0.1837, -0.1969, -0.1716, -0.3017, -0.0779, -0.2010,
        -0.1957, -0.2253, -0.2455, -0.1089, -0.1415, -0.1239, -0.1199, -0.1755,
        -0.2119, -0.3280, -0.3534, -0.2379, -0.1205, -0.2150, -0.1748, -0.1911,
        -0.3386, -0.1609, -0.2533,  0.0635, -0.2870, -0.1198, -0.1596, -0.2322,
        -0.3331, -0.2003, -0.2658, -0.1631, -0.2451, -0.2876, -0.2412, -0.1453,
        -0.1917, -0.2145, -0.1536, -0.2873, -0.2464, -0.2247, -0.0487, -0.1539,
        -0.1509, -0.1515, -0.1747, -0.1948, -0.2012, -0.2237, -0.2113, -0.2684,
        -0.1842, -0.1823, -0.1814, -0.3869, -0.1548, -0.1559, -0.1574, -0.2247,
        -0.1528, -0.2514, -0.2856, -0.1829, -0.2704, -0.2333, -0.2127, -0.2399,
        -0.1035, -0.1498, -0.1990, -0.1755, -0.2275, -0.0969, -0.1859, -0.1814,
        -0.1577, -0.1948, -0.1682, -0.2797, -0.1854, -0.2766, -0.2267, -0.2147,
        -0.1364, -0.2172, -0.1069, -0.2179, -0.1347, -0.1923, -0.2107, -0.1895,
        -0.2357, -0.1401, -0.2216, -0.2344, -0.1632, -0.1912, -0.1446, -0.1126,
        -0.2409, -0.2747, -0.2934, -0.1590, -0.3521, -0.3677, -0.2205, -0.1521,
        -0.2094, -0.0875, -0.2041, -0.2035, -0.1991, -0.2331, -0.0746, -0.1758,
        -0.1408, -0.2178, -0.1451, -0.1439, -0.1463, -0.2915, -0.0866, -0.1376,
        -0.2014, -0.1113, -0.2577, -0.1997, -0.2048, -0.2438, -0.0865, -0.3358,
        -0.2589, -0.2378, -0.3519, -0.1828, -0.1189, -0.1704, -0.1766, -0.1938,
        -0.2021, -0.1893, -0.2732, -0.1492,  0.1136, -0.1888, -0.1822, -0.2010,
        -0.0338, -0.3439, -0.1940, -0.1957, -0.1538, -0.1901, -0.1430, -0.3007,
        -0.1773, -0.1997, -0.2136, -0.0970, -0.1662, -0.2389, -0.2177, -0.2099,
        -0.2058, -0.0577, -0.0690, -0.2050, -0.1872, -0.2065, -0.1549, -0.2281,
        -0.2007, -0.1634, -0.2006, -0.2018, -0.1080, -0.1667, -0.2110,  0.0408,
        -0.1083, -0.2756, -0.2670, -0.2597, -0.2843, -0.1962, -0.1922, -0.2930,
        -0.1831, -0.2877, -0.1059, -0.2103, -0.2650, -0.3016, -0.2894, -0.1561,
        -0.0048, -0.2142, -0.2044, -0.1491, -0.1148,  0.0274, -0.0982, -0.1382,
        -0.1802, -0.3185, -0.2172, -0.1367, -0.0799,  0.0128, -0.1818, -0.1936,
        -0.1624, -0.2763, -0.1915, -0.2108, -0.2290, -0.2047, -0.2014, -0.2749,
        -0.0997, -0.3185, -0.1127, -0.1690, -0.1367, -0.2149, -0.2661, -0.1579,
        -0.1990, -0.1753, -0.1861, -0.2328, -0.2073, -0.3358, -0.2278, -0.2372,
        -0.2146, -0.2344, -0.2376, -0.2390, -0.1268, -0.2315, -0.1872, -0.1645,
        -0.1410, -0.1893, -0.1063, -0.3052, -0.1136, -0.1679, -0.2084, -0.1844,
        -0.3061, -0.1770, -0.1580, -0.2664, -0.1798, -0.1584, -0.1729, -0.1889,
        -0.3007, -0.1454, -0.2170, -0.2241, -0.1613, -0.1418, -0.2675, -0.2905,
        -0.1704, -0.2093, -0.1935, -0.2676, -0.1958, -0.1948, -0.1684, -0.2291,
        -0.1881, -0.2654, -0.3984, -0.2550, -0.1803, -0.2038, -0.1620, -0.2474,
        -0.0583, -0.2191, -0.2092, -0.1617, -0.1230, -0.1797, -0.3450, -0.1675,
        -0.2496, -0.2404, -0.2884, -0.2787, -0.1891, -0.2119, -0.1960, -0.2071,
        -0.1706, -0.2240, -0.2966, -0.1333, -0.1429, -0.2382, -0.1612, -0.2014,
        -0.3244, -0.1859, -0.1768, -0.2673, -0.2098, -0.2402, -0.1120, -0.1932,
        -0.1874, -0.1793, -0.2627, -0.2080, -0.1882, -0.0551, -0.1912, -0.2178,
        -0.2106, -0.1729, -0.2717, -0.1995, -0.2127, -0.2491, -0.1699, -0.1578,
        -0.1684, -0.3007, -0.1664, -0.2412, -0.2291, -0.1938, -0.2866, -0.3268,
        -0.2213, -0.1867, -0.1789, -0.0944, -0.1758, -0.1303, -0.1561, -0.1690,
        -0.2244, -0.2832, -0.2642, -0.0933, -0.2403, -0.2718, -0.2563, -0.2579,
        -0.2940, -0.2449, -0.1788, -0.2734, -0.1383, -0.1724, -0.1905, -0.1819,
        -0.2323, -0.1366, -0.1087, -0.2135, -0.1515, -0.2027, -0.3238, -0.1717],
       device='cuda:0')), ('layer4.0.bn2.running_mean', tensor([-0.2627, -0.1984, -0.1562, -0.0870, -0.0928, -0.0783, -0.2099, -0.1857,
        -0.1354, -0.1815, -0.1580, -0.1402, -0.0980, -0.1690, -0.1511, -0.0755,
        -0.1492, -0.2342, -0.1751, -0.1419, -0.1362, -0.1869, -0.1476, -0.1010,
        -0.2147, -0.1850, -0.2108, -0.1597, -0.1307, -0.1142, -0.1516, -0.1236,
        -0.1682, -0.1490, -0.1393, -0.0922, -0.2119, -0.0826, -0.0459, -0.1263,
        -0.1362, -0.2820, -0.2048, -0.1451, -0.1237, -0.2191, -0.2007, -0.1893,
        -0.0471, -0.2061, -0.1501, -0.1031, -0.1749, -0.1573, -0.1243, -0.1478,
        -0.1040, -0.2035, -0.1826, -0.1661, -0.1323, -0.1193, -0.2464, -0.2668,
        -0.1850, -0.0742, -0.1938, -0.1928, -0.0898, -0.1983, -0.1267, -0.1699,
        -0.1919, -0.2046, -0.1020, -0.1310, -0.1586, -0.0961, -0.2162, -0.1057,
        -0.1685, -0.0871, -0.0836, -0.1430, -0.1828, -0.1619, -0.2005, -0.0635,
        -0.1383,  0.0573, -0.1204, -0.0872, -0.1835, -0.1613, -0.1598, -0.1484,
        -0.0186, -0.1444, -0.1091, -0.1536, -0.2308, -0.2087, -0.3516, -0.0824,
        -0.1056, -0.0624, -0.2176, -0.2405, -0.1425, -0.2120, -0.1947, -0.1861,
        -0.0388, -0.2243, -0.2782, -0.1189, -0.1579, -0.0197, -0.2111, -0.1116,
        -0.2043, -0.1737, -0.1931, -0.1311, -0.2253, -0.2362, -0.2700,  0.0545,
        -0.1103, -0.0827, -0.1478, -0.1736, -0.1206, -0.0399, -0.0870, -0.1172,
        -0.1195, -0.0920, -0.0903, -0.1771, -0.1277, -0.0990, -0.0711, -0.0941,
        -0.0843, -0.2902, -0.1710, -0.1748, -0.1366, -0.1132, -0.1734, -0.1552,
        -0.1629, -0.1664, -0.1712, -0.1474, -0.1839, -0.0090, -0.0898, -0.0679,
        -0.1508, -0.0938, -0.1023, -0.0119, -0.2024, -0.1851, -0.2217, -0.1566,
        -0.1680, -0.1212, -0.1597, -0.2052, -0.0256, -0.1435, -0.1137, -0.1110,
        -0.1413, -0.0914, -0.2782, -0.1063, -0.1246, -0.1993, -0.0899, -0.1262,
        -0.1322, -0.1744, -0.2149, -0.0642, -0.3096, -0.1845, -0.3040, -0.1316,
        -0.1456, -0.1252, -0.1419, -0.1990, -0.1773, -0.1397, -0.1508, -0.0988,
        -0.2397, -0.1730, -0.1800, -0.1693, -0.2125, -0.1235, -0.1687, -0.1434,
        -0.1473, -0.0539, -0.1941, -0.1788, -0.1530, -0.1190, -0.2039, -0.0651,
        -0.1314, -0.1021, -0.2860, -0.1861, -0.1423, -0.1780, -0.0623, -0.1045,
        -0.2310, -0.1340, -0.1357, -0.1560, -0.1212, -0.1994, -0.0903, -0.1881,
        -0.1824,  0.4349, -0.1897, -0.0785, -0.2058,  0.5090, -0.1773, -0.2763,
        -0.1648, -0.3117, -0.0556, -0.0681, -0.1570, -0.2493, -0.1694, -0.2133,
        -0.1695, -0.0851, -0.1393, -0.1541, -0.0994, -0.0725, -0.1844, -0.3059,
        -0.1275, -0.1152,  0.0016, -0.2017, -0.1435, -0.0755, -0.2255, -0.1391,
        -0.0375, -0.1079, -0.0391, -0.1604, -0.1485,  0.0176, -0.3179, -0.1938,
        -0.0942, -0.1279, -0.2476, -0.1753, -0.1796, -0.1814, -0.1093, -0.2808,
        -0.2077, -0.1134, -0.1285, -0.2102,  0.1632, -0.0548, -0.1145, -0.1466,
        -0.1358, -0.2559, -0.2228, -0.0438, -0.1140, -0.1540, -0.1511, -0.1645,
        -0.1239, -0.1351, -0.0942, -0.0887, -0.1638, -0.2049, -0.1196, -0.1491,
        -0.1588, -0.1244, -0.1664, -0.1518, -0.0171, -0.1084, -0.1739, -0.2956,
        -0.1489, -0.0623, -0.0736, -0.2057, -0.0696, -0.1463, -0.2624, -0.1203,
        -0.1234, -0.1265, -0.1268, -0.1104, -0.1791, -0.1681, -0.1443, -0.2293,
        -0.1037, -0.1517, -0.2262, -0.2122, -0.2589, -0.1874, -0.1549, -0.2267,
        -0.2363, -0.1097, -0.0899, -0.0219, -0.1588, -0.1069, -0.1500, -0.2119,
        -0.1744, -0.1997, -0.2137, -0.1544, -0.1220, -0.2011, -0.2118, -0.1776,
        -0.1299, -0.1318, -0.1050, -0.0897, -0.2320, -0.1338, -0.1259, -0.0393,
        -0.1308, -0.1822, -0.2178, -0.1713, -0.0265, -0.1071, -0.1371, -0.1411,
        -0.0742, -0.1339, -0.2609, -0.1407, -0.3477, -0.1639, -0.1705, -0.2223,
        -0.1451, -0.1742, -0.0693, -0.1927, -0.0994, -0.1509, -0.0306, -0.1338,
        -0.1475, -0.1052, -0.2260, -0.1906, -0.2070, -0.1179, -0.2213, -0.0957,
        -0.0756, -0.2005, -0.1675, -0.1266, -0.2013, -0.2118, -0.1523, -0.1596,
        -0.1557, -0.0573, -0.1478, -0.2138, -0.0602, -0.1491, -0.1484, -0.1925,
        -0.1052, -0.2235, -0.2314, -0.2236, -0.0495, -0.1671, -0.0930, -0.1796,
        -0.0797, -0.1531, -0.1790, -0.1157, -0.1709, -0.1196, -0.1864, -0.0921,
        -0.2586, -0.1174, -0.2327, -0.2536, -0.2216, -0.1043, -0.3879, -0.1066,
        -0.1391, -0.2070, -0.1233, -0.1424, -0.2139, -0.1472, -0.1452, -0.1236,
        -0.1423, -0.1435, -0.2253, -0.0906, -0.2005, -0.1477, -0.2365, -0.1358,
        -0.1144, -0.1240, -0.0878, -0.1293, -0.1834, -0.0625, -0.0813, -0.1599,
        -0.1123, -0.1030, -0.2551, -0.1446, -0.2043, -0.2106, -0.1962, -0.1326,
        -0.0520, -0.1335, -0.2349, -0.0570, -0.1779, -0.2105, -0.0950, -0.2142,
        -0.1358, -0.1605, -0.1033, -0.1131, -0.2252, -0.1196, -0.1747, -0.2804,
        -0.1533, -0.0935, -0.1895, -0.1575, -0.2153, -0.1348, -0.2002, -0.2460,
        -0.1863, -0.2104, -0.0740, -0.1556, -0.1759, -0.1462, -0.2033, -0.1763,
        -0.0652, -0.0449, -0.1880, -0.1641, -0.2013, -0.1518, -0.0498, -0.1114,
        -0.0594, -0.1282, -0.1394, -0.1170, -0.1176, -0.2497, -0.0574, -0.2592],
       device='cuda:0')), ('layer4.0.bn2.running_var', tensor([0.0316, 0.0449, 0.0207, 0.0166, 0.0226, 0.0224, 0.0341, 0.0293, 0.0303,
        0.0325, 0.0267, 0.0303, 0.0199, 0.0764, 0.0214, 0.0183, 0.0203, 0.0460,
        0.0252, 0.0164, 0.0257, 0.0253, 0.0269, 0.0270, 0.0328, 0.0219, 0.0198,
        0.0211, 0.0199, 0.0273, 0.0227, 0.0360, 0.0321, 0.0243, 0.0201, 0.0165,
        0.0266, 0.0252, 0.0309, 0.0158, 0.0195, 0.0350, 0.0227, 0.0176, 0.0282,
        0.0316, 0.0223, 0.0513, 0.0242, 0.0291, 0.0229, 0.0188, 0.0209, 0.0196,
        0.0164, 0.0215, 0.0189, 0.0211, 0.0262, 0.0362, 0.0227, 0.0232, 0.0429,
        0.0366, 0.0267, 0.0228, 0.0301, 0.0209, 0.0197, 0.0270, 0.0282, 0.0286,
        0.0283, 0.0392, 0.0149, 0.0262, 0.0215, 0.0279, 0.0246, 0.0239, 0.0206,
        0.0238, 0.0248, 0.0366, 0.0230, 0.0334, 0.0312, 0.0173, 0.0294, 0.0347,
        0.0318, 0.0299, 0.0217, 0.0249, 0.0227, 0.0269, 0.0196, 0.0198, 0.0302,
        0.0270, 0.0292, 0.0309, 0.0381, 0.0197, 0.0183, 0.0153, 0.0319, 0.0400,
        0.0187, 0.0359, 0.0208, 0.0403, 0.0169, 0.0496, 0.0342, 0.0261, 0.0271,
        0.0370, 0.0226, 0.0249, 0.0346, 0.0290, 0.0288, 0.0195, 0.0242, 0.0223,
        0.0243, 0.0263, 0.0176, 0.0228, 0.0268, 0.0336, 0.0191, 0.0143, 0.0183,
        0.0194, 0.0294, 0.0177, 0.0195, 0.0245, 0.0252, 0.0208, 0.0189, 0.0232,
        0.0239, 0.0371, 0.0204, 0.0281, 0.0278, 0.0216, 0.0347, 0.0200, 0.0224,
        0.0287, 0.0148, 0.0336, 0.0227, 0.0358, 0.0230, 0.0221, 0.0260, 0.0225,
        0.0226, 0.0319, 0.0346, 0.0356, 0.0313, 0.0298, 0.0262, 0.0180, 0.0273,
        0.0370, 0.0215, 0.0221, 0.0216, 0.0280, 0.0292, 0.0207, 0.0430, 0.0271,
        0.0256, 0.0317, 0.0321, 0.0270, 0.0327, 0.0244, 0.0283, 0.0195, 0.0390,
        0.0198, 0.0328, 0.0201, 0.0312, 0.0185, 0.0234, 0.0207, 0.0190, 0.0395,
        0.0268, 0.0205, 0.0263, 0.0192, 0.0360, 0.0292, 0.0340, 0.0220, 0.0252,
        0.0183, 0.0281, 0.0234, 0.0227, 0.0270, 0.0232, 0.0358, 0.0256, 0.0245,
        0.0322, 0.0203, 0.0459, 0.0277, 0.0267, 0.0213, 0.0283, 0.0177, 0.0378,
        0.0273, 0.0240, 0.0247, 0.0313, 0.0222, 0.0191, 0.0181, 0.0204, 0.0892,
        0.0228, 0.0155, 0.0276, 0.0876, 0.0324, 0.0594, 0.0244, 0.0372, 0.0350,
        0.0227, 0.0298, 0.0330, 0.0200, 0.0239, 0.0202, 0.0530, 0.0288, 0.0233,
        0.0176, 0.0161, 0.0281, 0.0476, 0.0205, 0.0240, 0.0314, 0.0274, 0.0260,
        0.0317, 0.0294, 0.0182, 0.0206, 0.0255, 0.0209, 0.0328, 0.0257, 0.0293,
        0.0693, 0.0269, 0.0219, 0.0372, 0.0346, 0.0215, 0.0266, 0.0318, 0.0188,
        0.0316, 0.0275, 0.0279, 0.0224, 0.0370, 0.0467, 0.0191, 0.0164, 0.0252,
        0.0223, 0.0232, 0.0297, 0.0184, 0.0201, 0.0200, 0.0214, 0.0186, 0.0436,
        0.0252, 0.0216, 0.0207, 0.0371, 0.0270, 0.0268, 0.0280, 0.0411, 0.0164,
        0.0450, 0.0251, 0.0194, 0.0228, 0.0221, 0.0313, 0.0476, 0.0238, 0.0215,
        0.0327, 0.0336, 0.0193, 0.0497, 0.0738, 0.0376, 0.0345, 0.0170, 0.0263,
        0.0282, 0.0233, 0.0240, 0.0183, 0.0183, 0.0297, 0.0574, 0.0298, 0.0232,
        0.0202, 0.0207, 0.0222, 0.0703, 0.0169, 0.0168, 0.0219, 0.0241, 0.1286,
        0.0172, 0.0370, 0.0204, 0.0280, 0.0341, 0.0196, 0.0256, 0.0815, 0.0192,
        0.0216, 0.0244, 0.0207, 0.0190, 0.0232, 0.0327, 0.0213, 0.0195, 0.0178,
        0.0311, 0.0331, 0.0336, 0.0228, 0.0227, 0.0192, 0.0225, 0.0340, 0.0294,
        0.0212, 0.0359, 0.0246, 0.0639, 0.0222, 0.0409, 0.0266, 0.0305, 0.0193,
        0.0334, 0.0210, 0.0265, 0.0213, 0.0248, 0.0229, 0.0217, 0.0210, 0.0161,
        0.0181, 0.0277, 0.0283, 0.0397, 0.0157, 0.0137, 0.0520, 0.0234, 0.0239,
        0.0202, 0.0201, 0.0234, 0.0204, 0.0210, 0.0177, 0.0217, 0.0346, 0.0355,
        0.0278, 0.0158, 0.0273, 0.0199, 0.0305, 0.0283, 0.0235, 0.0153, 0.0304,
        0.0177, 0.0292, 0.0202, 0.0252, 0.0270, 0.0237, 0.0253, 0.0283, 0.0234,
        0.0178, 0.0324, 0.0211, 0.0319, 0.0501, 0.0325, 0.0247, 0.0723, 0.0211,
        0.0175, 0.0267, 0.0193, 0.0394, 0.0256, 0.0252, 0.0221, 0.0293, 0.0414,
        0.0280, 0.0306, 0.0197, 0.0309, 0.0239, 0.0462, 0.0276, 0.0218, 0.0135,
        0.0190, 0.0179, 0.0253, 0.0219, 0.0171, 0.0223, 0.0258, 0.0302, 0.0267,
        0.0172, 0.0326, 0.0218, 0.0190, 0.0224, 0.0158, 0.0223, 0.0310, 0.0206,
        0.0355, 0.0279, 0.0302, 0.0239, 0.0334, 0.0199, 0.0264, 0.0211, 0.0222,
        0.0194, 0.0199, 0.0768, 0.0216, 0.0321, 0.0297, 0.0257, 0.0342, 0.0277,
        0.0230, 0.0190, 0.0223, 0.0290, 0.0135, 0.0196, 0.0237, 0.0208, 0.0292,
        0.0286, 0.0177, 0.0216, 0.0182, 0.0240, 0.0274, 0.0242, 0.0203, 0.0354,
        0.0192, 0.0191, 0.0209, 0.0163, 0.0180, 0.0327, 0.0207, 0.0243],
       device='cuda:0')), ('layer4.0.bn2.num_batches_tracked', tensor(575, device='cuda:0')), ('layer4.0.downsample.0.weight', tensor([[[[ 0.0033]],

         [[ 0.0032]],

         [[ 0.0195]],

         ...,

         [[ 0.0083]],

         [[-0.0261]],

         [[ 0.0085]]],


        [[[-0.0248]],

         [[-0.0164]],

         [[ 0.0550]],

         ...,

         [[-0.0211]],

         [[-0.0318]],

         [[ 0.0042]]],


        [[[-0.0536]],

         [[-0.0352]],

         [[ 0.0352]],

         ...,

         [[-0.0396]],

         [[-0.0255]],

         [[-0.0461]]],


        ...,


        [[[ 0.0485]],

         [[ 0.0411]],

         [[ 0.0089]],

         ...,

         [[ 0.0073]],

         [[ 0.0042]],

         [[-0.0666]]],


        [[[ 0.0507]],

         [[-0.0139]],

         [[-0.0472]],

         ...,

         [[ 0.0065]],

         [[ 0.0441]],

         [[ 0.0138]]],


        [[[ 0.0282]],

         [[-0.0089]],

         [[ 0.0095]],

         ...,

         [[ 0.0117]],

         [[-0.0091]],

         [[-0.0126]]]], device='cuda:0')), ('layer4.0.downsample.1.weight', tensor([ 0.1660,  0.3360,  0.2979,  0.3725,  0.1494,  0.1785,  0.3129,  0.3972,
         0.1847,  0.2085,  0.1080,  0.2030,  0.2982,  0.0778,  0.2009,  0.2472,
         0.3319,  0.3301,  0.2498,  0.2707,  0.1668,  0.3446,  0.3415,  0.2954,
         0.2192,  0.0983,  0.3335,  0.2311,  0.2903,  0.2286,  0.2680,  0.3952,
         0.1986,  0.2565,  0.2563,  0.3567,  0.1846,  0.2518,  0.3064,  0.2776,
         0.2089,  0.2444,  0.3299,  0.3191,  0.2488,  0.1861,  0.2638,  0.3940,
         0.1926,  0.2592,  0.1709,  0.3331,  0.2198,  0.2498,  0.2770,  0.3787,
         0.3434,  0.2635,  0.2992,  0.1123,  0.2719,  0.3483,  0.1261,  0.2803,
         0.1534,  0.3023,  0.2732,  0.1895,  0.3515,  0.2326,  0.2176,  0.2057,
         0.2087,  0.0960,  0.2451,  0.2249,  0.3541,  0.3123,  0.2360,  0.2655,
         0.2950,  0.2653,  0.2149,  0.1463,  0.2455,  0.1717,  0.2333,  0.2881,
         0.2085,  0.1971,  0.2192,  0.1982,  0.2450,  0.3672,  0.1996,  0.1959,
         0.3660,  0.2253,  0.2637,  0.1871,  0.2763,  0.1994,  0.1947,  0.2940,
         0.3189,  0.4079,  0.1457,  0.2622,  0.1924,  0.3622,  0.2768,  0.2144,
         0.2649,  0.4262,  0.2548,  0.2765,  0.1331,  0.5114,  0.3200,  0.2431,
         0.1496,  0.1802,  0.0545,  0.2280,  0.1792,  0.2805,  0.2297,  0.1573,
         0.3171,  0.1835,  0.3368,  0.1657,  0.1653,  0.3049,  0.3511,  0.2954,
         0.1158,  0.2492,  0.1883,  0.2642,  0.2399,  0.3850,  0.1906,  0.1921,
         0.2480,  0.2873,  0.3156,  0.3208,  0.1288,  0.2462,  0.1423,  0.1307,
         0.3075,  0.2860,  0.3455,  0.2267,  0.2727,  0.2706,  0.1865,  0.2399,
         0.3492,  0.3551,  0.2753,  0.2792,  0.3043,  0.0841,  0.2940,  0.2263,
         0.3283,  0.2684,  0.2452,  0.2406,  0.2862,  0.3381,  0.2788,  0.2904,
         0.3360,  0.2243,  0.2309,  0.1506,  0.3849,  0.3050,  0.1697,  0.1727,
         0.3429,  0.2955,  0.2548,  0.1841,  0.2417,  0.2240,  0.2671,  0.3723,
         0.4269,  0.3706,  0.1771,  0.3714,  0.2329,  0.2685,  0.3144,  0.1642,
         0.1136,  0.2995,  0.3987,  0.2125,  0.3846,  0.2962,  0.1816,  0.3699,
         0.1943,  0.3254,  0.2311,  0.1654,  0.1735,  0.2368,  0.2119,  0.1925,
         0.2538,  0.2611,  0.2152,  0.2320,  0.3501,  0.4471,  0.2551,  0.2563,
         0.2789,  0.1813,  0.1713,  0.2003,  0.3385,  0.2211,  0.1395,  0.2269,
         0.2231,  0.2523,  0.2299,  0.3637,  0.1369,  0.2347,  0.2578,  0.0809,
         0.1876,  0.1235,  0.4519,  0.2747,  0.2613,  0.2773,  0.2236,  0.2679,
         0.1930,  0.1791,  0.2978,  0.3188,  0.3378,  0.2761,  0.1601,  0.2728,
         0.2957,  0.2896,  0.1419,  0.3313,  0.1952,  0.2642,  0.0880,  0.2532,
         0.3295,  0.1954,  0.2800,  0.2387,  0.3640,  0.3017,  0.1265,  0.2629,
         0.2528,  0.3184,  0.3476,  0.2108,  0.2080,  0.2063,  0.2122,  0.2129,
         0.2147,  0.2486,  0.2431,  0.3343, -0.0537,  0.2237,  0.2304,  0.2690,
         0.1097,  0.2340,  0.2818,  0.3227,  0.2825,  0.2091,  0.2252,  0.2868,
         0.3092,  0.3438,  0.2589,  0.1669,  0.3984,  0.2698,  0.2016,  0.2962,
         0.3307,  0.2255,  0.0635,  0.2976,  0.1926,  0.2394,  0.2997,  0.2482,
         0.3088,  0.3230,  0.1723,  0.1841,  0.1636,  0.2874,  0.3528, -0.0463,
         0.1549,  0.2214,  0.3264,  0.3847,  0.2339,  0.3015,  0.1179,  0.2679,
         0.1916,  0.2184,  0.1664,  0.2872,  0.2461,  0.2457,  0.2627,  0.2421,
         0.0990,  0.2766,  0.2438,  0.1749,  0.1004,  0.0483,  0.2794,  0.2800,
         0.1694,  0.2137,  0.2209,  0.2802,  0.1512,  0.0764,  0.2399,  0.2406,
         0.2938,  0.2546,  0.2545,  0.3447,  0.2986,  0.3032,  0.3196,  0.2743,
         0.1645,  0.2888,  0.1275,  0.1863,  0.2861,  0.3187,  0.2123,  0.3605,
         0.3418,  0.0938,  0.2579,  0.1721,  0.1929,  0.1948,  0.1916,  0.1913,
         0.3179,  0.3474,  0.3449,  0.3117,  0.2021,  0.3273,  0.3205,  0.3042,
         0.2604,  0.2355,  0.2522,  0.3054,  0.2614,  0.2344,  0.2673,  0.2569,
         0.3236,  0.1813,  0.3513,  0.3554,  0.2835,  0.2471,  0.1641,  0.2893,
         0.4002,  0.2665,  0.2043,  0.2503,  0.3683,  0.2078,  0.2799,  0.2246,
         0.2316,  0.1595,  0.2351,  0.2105,  0.3542,  0.1624,  0.1627,  0.3058,
         0.3087,  0.2129,  0.2859,  0.2885,  0.1709,  0.2293,  0.2082,  0.3181,
         0.1046,  0.2632,  0.2584,  0.1712,  0.0803,  0.1800,  0.3574,  0.1198,
         0.3187,  0.1617,  0.3784,  0.3259,  0.2069,  0.3057,  0.2218,  0.1431,
         0.1318,  0.2285,  0.2911,  0.2722,  0.2022,  0.2695,  0.1933,  0.2269,
         0.3005,  0.3243,  0.2983,  0.3329,  0.2396,  0.2657,  0.2489,  0.0873,
         0.2492,  0.2588,  0.3683,  0.3307,  0.3680,  0.1116,  0.1699,  0.1772,
         0.3863,  0.2201,  0.2739,  0.2790,  0.1756,  0.2587,  0.1537,  0.2499,
         0.1945,  0.2439,  0.3437,  0.2463,  0.2430,  0.1838,  0.3008,  0.3032,
         0.3073,  0.2371,  0.2297,  0.1345,  0.3093,  0.0957,  0.2749,  0.2896,
         0.3805,  0.1776,  0.3611,  0.2995,  0.1938,  0.2692,  0.1662,  0.3014,
         0.2683,  0.2042,  0.2591,  0.2269,  0.2499,  0.2097,  0.3532,  0.2266,
         0.2501,  0.3054,  0.2339,  0.3024,  0.2105,  0.3416,  0.3411,  0.1569],
       device='cuda:0')), ('layer4.0.downsample.1.bias', tensor([-0.1751, -0.2176, -0.2043, -0.1691, -0.1650, -0.1470, -0.2182, -0.2868,
        -0.1138, -0.2172, -0.0999, -0.1577, -0.1954, -0.0400, -0.1507, -0.1943,
        -0.2069, -0.1693, -0.1872, -0.1760, -0.1292, -0.2355, -0.1945, -0.1959,
        -0.1781, -0.1763, -0.1761, -0.1547, -0.1619, -0.2607, -0.1753, -0.2491,
        -0.1743, -0.2420, -0.2490, -0.2904, -0.1482, -0.1578, -0.1791, -0.1850,
        -0.1509, -0.1352, -0.2720, -0.1285, -0.2247, -0.2538, -0.2390, -0.1853,
        -0.1748, -0.2377, -0.1204, -0.1825, -0.2744, -0.2607, -0.1859, -0.2313,
        -0.2339, -0.1905, -0.2070, -0.0702, -0.1868, -0.2055, -0.1113, -0.2829,
        -0.1286, -0.1666, -0.2119, -0.3633, -0.2970, -0.2359, -0.1637, -0.1893,
        -0.1809, -0.2042, -0.1813, -0.2718, -0.3305, -0.1741, -0.1811, -0.2631,
        -0.2202, -0.1594, -0.1553, -0.1356, -0.2984, -0.1437, -0.1854, -0.1755,
        -0.1389, -0.2201, -0.1890, -0.1581, -0.1673, -0.2529, -0.1599, -0.1733,
        -0.1641, -0.1979, -0.2257, -0.2374, -0.2249, -0.1557, -0.2052, -0.1417,
        -0.1374, -0.1985, -0.1842, -0.2132, -0.2933, -0.1960, -0.2671, -0.2221,
        -0.2165, -0.3396, -0.2678, -0.1896, -0.1719, -0.2190, -0.1800, -0.1686,
        -0.1111, -0.2181, -0.1148, -0.1660, -0.1890, -0.3518, -0.3109, -0.2152,
        -0.1483, -0.1652, -0.2850, -0.2222, -0.1510, -0.1801, -0.2144, -0.1852,
        -0.1355, -0.1762, -0.1837, -0.1969, -0.1716, -0.3017, -0.0779, -0.2010,
        -0.1957, -0.2253, -0.2455, -0.1089, -0.1415, -0.1239, -0.1199, -0.1755,
        -0.2119, -0.3280, -0.3534, -0.2379, -0.1205, -0.2150, -0.1748, -0.1911,
        -0.3386, -0.1609, -0.2533,  0.0635, -0.2870, -0.1198, -0.1596, -0.2322,
        -0.3331, -0.2003, -0.2658, -0.1631, -0.2451, -0.2876, -0.2412, -0.1453,
        -0.1917, -0.2145, -0.1536, -0.2873, -0.2464, -0.2247, -0.0487, -0.1539,
        -0.1509, -0.1515, -0.1747, -0.1948, -0.2012, -0.2237, -0.2113, -0.2684,
        -0.1842, -0.1823, -0.1814, -0.3869, -0.1548, -0.1559, -0.1574, -0.2247,
        -0.1528, -0.2514, -0.2856, -0.1829, -0.2704, -0.2333, -0.2127, -0.2399,
        -0.1035, -0.1498, -0.1990, -0.1755, -0.2275, -0.0969, -0.1859, -0.1814,
        -0.1577, -0.1948, -0.1682, -0.2797, -0.1854, -0.2766, -0.2267, -0.2147,
        -0.1364, -0.2172, -0.1069, -0.2179, -0.1347, -0.1923, -0.2107, -0.1895,
        -0.2357, -0.1401, -0.2216, -0.2344, -0.1632, -0.1912, -0.1446, -0.1126,
        -0.2409, -0.2747, -0.2934, -0.1590, -0.3521, -0.3677, -0.2205, -0.1521,
        -0.2094, -0.0875, -0.2041, -0.2035, -0.1991, -0.2331, -0.0746, -0.1758,
        -0.1408, -0.2178, -0.1451, -0.1439, -0.1463, -0.2915, -0.0866, -0.1376,
        -0.2014, -0.1113, -0.2577, -0.1997, -0.2048, -0.2438, -0.0865, -0.3358,
        -0.2589, -0.2378, -0.3519, -0.1828, -0.1189, -0.1704, -0.1766, -0.1938,
        -0.2021, -0.1893, -0.2732, -0.1492,  0.1136, -0.1888, -0.1822, -0.2010,
        -0.0338, -0.3439, -0.1940, -0.1957, -0.1538, -0.1901, -0.1430, -0.3007,
        -0.1773, -0.1997, -0.2136, -0.0970, -0.1662, -0.2389, -0.2177, -0.2099,
        -0.2058, -0.0577, -0.0690, -0.2050, -0.1872, -0.2065, -0.1549, -0.2281,
        -0.2007, -0.1634, -0.2006, -0.2018, -0.1080, -0.1667, -0.2110,  0.0408,
        -0.1083, -0.2756, -0.2670, -0.2597, -0.2843, -0.1962, -0.1922, -0.2930,
        -0.1831, -0.2877, -0.1059, -0.2103, -0.2650, -0.3016, -0.2894, -0.1561,
        -0.0048, -0.2142, -0.2044, -0.1491, -0.1148,  0.0274, -0.0982, -0.1382,
        -0.1802, -0.3185, -0.2172, -0.1367, -0.0799,  0.0128, -0.1818, -0.1936,
        -0.1624, -0.2763, -0.1915, -0.2108, -0.2290, -0.2047, -0.2014, -0.2749,
        -0.0997, -0.3185, -0.1127, -0.1690, -0.1367, -0.2149, -0.2661, -0.1579,
        -0.1990, -0.1753, -0.1861, -0.2328, -0.2073, -0.3358, -0.2278, -0.2372,
        -0.2146, -0.2344, -0.2376, -0.2390, -0.1268, -0.2315, -0.1872, -0.1645,
        -0.1410, -0.1893, -0.1063, -0.3052, -0.1136, -0.1679, -0.2084, -0.1844,
        -0.3061, -0.1770, -0.1580, -0.2664, -0.1798, -0.1584, -0.1729, -0.1889,
        -0.3007, -0.1454, -0.2170, -0.2241, -0.1613, -0.1418, -0.2675, -0.2905,
        -0.1704, -0.2093, -0.1935, -0.2676, -0.1958, -0.1948, -0.1684, -0.2291,
        -0.1881, -0.2654, -0.3984, -0.2550, -0.1803, -0.2038, -0.1620, -0.2474,
        -0.0583, -0.2191, -0.2092, -0.1617, -0.1230, -0.1797, -0.3450, -0.1675,
        -0.2496, -0.2404, -0.2884, -0.2787, -0.1891, -0.2119, -0.1960, -0.2071,
        -0.1706, -0.2240, -0.2966, -0.1333, -0.1429, -0.2382, -0.1612, -0.2014,
        -0.3244, -0.1859, -0.1768, -0.2673, -0.2098, -0.2402, -0.1120, -0.1932,
        -0.1874, -0.1793, -0.2627, -0.2080, -0.1882, -0.0551, -0.1912, -0.2178,
        -0.2106, -0.1729, -0.2717, -0.1995, -0.2127, -0.2491, -0.1699, -0.1578,
        -0.1684, -0.3007, -0.1664, -0.2412, -0.2291, -0.1938, -0.2866, -0.3268,
        -0.2213, -0.1867, -0.1789, -0.0944, -0.1758, -0.1303, -0.1561, -0.1690,
        -0.2244, -0.2832, -0.2642, -0.0933, -0.2403, -0.2718, -0.2563, -0.2579,
        -0.2940, -0.2449, -0.1788, -0.2734, -0.1383, -0.1724, -0.1905, -0.1819,
        -0.2323, -0.1366, -0.1087, -0.2135, -0.1515, -0.2027, -0.3238, -0.1717],
       device='cuda:0')), ('layer4.0.downsample.1.running_mean', tensor([-1.2553e-01, -1.2693e-01,  2.2273e-02,  8.4654e-02,  6.3325e-02,
        -6.6883e-02, -2.1525e-01, -1.0219e-01,  9.2360e-02, -8.9900e-02,
        -7.8823e-02,  1.0106e-02,  4.2013e-02, -1.0621e-01, -6.6529e-02,
        -9.6291e-02, -6.9243e-02, -2.1266e-01, -9.1971e-02, -1.0029e-02,
         4.2610e-02, -2.1420e-01,  9.5783e-03, -6.9923e-02,  6.3905e-02,
         2.8636e-02, -1.5748e-01, -1.3557e-01, -1.3697e-01, -1.0722e-01,
         3.1944e-03, -1.1352e-01, -8.8861e-02, -1.6223e-01,  1.0739e-02,
        -3.4727e-02,  3.0013e-02, -1.6397e-01,  5.2119e-02,  4.7200e-02,
        -2.8006e-02,  2.9918e-02, -6.4180e-02, -7.9318e-02,  1.2769e-01,
        -6.6418e-02, -3.4190e-02,  1.5666e-01,  5.3447e-02, -2.0677e-01,
        -6.5001e-02, -1.9572e-01,  3.3232e-03, -3.3718e-02, -3.3684e-02,
         1.2126e-01, -5.4279e-02,  1.8451e-02,  1.1778e-02, -9.7715e-02,
        -8.5539e-02, -1.0262e-01,  2.4561e-02,  6.3036e-02, -4.7892e-02,
        -7.0063e-02,  5.0585e-02, -4.5197e-02, -2.2935e-02, -6.9180e-02,
        -1.0470e-01, -1.1688e-01, -1.0240e-01, -1.0904e-01, -6.5095e-02,
        -5.4009e-02, -1.0876e-01,  7.9026e-03, -1.0192e-01, -2.7805e-02,
        -2.8917e-02, -5.0353e-03, -8.6402e-02, -1.1190e-01, -1.1878e-01,
         1.1689e-01, -1.0703e-02, -1.1106e-01, -4.8074e-02, -1.1608e-01,
         2.7872e-02, -9.9229e-02, -4.5807e-02,  1.6720e-02, -1.0030e-02,
        -1.3336e-01,  5.8234e-02, -1.0710e-01, -8.9922e-02, -1.6276e-01,
        -3.2627e-02, -7.1456e-02, -1.9608e-01,  6.0336e-02, -1.0366e-02,
         1.0942e-01, -1.0939e-01,  1.0822e-01, -1.1100e-01,  9.5331e-02,
        -1.1403e-01,  3.6489e-03, -4.7738e-02, -2.5068e-01, -9.1908e-02,
        -4.6021e-02, -5.8136e-02,  1.7967e-01,  5.0671e-03, -5.1987e-02,
        -1.4485e-01,  9.2199e-02,  1.7049e-02, -8.6244e-02, -2.8343e-02,
        -2.6725e-02,  5.0794e-02, -9.8390e-02, -2.2377e-02,  5.5734e-02,
         1.2919e-02,  4.6695e-02, -6.7629e-02, -5.2889e-02, -1.4812e-02,
        -1.7677e-01, -1.0060e-02, -4.7594e-02,  5.7931e-02, -1.6419e-01,
        -1.0805e-01, -1.3360e-01, -1.3029e-01,  5.0580e-02,  4.0042e-02,
        -7.3950e-02, -6.2911e-02,  2.2866e-01, -9.0282e-03, -1.3652e-01,
         1.9305e-02, -1.6378e-02,  8.9712e-03, -1.4552e-01, -1.9115e-01,
        -3.4466e-02, -8.3957e-02, -1.6202e-01, -8.1236e-02, -3.3457e-02,
         2.1420e-02, -2.7166e-02, -4.9761e-02,  1.1777e-01, -9.8121e-02,
        -8.4689e-02,  4.6433e-02, -1.2593e-01, -3.6861e-02,  7.5564e-03,
        -1.1921e-01,  2.1258e-04, -4.0195e-02, -1.3183e-01, -3.8883e-02,
         5.5995e-02,  6.1664e-02, -1.7489e-02, -1.1878e-01, -5.3759e-02,
        -2.2826e-01, -4.1934e-03, -1.8208e-01, -5.2827e-02,  3.0320e-02,
        -6.2313e-02, -7.5977e-02, -1.5289e-01, -7.2777e-02, -1.7608e-01,
         3.2863e-02, -3.9844e-02,  6.5874e-02, -1.2922e-01,  8.5570e-02,
        -7.3813e-02, -1.4755e-01, -6.8605e-02,  1.3666e-02, -9.9559e-03,
        -4.2215e-03, -1.2876e-01, -8.4457e-02,  6.0221e-02, -9.7386e-02,
        -1.0231e-01,  1.9785e-02, -1.8356e-01,  2.9042e-02, -1.1705e-02,
         6.7610e-02, -5.1965e-02, -1.1464e-01,  4.9639e-02, -1.1090e-01,
         2.7559e-02, -5.9903e-02, -1.8946e-02, -2.5260e-02, -1.3373e-01,
        -1.0748e-02, -5.8436e-02, -2.9898e-02,  6.8343e-03, -3.7678e-03,
         1.0406e-02,  8.9379e-03, -2.5240e-03, -1.2900e-01,  8.1171e-03,
        -1.1876e-02, -8.9842e-02, -1.9491e-01, -1.1589e-01, -7.5539e-02,
        -3.2233e-02, -2.1862e-02, -2.1998e-01,  3.7993e-03, -7.5080e-02,
         2.1269e-05, -4.0810e-02, -1.4529e-01,  3.2866e-02,  4.1482e-02,
        -1.5830e-01, -1.1921e-01, -5.3387e-02, -1.3816e-01, -7.2392e-02,
         3.6172e-03, -8.9573e-02, -1.1120e-01, -1.5075e-01,  5.2075e-02,
        -7.8026e-02, -3.7063e-02,  4.7032e-02,  1.3349e-02, -1.3000e-01,
         7.9819e-02, -1.6550e-01, -1.3048e-01, -6.5706e-02,  8.0637e-02,
         5.0445e-03, -1.1397e-01,  2.0412e-02,  1.7884e-01,  9.3007e-02,
         3.9927e-02,  1.2268e-02, -3.5017e-02, -1.7702e-01, -1.4107e-01,
        -2.6100e-02,  3.0358e-02,  1.1382e-01, -1.5650e-01, -6.0986e-03,
        -1.3502e-01,  5.3981e-02, -1.1870e-01, -5.0367e-02,  9.7470e-02,
         7.3098e-02, -1.0533e-01, -3.9109e-02, -1.0713e-01, -5.1729e-02,
        -5.5801e-02,  1.0731e-01, -4.5465e-02, -1.6545e-03, -3.8912e-02,
        -7.3791e-02, -2.1109e-02,  4.9852e-03, -8.3283e-02, -5.0220e-02,
         1.3634e-01, -1.4567e-01, -6.8550e-02,  5.9064e-02, -1.9386e-02,
        -2.1404e-02, -2.7514e-02, -4.7135e-02, -1.6677e-01, -3.5091e-02,
        -2.7122e-02, -8.4556e-02, -4.1216e-02, -1.0500e-01,  1.0117e-02,
         4.7763e-02, -4.1587e-02, -6.4537e-02,  1.6181e-02,  1.5629e-01,
        -9.5138e-02, -1.3151e-01,  1.5816e-02, -2.6878e-02, -1.3625e-01,
        -9.2050e-02, -3.3460e-02, -6.2400e-02, -4.6531e-02, -1.4562e-01,
         6.1777e-02, -9.0655e-02, -1.1097e-01,  4.8654e-02,  5.2396e-02,
         4.0380e-03, -8.1529e-02, -3.4269e-02, -8.0700e-02, -2.9718e-02,
         7.0653e-03, -1.0723e-01, -5.0845e-02,  6.0288e-02, -1.0489e-01,
        -2.7542e-02, -7.5654e-02,  7.2893e-04, -8.7356e-02, -1.4995e-01,
        -4.3368e-02, -1.6582e-01, -4.7144e-02,  3.0888e-02,  6.6689e-04,
        -1.8025e-01,  1.2769e-01, -2.0811e-02, -6.4179e-02, -1.0424e-01,
         7.2268e-02, -1.3395e-01, -1.4546e-01, -2.2915e-02,  7.6641e-02,
        -2.7743e-02,  4.8820e-04, -2.1054e-02,  4.5560e-02,  1.8809e-02,
        -7.9541e-03, -7.3166e-02,  5.3360e-01,  2.9126e-02, -5.6432e-02,
        -6.6338e-02,  8.3123e-03, -2.4380e-02, -5.3198e-02,  1.8421e-02,
        -6.6492e-02, -2.6989e-02,  6.3014e-02, -1.3623e-01, -9.2323e-02,
        -1.5386e-01, -1.0340e-01,  1.1770e-02, -4.2116e-02, -5.6316e-02,
         1.6907e-03, -1.3108e-01, -1.0274e-01, -4.5136e-02, -5.7881e-02,
         2.6313e-02, -2.8996e-02,  7.1005e-02, -1.0754e-01, -5.1394e-02,
        -5.7042e-02, -5.1345e-02, -9.3171e-02,  5.5752e-02,  1.5320e-01,
        -2.0712e-01, -2.7978e-02, -2.2078e-02,  7.4049e-02,  5.4943e-03,
        -5.3659e-02, -1.6589e-01,  4.5170e-02, -8.3581e-02,  4.3434e-02,
        -8.7732e-02, -8.0931e-02, -2.8265e-02, -4.8514e-02,  5.3497e-02,
        -1.5419e-01, -5.3583e-02,  3.4430e-02,  1.6915e-02, -3.9219e-02,
        -7.8672e-02,  1.5306e-02,  6.2597e-04, -8.6014e-02, -1.3738e-01,
         1.0834e-01,  3.1834e-02, -1.2780e-01, -6.0053e-02, -1.2857e-01,
         1.5225e-01, -6.1481e-03, -7.2270e-02, -1.2583e-01, -7.9644e-02,
        -1.6047e-01, -1.2138e-02,  1.8277e-02, -2.9242e-02,  9.4834e-03,
         3.0569e-02,  6.0306e-02, -3.8415e-02, -6.5997e-02,  8.6329e-02,
        -1.0099e-01, -7.4676e-02,  2.4779e-02, -1.3579e-02, -2.2384e-02,
        -1.6076e-02,  4.4979e-02, -1.6444e-01, -1.5570e-02, -1.0315e-01,
        -5.1140e-02, -6.0229e-02, -2.6606e-02,  7.3502e-02, -4.5753e-02,
         3.8379e-02, -2.0368e-01, -9.3475e-02, -1.3784e-01, -3.8447e-02,
        -6.6893e-02, -9.9060e-02, -4.0756e-03, -6.9677e-02, -1.2571e-01,
        -5.5318e-02, -4.9471e-02, -5.1966e-02, -1.6108e-01, -3.9913e-02,
         9.2434e-03, -2.0235e-01,  2.0674e-02, -1.2204e-01,  1.1880e-01,
        -9.5476e-02, -6.8324e-02, -1.1258e-01,  1.1170e-02, -1.6811e-03,
        -1.2575e-01,  8.2604e-02, -9.1915e-02, -6.7269e-03, -2.5867e-02,
        -3.4377e-02, -8.8724e-02, -1.0584e-01, -1.0551e-01, -6.8081e-02,
         7.5912e-03,  2.7351e-02,  8.1549e-02, -4.9468e-02, -1.2027e-01,
         5.8939e-02,  4.8495e-03, -2.1166e-01, -1.6693e-01, -2.7267e-03,
        -1.1128e-02,  1.2519e-02], device='cuda:0')), ('layer4.0.downsample.1.running_var', tensor([0.0133, 0.0540, 0.0502, 0.0497, 0.0097, 0.0145, 0.0386, 0.0238, 0.0435,
        0.0149, 0.0149, 0.0252, 0.0257, 0.0065, 0.0271, 0.0189, 0.0294, 0.0201,
        0.0182, 0.0289, 0.0108, 0.0341, 0.0555, 0.0213, 0.0170, 0.0057, 0.0309,
        0.0256, 0.0316, 0.0190, 0.0475, 0.0397, 0.0239, 0.0308, 0.0248, 0.0207,
        0.0335, 0.0184, 0.0639, 0.0164, 0.0186, 0.0614, 0.0274, 0.0287, 0.0338,
        0.0143, 0.0159, 0.0835, 0.0161, 0.0264, 0.0115, 0.0276, 0.0192, 0.0214,
        0.0172, 0.0270, 0.0271, 0.0143, 0.0237, 0.0129, 0.0276, 0.0393, 0.0136,
        0.0331, 0.0133, 0.0245, 0.0168, 0.0124, 0.0293, 0.0182, 0.0154, 0.0141,
        0.0168, 0.0046, 0.0255, 0.0187, 0.0266, 0.0206, 0.0180, 0.0160, 0.0229,
        0.0194, 0.0213, 0.0091, 0.0225, 0.0181, 0.0193, 0.0294, 0.0277, 0.0210,
        0.0286, 0.0231, 0.0258, 0.0498, 0.0259, 0.0224, 0.0517, 0.0175, 0.0216,
        0.0137, 0.0216, 0.0107, 0.0139, 0.0334, 0.0357, 0.0352, 0.0291, 0.0474,
        0.0259, 0.1086, 0.0206, 0.0111, 0.0214, 0.0405, 0.0219, 0.0338, 0.0079,
        0.0402, 0.0362, 0.0152, 0.0194, 0.0260, 0.0049, 0.0163, 0.0136, 0.0178,
        0.0169, 0.0104, 0.0407, 0.0170, 0.0453, 0.0241, 0.0126, 0.0277, 0.0349,
        0.0271, 0.0076, 0.0182, 0.0159, 0.0214, 0.0185, 0.0294, 0.0196, 0.0137,
        0.0337, 0.0322, 0.0232, 0.0547, 0.0109, 0.0377, 0.0239, 0.0099, 0.0308,
        0.0207, 0.0140, 0.0279, 0.0263, 0.0326, 0.0151, 0.0191, 0.0523, 0.0224,
        0.0201, 0.0639, 0.0418, 0.0058, 0.0272, 0.0251, 0.0192, 0.0279, 0.0135,
        0.0248, 0.0184, 0.0315, 0.0367, 0.0558, 0.0670, 0.0283, 0.0118, 0.0096,
        0.0503, 0.0246, 0.0170, 0.0105, 0.0428, 0.0327, 0.0415, 0.0154, 0.0218,
        0.0201, 0.0407, 0.0338, 0.0936, 0.0231, 0.0236, 0.0222, 0.0229, 0.0669,
        0.0405, 0.0102, 0.0080, 0.0232, 0.0189, 0.0178, 0.0238, 0.0210, 0.0134,
        0.0307, 0.0297, 0.0237, 0.0126, 0.0168, 0.0124, 0.0257, 0.0146, 0.0142,
        0.0356, 0.0203, 0.0338, 0.0191, 0.0411, 0.0270, 0.0228, 0.0209, 0.0331,
        0.0111, 0.0126, 0.0220, 0.0387, 0.0367, 0.0148, 0.0248, 0.0237, 0.0672,
        0.0223, 0.0284, 0.0090, 0.0591, 0.0417, 0.0038, 0.0131, 0.0061, 0.0592,
        0.0315, 0.0176, 0.0189, 0.0126, 0.0288, 0.0168, 0.0156, 0.0218, 0.0254,
        0.0274, 0.0176, 0.0116, 0.0178, 0.0338, 0.0151, 0.0110, 0.0261, 0.0280,
        0.0258, 0.0080, 0.0207, 0.0346, 0.0320, 0.0194, 0.0329, 0.0277, 0.0920,
        0.0172, 0.0186, 0.0262, 0.0307, 0.0401, 0.0209, 0.0230, 0.0228, 0.0183,
        0.0194, 0.0227, 0.0179, 0.0231, 0.0313, 0.0085, 0.0177, 0.0160, 0.0537,
        0.0066, 0.0159, 0.0402, 0.0557, 0.0322, 0.0190, 0.0178, 0.0202, 0.0791,
        0.0185, 0.0188, 0.0105, 0.0350, 0.0311, 0.0138, 0.0484, 0.0215, 0.0239,
        0.0071, 0.0284, 0.0149, 0.0179, 0.0262, 0.0233, 0.0404, 0.0284, 0.0095,
        0.0131, 0.0100, 0.0241, 0.0319, 0.0051, 0.0098, 0.0114, 0.0280, 0.0307,
        0.0134, 0.0233, 0.0105, 0.0244, 0.0107, 0.0307, 0.0306, 0.0264, 0.0429,
        0.0184, 0.0279, 0.0297, 0.0126, 0.0164, 0.0162, 0.0099, 0.0118, 0.0061,
        0.0307, 0.0382, 0.0093, 0.0155, 0.0158, 0.0312, 0.0104, 0.0082, 0.0306,
        0.0199, 0.0250, 0.0144, 0.0329, 0.0250, 0.0463, 0.0263, 0.0272, 0.0186,
        0.0332, 0.0241, 0.0153, 0.0188, 0.0644, 0.0335, 0.0169, 0.0598, 0.0816,
        0.0061, 0.0168, 0.0076, 0.0356, 0.0097, 0.0104, 0.0085, 0.0283, 0.0414,
        0.0294, 0.0255, 0.0130, 0.0222, 0.0634, 0.0237, 0.0168, 0.0146, 0.0296,
        0.0247, 0.0288, 0.0164, 0.0147, 0.0150, 0.0214, 0.0132, 0.0299, 0.0604,
        0.0191, 0.0348, 0.0101, 0.0219, 0.0229, 0.0207, 0.0154, 0.0457, 0.1060,
        0.0241, 0.0261, 0.0162, 0.0176, 0.0096, 0.0274, 0.0094, 0.0400, 0.0197,
        0.0121, 0.0218, 0.0255, 0.0229, 0.0262, 0.0220, 0.0157, 0.0237, 0.0238,
        0.0282, 0.0076, 0.0338, 0.0308, 0.0176, 0.0065, 0.0201, 0.0298, 0.0189,
        0.0312, 0.0138, 0.0320, 0.0214, 0.0197, 0.0238, 0.0170, 0.0153, 0.0144,
        0.0181, 0.0199, 0.0210, 0.0130, 0.0197, 0.0219, 0.0134, 0.0265, 0.0269,
        0.0218, 0.0215, 0.0452, 0.0293, 0.0183, 0.0071, 0.0191, 0.0241, 0.0279,
        0.0309, 0.0247, 0.0064, 0.0110, 0.0101, 0.0468, 0.0136, 0.0181, 0.0222,
        0.0168, 0.0166, 0.0132, 0.0365, 0.0205, 0.0204, 0.0356, 0.0145, 0.0160,
        0.0135, 0.0247, 0.0246, 0.0365, 0.0210, 0.0318, 0.0103, 0.0604, 0.0068,
        0.0239, 0.0292, 0.0363, 0.0119, 0.0252, 0.0368, 0.0129, 0.0166, 0.0129,
        0.0285, 0.0148, 0.0225, 0.0197, 0.0152, 0.0328, 0.0177, 0.0258, 0.0202,
        0.0199, 0.0251, 0.0275, 0.0185, 0.0152, 0.0697, 0.0148, 0.0122],
       device='cuda:0')), ('layer4.0.downsample.1.num_batches_tracked', tensor(575, device='cuda:0')), ('layer4.1.conv1.weight', tensor([[[[-6.5105e-03, -3.2205e-03,  9.9114e-03],
          [ 7.8881e-03, -3.5529e-03,  1.6280e-02],
          [ 1.7354e-02,  1.8837e-02,  2.8057e-02]],

         [[-3.0417e-03,  1.1495e-02,  1.0302e-02],
          [-1.9508e-02, -1.7152e-02, -1.2109e-02],
          [-1.3413e-02, -6.7373e-03, -5.5678e-03]],

         [[-1.3873e-02, -1.8158e-02, -1.3497e-03],
          [-1.9784e-02, -3.2020e-02, -1.7022e-02],
          [-1.4268e-02, -2.7060e-02, -2.4818e-02]],

         ...,

         [[-8.8109e-03, -6.6168e-03, -1.5716e-02],
          [ 5.7710e-03,  3.2473e-03,  1.4237e-02],
          [-1.0056e-02, -1.1526e-02, -6.3897e-03]],

         [[ 1.0134e-02,  8.0798e-03, -1.0514e-02],
          [-6.1573e-03,  1.0647e-03, -1.7710e-02],
          [-1.3277e-04,  8.1606e-03, -8.7288e-03]],

         [[ 2.2045e-02,  2.1749e-02,  2.3437e-02],
          [ 2.6511e-02,  2.8480e-02,  3.3376e-02],
          [ 1.0496e-02, -4.7312e-03,  4.2133e-03]]],


        [[[-7.4984e-03, -7.0749e-03, -2.2753e-02],
          [-1.1650e-02, -5.0058e-03, -1.6999e-02],
          [-1.7255e-02, -4.9190e-03, -1.4106e-02]],

         [[-2.5568e-02, -2.3035e-02, -3.1596e-02],
          [-3.8399e-02, -2.6855e-02, -2.8374e-02],
          [-2.5115e-02, -1.9635e-02, -2.1101e-02]],

         [[-4.0462e-03,  1.4517e-03, -5.4230e-03],
          [-3.9030e-03, -4.8678e-04, -4.6700e-03],
          [-8.0566e-03, -1.1462e-02, -1.2334e-02]],

         ...,

         [[ 1.9919e-02, -1.6537e-03,  1.0118e-02],
          [-5.1386e-03, -2.0684e-02, -1.4794e-02],
          [ 2.0494e-02,  7.0717e-03,  5.2099e-03]],

         [[-1.8963e-02, -1.0794e-03, -7.4244e-03],
          [-1.8673e-02, -7.4489e-03, -1.5901e-02],
          [-1.8772e-02, -2.6510e-02, -3.0133e-02]],

         [[-2.9268e-02, -1.2835e-02,  3.4045e-03],
          [-1.4506e-02, -4.2144e-03, -1.6864e-02],
          [-1.1896e-02, -1.4763e-02, -4.1848e-03]]],


        [[[-3.0540e-02, -2.1989e-03, -1.8375e-02],
          [-2.3893e-02, -1.0012e-03, -2.8665e-02],
          [-2.5934e-02,  3.6713e-03, -2.9397e-02]],

         [[-4.8410e-03, -1.5000e-02,  5.8451e-04],
          [-1.8245e-02, -2.6485e-02, -2.2641e-02],
          [-1.1446e-02, -1.9643e-02, -1.0045e-02]],

         [[ 3.3846e-03, -4.6696e-03, -2.3341e-03],
          [ 4.1619e-04, -9.0426e-03, -6.6907e-03],
          [ 5.1581e-03, -1.7446e-03,  6.5063e-03]],

         ...,

         [[-1.8061e-02, -3.6984e-02, -2.2732e-02],
          [-1.0986e-02, -3.3822e-02, -2.4191e-02],
          [-1.1439e-02, -2.1538e-02, -1.9896e-02]],

         [[ 6.3234e-03,  2.1934e-02,  1.3831e-02],
          [ 3.4007e-03,  1.0082e-02,  9.5588e-03],
          [ 8.0234e-03, -5.5751e-03, -4.1326e-03]],

         [[-8.0436e-03, -1.2857e-02, -1.9116e-02],
          [-9.0601e-03, -2.0190e-03, -9.6117e-03],
          [-2.0888e-02,  1.8047e-02,  1.3795e-02]]],


        ...,


        [[[-2.1987e-02, -2.4131e-02, -3.4805e-02],
          [-9.7291e-03,  2.6280e-03, -5.4008e-03],
          [-8.1739e-03, -9.5465e-03, -1.2626e-02]],

         [[-3.3258e-03, -1.0706e-02, -5.3950e-04],
          [-5.3811e-03, -6.7819e-03, -1.0124e-02],
          [-1.9348e-03,  4.1427e-03, -3.9609e-03]],

         [[-4.1376e-03, -3.3477e-03,  8.5025e-03],
          [-2.5976e-03, -2.0284e-04,  6.0948e-03],
          [ 1.2574e-02,  3.0075e-02,  2.4916e-02]],

         ...,

         [[ 1.7752e-03,  3.5448e-03,  6.8121e-03],
          [-1.6108e-02, -2.3262e-02, -1.7795e-02],
          [-2.6241e-02, -2.7474e-02, -2.9542e-02]],

         [[ 1.2950e-02,  1.7286e-03,  8.4328e-03],
          [-7.4475e-03, -3.0256e-02, -2.0628e-02],
          [-1.6735e-02, -4.6790e-02, -2.6880e-02]],

         [[-1.9559e-02, -9.2428e-03,  7.1304e-03],
          [-2.1446e-03,  8.3184e-03,  1.7891e-02],
          [-9.4594e-03, -1.6362e-02, -1.2674e-02]]],


        [[[ 7.0456e-03,  5.4510e-03, -4.7452e-03],
          [-4.8119e-03, -3.9253e-03, -1.2063e-02],
          [-2.2590e-02, -1.7622e-02, -1.1551e-02]],

         [[ 8.0829e-03, -1.2790e-04, -1.5351e-02],
          [ 4.2849e-03, -2.5356e-03, -1.4643e-02],
          [-5.8245e-03, -9.1265e-03, -1.3769e-02]],

         [[ 2.9956e-02,  1.2403e-02,  2.4190e-02],
          [ 1.2949e-02, -8.2955e-03,  3.3795e-03],
          [ 5.5896e-03, -1.7177e-02, -6.3279e-03]],

         ...,

         [[-9.1624e-03, -3.1092e-03, -4.7424e-03],
          [ 9.1842e-03,  2.6441e-03,  1.0510e-02],
          [ 1.5702e-02,  2.0019e-02,  2.3540e-02]],

         [[ 9.0524e-04,  2.2140e-03,  2.1650e-02],
          [-7.2670e-03, -5.2784e-03,  3.7360e-03],
          [-1.6622e-02, -1.3754e-02, -1.2632e-02]],

         [[-1.0294e-02, -7.6166e-03, -6.2965e-03],
          [ 5.7915e-03, -4.7272e-04,  6.9093e-03],
          [-1.3185e-02, -9.9787e-04,  1.2858e-02]]],


        [[[-2.2367e-03,  5.5640e-04,  1.1614e-02],
          [ 8.1336e-03,  7.8086e-04,  1.1644e-02],
          [ 3.1611e-03, -1.5352e-03, -3.1386e-04]],

         [[-1.5432e-02,  2.7485e-03, -1.7422e-02],
          [ 2.2048e-02,  1.9001e-02,  3.2294e-02],
          [-9.2645e-04, -5.4366e-03,  1.0167e-02]],

         [[-3.0948e-02, -1.6632e-02, -1.7695e-02],
          [-1.8749e-02, -2.0670e-02, -1.3259e-02],
          [-2.5192e-03,  1.0210e-02, -1.2658e-02]],

         ...,

         [[-6.9181e-03, -2.0579e-02, -2.2642e-02],
          [ 4.9505e-03, -8.2332e-04,  5.4705e-05],
          [-8.2037e-03,  9.5951e-03, -2.8764e-03]],

         [[ 8.8064e-03,  2.4641e-02,  3.2464e-02],
          [ 2.8915e-02,  2.7280e-02,  4.4347e-02],
          [-2.1106e-02, -7.8269e-04, -8.3419e-03]],

         [[-8.6693e-03, -5.5833e-03, -9.9991e-04],
          [ 9.1862e-04, -3.4556e-03, -5.7510e-03],
          [ 2.9508e-03, -5.9357e-05, -3.3123e-03]]]], device='cuda:0')), ('layer4.1.bn1.weight', tensor([0.2599, 0.3025, 0.2584, 0.3256, 0.2645, 0.2617, 0.2621, 0.2663, 0.2762,
        0.2401, 0.3030, 0.2854, 0.2811, 0.2922, 0.3130, 0.3444, 0.3146, 0.4127,
        0.2072, 0.2864, 0.2476, 0.2547, 0.3004, 0.2991, 0.4132, 0.2713, 0.3655,
        0.3258, 0.3867, 0.3339, 0.2757, 0.2682, 0.2414, 0.3348, 0.3386, 0.3169,
        0.3337, 0.2677, 0.2114, 0.2701, 0.2598, 0.3118, 0.2725, 0.2344, 0.2880,
        0.2916, 0.2963, 0.3087, 0.3042, 0.2643, 0.2693, 0.1891, 0.3100, 0.3566,
        0.2618, 0.2902, 0.3319, 0.2458, 0.3219, 0.2801, 0.3252, 0.2902, 0.2411,
        0.3160, 0.3467, 0.2802, 0.2108, 0.2984, 0.3040, 0.2758, 0.2778, 0.3815,
        0.3581, 0.3219, 0.2989, 0.2767, 0.3328, 0.2725, 0.3284, 0.3120, 0.2799,
        0.2723, 0.3886, 0.2935, 0.2861, 0.3434, 0.3407, 0.4639, 0.2618, 0.2525,
        0.3008, 0.3941, 0.2720, 0.2999, 0.3873, 0.2784, 0.3225, 0.3125, 0.3642,
        0.2206, 0.2614, 0.2305, 0.3159, 0.3087, 0.2989, 0.2364, 0.2450, 0.2954,
        0.3352, 0.2592, 0.3974, 0.2699, 0.2688, 0.2679, 0.2798, 0.2396, 0.3510,
        0.2167, 0.3303, 0.2660, 0.2561, 0.1761, 0.3161, 0.2716, 0.2035, 0.2858,
        0.2776, 0.3321, 0.2728, 0.3180, 0.2206, 0.3051, 0.2161, 0.3208, 0.2760,
        0.3904, 0.3170, 0.2686, 0.2979, 0.2578, 0.2545, 0.2794, 0.4447, 0.2836,
        0.3603, 0.3262, 0.2840, 0.3339, 0.2266, 0.2338, 0.1746, 0.2314, 0.3189,
        0.3328, 0.2239, 0.2996, 0.2871, 0.3277, 0.2373, 0.3667, 0.1930, 0.2917,
        0.3562, 0.2738, 0.2572, 0.2880, 0.2522, 0.3461, 0.3234, 0.2969, 0.2021,
        0.2548, 0.2224, 0.3064, 0.3095, 0.3322, 0.2950, 0.3389, 0.2330, 0.2601,
        0.3391, 0.2818, 0.3590, 0.3051, 0.3789, 0.2188, 0.2600, 0.2827, 0.2556,
        0.3624, 0.2827, 0.3951, 0.3185, 0.3073, 0.2739, 0.2644, 0.1069, 0.2217,
        0.2291, 0.2668, 0.1797, 0.2952, 0.2729, 0.2993, 0.2994, 0.3103, 0.3260,
        0.2951, 0.3921, 0.2834, 0.2992, 0.2818, 0.3034, 0.3106, 0.3546, 0.3105,
        0.2622, 0.1966, 0.2929, 0.2565, 0.2866, 0.3167, 0.2563, 0.2620, 0.2832,
        0.3955, 0.2948, 0.2775, 0.3794, 0.3003, 0.2570, 0.3023, 0.2805, 0.2964,
        0.2999, 0.3864, 0.3258, 0.2590, 0.2539, 0.2818, 0.2602, 0.1496, 0.2223,
        0.3896, 0.3398, 0.2712, 0.2837, 0.2877, 0.3167, 0.1970, 0.3685, 0.3111,
        0.3184, 0.2795, 0.2309, 0.2810, 0.2859, 0.2839, 0.2699, 0.1552, 0.2465,
        0.2916, 0.3185, 0.3433, 0.3249, 0.3423, 0.3296, 0.3216, 0.3404, 0.2262,
        0.2081, 0.1770, 0.3031, 0.3079, 0.2796, 0.3055, 0.2887, 0.3506, 0.2854,
        0.2656, 0.3946, 0.2719, 0.3877, 0.3159, 0.3233, 0.2829, 0.1901, 0.2528,
        0.3401, 0.2472, 0.2772, 0.2063, 0.3005, 0.3147, 0.3274, 0.2903, 0.2602,
        0.2647, 0.3053, 0.2509, 0.2071, 0.3676, 0.2942, 0.1935, 0.3271, 0.2346,
        0.3214, 0.3009, 0.3403, 0.3439, 0.3714, 0.2919, 0.2820, 0.2812, 0.2205,
        0.2903, 0.2668, 0.3131, 0.1948, 0.3150, 0.3094, 0.2703, 0.2524, 0.2495,
        0.3149, 0.3581, 0.1576, 0.2597, 0.2914, 0.3404, 0.2900, 0.3126, 0.2204,
        0.2462, 0.2650, 0.4036, 0.2974, 0.3035, 0.3755, 0.2262, 0.2694, 0.2905,
        0.3750, 0.3236, 0.2565, 0.3444, 0.2337, 0.3100, 0.2328, 0.3283, 0.2922,
        0.2763, 0.2841, 0.2416, 0.3559, 0.2601, 0.2761, 0.2350, 0.2150, 0.2690,
        0.2990, 0.2779, 0.2566, 0.2645, 0.3569, 0.1999, 0.3230, 0.2864, 0.2564,
        0.3079, 0.2124, 0.3108, 0.2806, 0.3040, 0.3004, 0.1941, 0.2842, 0.2552,
        0.2969, 0.2646, 0.2635, 0.3124, 0.2946, 0.3760, 0.1961, 0.2977, 0.3367,
        0.2740, 0.3605, 0.2880, 0.2700, 0.3150, 0.3214, 0.2979, 0.3228, 0.3078,
        0.2010, 0.2714, 0.3712, 0.2728, 0.1475, 0.2873, 0.2834, 0.2403, 0.2864,
        0.3444, 0.3436, 0.2416, 0.3343, 0.1709, 0.2898, 0.3093, 0.3095, 0.1879,
        0.2547, 0.3120, 0.1728, 0.2978, 0.3232, 0.2764, 0.2637, 0.2925, 0.2797,
        0.3135, 0.3102, 0.2674, 0.2365, 0.2892, 0.2781, 0.2709, 0.3495, 0.3941,
        0.3036, 0.3134, 0.2611, 0.1526, 0.2755, 0.2957, 0.1926, 0.2605, 0.2979,
        0.2605, 0.3218, 0.2775, 0.2811, 0.3129, 0.2488, 0.2441, 0.3678, 0.2655,
        0.2289, 0.2892, 0.3417, 0.3082, 0.3177, 0.1675, 0.3129, 0.2604, 0.3006,
        0.2966, 0.3666, 0.1500, 0.3189, 0.2217, 0.2894, 0.2610, 0.2566, 0.2923,
        0.3170, 0.2220, 0.2719, 0.3048, 0.2856, 0.2349, 0.2533, 0.3493, 0.3385,
        0.2639, 0.2939, 0.3068, 0.2303, 0.3419, 0.2746, 0.2880, 0.3165, 0.2626,
        0.3121, 0.3671, 0.3375, 0.3238, 0.2418, 0.2746, 0.2968, 0.2490, 0.2321,
        0.3412, 0.2926, 0.3490, 0.3732, 0.1933, 0.2681, 0.2844, 0.2592, 0.3771,
        0.2818, 0.2915, 0.2744, 0.3625, 0.2796, 0.2746, 0.2472, 0.2493],
       device='cuda:0')), ('layer4.1.bn1.bias', tensor([-0.1647, -0.3054, -0.2162, -0.2876, -0.1972, -0.2354, -0.1838, -0.1871,
        -0.2467, -0.1627, -0.2455, -0.2515, -0.1893, -0.2617, -0.3209, -0.3790,
        -0.2948, -0.4953, -0.0285, -0.2757, -0.2012, -0.2265, -0.2913, -0.2608,
        -0.5148, -0.1990, -0.5011, -0.2732, -0.4543, -0.3950, -0.2275, -0.1804,
        -0.1288, -0.2633, -0.3242, -0.3235, -0.3339, -0.1892, -0.0685, -0.2201,
        -0.2121, -0.2513, -0.1641, -0.1529, -0.2089, -0.2156, -0.2464, -0.2743,
        -0.3067, -0.1944, -0.1958, -0.0253, -0.2476, -0.4170, -0.1674, -0.1932,
        -0.3312, -0.1526, -0.3025, -0.2265, -0.3179, -0.2768, -0.1613, -0.3316,
        -0.4038, -0.2084, -0.0643, -0.2658, -0.2826, -0.2166, -0.2159, -0.4427,
        -0.3377, -0.3232, -0.2918, -0.1959, -0.3382, -0.2053, -0.2794, -0.2892,
        -0.1692, -0.2170, -0.4030, -0.2480, -0.2098, -0.3873, -0.3763, -0.5905,
        -0.1645, -0.1766, -0.2212, -0.5082, -0.2495, -0.2107, -0.4248, -0.1938,
        -0.3073, -0.2597, -0.4093, -0.0570, -0.2041, -0.1346, -0.3321, -0.2636,
        -0.2261, -0.0916, -0.1533, -0.2900, -0.3284, -0.1646, -0.5131, -0.2041,
        -0.1749, -0.1841, -0.2238, -0.1975, -0.3420, -0.0946, -0.3138, -0.1894,
        -0.1919, -0.0335, -0.3281, -0.1728, -0.0851, -0.2447, -0.2059, -0.3857,
        -0.2215, -0.2902, -0.0521, -0.3033, -0.0696, -0.2588, -0.2160, -0.5056,
        -0.2899, -0.2124, -0.3119, -0.2149, -0.1941, -0.2502, -0.5462, -0.2337,
        -0.3345, -0.3473, -0.2178, -0.3542, -0.0726, -0.1477, -0.0334, -0.1397,
        -0.3129, -0.3037, -0.1135, -0.2686, -0.2657, -0.3110, -0.1533, -0.3828,
        -0.0671, -0.2396, -0.4267, -0.2560, -0.1590, -0.2323, -0.1514, -0.3516,
        -0.3449, -0.2058, -0.0921, -0.2023, -0.1235, -0.2541, -0.2739, -0.3158,
        -0.2519, -0.3925, -0.0971, -0.1259, -0.3692, -0.2345, -0.3611, -0.2858,
        -0.4310, -0.0840, -0.1625, -0.2396, -0.1841, -0.4368, -0.2370, -0.4464,
        -0.3222, -0.2767, -0.1859, -0.2126,  0.0531, -0.1029, -0.1124, -0.1999,
        -0.0509, -0.2086, -0.1608, -0.2393, -0.2850, -0.2874, -0.3390, -0.2551,
        -0.4443, -0.2404, -0.2511, -0.2237, -0.2765, -0.2952, -0.4112, -0.2539,
        -0.1848, -0.0241, -0.2650, -0.1863, -0.3045, -0.3376, -0.1760, -0.1849,
        -0.2103, -0.4752, -0.2029, -0.1881, -0.4491, -0.2523, -0.1672, -0.2747,
        -0.2306, -0.2428, -0.2950, -0.4146, -0.2825, -0.1566, -0.2184, -0.2125,
        -0.1696,  0.0363, -0.0892, -0.4503, -0.3521, -0.2225, -0.2508, -0.2531,
        -0.2710, -0.0607, -0.3495, -0.2920, -0.2368, -0.2326, -0.1248, -0.2553,
        -0.2264, -0.1977, -0.1376, -0.0162, -0.1196, -0.2492, -0.3075, -0.3232,
        -0.3488, -0.3560, -0.3487, -0.3333, -0.3667, -0.1104, -0.1003, -0.0276,
        -0.2790, -0.2737, -0.1980, -0.2797, -0.2019, -0.3958, -0.2270, -0.2469,
        -0.4214, -0.2060, -0.4676, -0.3077, -0.3545, -0.2299, -0.0607, -0.1344,
        -0.2981, -0.1849, -0.2305, -0.0706, -0.3116, -0.2885, -0.3123, -0.2687,
        -0.2086, -0.2080, -0.2995, -0.1814, -0.0235, -0.3839, -0.2648, -0.0221,
        -0.2988, -0.0971, -0.2967, -0.3187, -0.2904, -0.3191, -0.4310, -0.1952,
        -0.2130, -0.2299, -0.0989, -0.2350, -0.2153, -0.2926, -0.0345, -0.3368,
        -0.2608, -0.2185, -0.1543, -0.1797, -0.2735, -0.4099,  0.0489, -0.1509,
        -0.2537, -0.3140, -0.2449, -0.2950, -0.0899, -0.1467, -0.2119, -0.5485,
        -0.2916, -0.2764, -0.5083, -0.1300, -0.1822, -0.2396, -0.4359, -0.2999,
        -0.1618, -0.3435, -0.1052, -0.2796, -0.1256, -0.3016, -0.2419, -0.2314,
        -0.2449, -0.1873, -0.3316, -0.1697, -0.2525, -0.1313, -0.0486, -0.1993,
        -0.2781, -0.1667, -0.1893, -0.1836, -0.3275, -0.0362, -0.2959, -0.2603,
        -0.1876, -0.3293, -0.1383, -0.2811, -0.2150, -0.2415, -0.2863, -0.0576,
        -0.2506, -0.1038, -0.2663, -0.1611, -0.1754, -0.2675, -0.2775, -0.4232,
        -0.0373, -0.2359, -0.3478, -0.2409, -0.4346, -0.2580, -0.1701, -0.2808,
        -0.3330, -0.2812, -0.2873, -0.2622, -0.0548, -0.1787, -0.4172, -0.2109,
         0.0551, -0.2342, -0.2245, -0.0888, -0.2628, -0.3886, -0.3289, -0.1373,
        -0.3436,  0.0019, -0.1961, -0.2807, -0.2826, -0.0976, -0.1841, -0.2929,
        -0.0166, -0.3039, -0.3005, -0.1652, -0.1851, -0.2669, -0.2019, -0.3044,
        -0.2920, -0.2164, -0.1899, -0.2584, -0.2293, -0.2047, -0.3447, -0.4284,
        -0.2592, -0.3088, -0.1805, -0.0126, -0.2144, -0.2553, -0.0544, -0.2231,
        -0.2572, -0.2110, -0.2874, -0.2573, -0.2308, -0.3430, -0.1693, -0.1520,
        -0.4149, -0.2058, -0.1128, -0.2386, -0.3127, -0.2599, -0.2593, -0.0163,
        -0.3107, -0.2185, -0.2775, -0.2422, -0.3898,  0.0039, -0.2991, -0.0912,
        -0.2159, -0.1633, -0.1799, -0.2311, -0.2554, -0.1000, -0.2327, -0.2895,
        -0.2449, -0.0960, -0.1890, -0.3774, -0.3345, -0.1620, -0.2740, -0.2976,
        -0.1394, -0.2965, -0.2135, -0.2635, -0.3125, -0.1388, -0.2869, -0.3898,
        -0.2927, -0.3212, -0.2056, -0.2654, -0.2354, -0.1515, -0.1072, -0.3602,
        -0.2302, -0.3081, -0.4175, -0.0264, -0.2179, -0.2427, -0.1591, -0.4779,
        -0.1721, -0.2815, -0.2285, -0.4332, -0.2388, -0.1863, -0.1525, -0.1501],
       device='cuda:0')), ('layer4.1.bn1.running_mean', tensor([-0.5413, -0.7973, -0.3273, -0.5356, -0.7772, -0.5622, -0.5959, -0.5862,
        -0.4485, -0.6141, -0.4213, -0.5124, -0.5636, -0.5852, -0.4489, -0.6054,
        -0.5177, -0.6141, -0.6139, -0.4511, -0.4429, -0.4814, -0.4606, -0.5639,
        -0.8331, -0.7092, -0.4848, -0.4661, -0.5261, -0.6259, -0.4659, -0.7068,
        -0.5154, -0.7413, -0.6102, -0.6138, -0.6643, -0.5404, -0.5301, -0.5268,
        -0.4173, -0.5240, -0.4682, -0.5675, -0.7023, -0.5311, -0.5199, -0.4424,
        -0.5269, -0.3878, -0.7241, -0.6522, -0.7118, -0.7248, -0.5490, -0.6251,
        -0.3975, -0.5178, -0.6321, -0.6175, -0.5311, -0.4076, -0.5103, -0.4447,
        -0.4132, -0.5396, -0.6087, -0.4414, -0.7484, -0.4520, -0.5371, -0.5925,
        -0.6373, -0.6616, -0.7369, -0.5576, -0.7009, -0.5632, -0.5563, -0.5394,
        -0.5981, -0.6481, -0.6877, -0.6060, -0.6000, -0.6555, -0.5870, -1.0573,
        -0.6157, -0.7667, -0.6100, -0.4857, -0.5736, -0.5096, -0.6709, -0.4536,
        -0.5617, -0.5061, -0.6174, -0.5781, -0.7112, -0.5875, -0.5291, -0.6434,
        -0.4904, -0.6855, -0.6326, -0.6643, -0.5882, -0.7489, -0.7165, -0.6391,
        -0.5012, -0.6476, -0.6983,  1.0705, -0.6757, -0.5084, -0.5729, -0.5774,
        -0.4695, -0.9061, -0.5485, -0.4802, -0.5828, -0.5485, -0.4992, -0.4366,
        -0.6107, -0.6819, -0.6564, -0.5309, -0.7101, -0.6536, -0.4910, -0.5737,
        -0.3951, -0.5364, -0.5050, -0.5439, -0.3905, -0.4185, -0.7752, -0.5511,
        -0.6787, -0.6285, -0.4525, -0.6146, -0.6428, -0.5705, -0.8232, -0.4215,
        -0.6172, -0.7289, -0.3709, -0.5360, -0.4193, -0.6289, -0.5381, -0.7562,
        -0.6759, -0.5944, -0.6615, -0.6112, -0.6634, -0.5197, -0.5503, -0.8188,
        -0.5022, -0.5302, -0.3357, -0.5116, -0.3405, -0.6087, -0.5583, -0.6127,
        -0.5283, -0.5754, -0.5765, -0.5389, -0.5776, -0.6119, -0.5058, -0.6303,
        -0.5827, -0.6021, -0.6893, -0.6909, -0.6033, -0.5285, -0.4995, -0.6106,
        -0.5127, -0.7457, -0.5106, -0.4333,  0.5210, -0.4055, -0.5618, -0.6229,
        -0.4806, -0.4990, -0.5137, -0.5780, -0.6504, -0.5335, -0.5404, -0.6740,
        -0.6401, -0.4399, -0.6452, -0.7253, -0.6698, -0.4847, -0.6078, -0.5473,
        -0.4350, -0.5572, -0.4773, -0.5038, -0.4760, -0.5855, -0.3728, -0.5268,
        -0.7481, -0.6935, -0.6249, -0.5927, -0.5067, -0.5987, -0.5195, -0.7889,
        -0.6139, -0.7511, -0.4670, -0.7161, -0.7441, -0.4055, -0.5312, -0.5627,
        -0.5474, -0.4821, -0.4582, -0.8594, -0.5761, -0.5276, -0.5175, -0.5279,
        -0.6082, -0.7169, -0.5547, -0.4431, -0.5722, -0.6112, -0.5590, -0.3901,
        -0.4632, -0.4650, -0.5378, -0.7074, -0.6810, -0.3856, -0.4414, -0.6124,
        -0.7050, -0.6073, -0.5603, -0.5948, -0.4546, -0.4347, -0.3668, -0.7029,
        -0.6689, -0.5215, -0.7033, -0.6368, -0.5177, -0.6496, -0.6789, -0.6140,
        -0.6101, -0.4109, -0.6891, -0.5028, -0.6018, -0.4653, -0.4463, -0.6163,
        -0.7823, -0.5498, -0.5709, -0.6595, -0.4797, -0.5380, -0.6436, -0.4646,
        -0.6467, -0.5540, -0.5986, -0.5843, -1.1532, -0.6387, -0.4997, -0.7590,
        -0.5875, -0.4747, -0.6253, -0.6818, -0.6272, -0.7857, -0.7029, -0.4365,
        -0.5771, -0.6530, -0.5843, -0.4666, -0.5723, -0.7215, -0.6580, -0.4238,
        -0.5611, -0.4709, -0.3467, -0.7293, -0.7325, -0.5837, -0.5491, -0.5465,
        -0.4352, -0.6059, -0.4548, -0.6570, -0.5336, -0.6518, -0.7743, -0.6501,
        -0.4029, -0.5614, -0.5853, -0.5638, -0.5807, -0.4493, -0.6290, -0.6404,
        -0.4065, -0.6182, -0.4632, -0.5301, -0.5199, -0.5526, -0.5205, -0.4965,
        -0.5605, -0.6385, -0.6827, -0.7267, -0.5676, -0.4011, -0.4841, -0.6416,
        -0.6126, -0.6566, -0.6398, -0.6298, -0.5396, -0.7520, -0.5987, -0.5152,
        -0.4369, -0.5980, -0.5272, -0.8318, -0.5460, -0.6956, -0.6120, -0.4891,
        -0.3869, -0.6084, -0.6643, -0.5151, -0.6721, -0.5470, -0.5413, -0.6918,
        -0.5586, -0.7086, -0.5501, -0.4772, -0.5466, -0.5190, -0.6028, -0.4832,
        -0.5259, -0.7386, -0.4597, -0.5455, -0.4819, -0.4314, -0.5977, -0.5418,
         0.0466, -0.4530, -0.5981, -0.5815, -0.5392, -0.7127, -0.6896, -0.3750,
        -0.5262, -0.4132, -0.6670, -0.5877, -0.6360, -0.1576, -0.5007, -0.4954,
        -0.5497, -0.6452, -0.4560, -0.5546, -0.4900, -0.5080, -0.4818, -0.2949,
        -0.4553, -0.5786, -0.4296, -0.6260, -0.5608, -0.4586, -0.5977, -0.7718,
        -0.7598, -0.6029, -0.6087, -0.3902, -0.6553, -0.5768, -0.4186, -0.5935,
        -0.3791, -0.4676, -0.5196, -0.6193, -0.8285, -0.5389, -0.6561, -0.4368,
        -0.7808, -0.6181, -0.3393, -0.4986, -0.8350, -0.6450, -0.5901, -1.0576,
        -0.4705, -0.6423, -0.5411, -0.5414, -0.6616, -0.5037, -0.5399, -0.5769,
        -0.7787, -0.6237, -0.5329, -0.5592, -0.7531, -0.6904, -0.6590, -0.6351,
        -0.5579, -0.7096, -0.5201, -0.7592, -0.6675, -0.7600, -0.5616, -0.5412,
        -0.2990, -0.7290, -0.5763, -0.4858, -0.6421, -0.7895, -0.5631, -0.7770,
        -0.5341, -0.4303, -0.5864, -0.4239, -0.7185, -0.7555, -0.4445, -0.6065,
        -0.5333, -0.8637, -0.9143, -0.6144, -0.4970, -0.6135, -0.4200, -0.6334,
        -0.6597, -0.6632, -0.5801, -0.6857, -0.6170, -0.5583, -0.7643, -0.8147],
       device='cuda:0')), ('layer4.1.bn1.running_var', tensor([0.2010, 0.1352, 0.1213, 0.1651, 0.1754, 0.1230, 0.1367, 0.1555, 0.0979,
        0.1248, 0.1008, 0.1197, 0.1793, 0.1601, 0.1454, 0.1595, 0.1266, 0.1961,
        0.2275, 0.1341, 0.1086, 0.1663, 0.1180, 0.1486, 0.1470, 0.2295, 0.0899,
        0.1445, 0.1269, 0.1144, 0.1279, 0.1846, 0.1114, 0.1758, 0.1500, 0.1059,
        0.1452, 0.1249, 0.1790, 0.1844, 0.1369, 0.1986, 0.1263, 0.1422, 0.2397,
        0.1372, 0.1471, 0.1136, 0.1113, 0.1277, 0.1304, 0.2588, 0.1769, 0.1656,
        0.1252, 0.1538, 0.1107, 0.1930, 0.1563, 0.1269, 0.1667, 0.1224, 0.1446,
        0.0920, 0.0808, 0.2054, 0.1435, 0.0937, 0.1266, 0.1187, 0.1396, 0.1538,
        0.1419, 0.1632, 0.1497, 0.1177, 0.1901, 0.1129, 0.1513, 0.1251, 0.1745,
        0.1485, 0.1882, 0.1876, 0.1407, 0.1147, 0.1227, 0.2545, 0.1502, 0.1608,
        0.1613, 0.1210, 0.1176, 0.1563, 0.1603, 0.1412, 0.1587, 0.1625, 0.1301,
        0.1737, 0.1508, 0.1336, 0.1229, 0.1474, 0.1713, 0.1322, 0.2021, 0.1761,
        0.1643, 0.2534, 0.1146, 0.1350, 0.1926, 0.1829, 0.1731, 0.2041, 0.1517,
        0.1357, 0.1123, 0.1389, 0.1320, 0.2145, 0.1349, 0.1289, 0.1517, 0.1301,
        0.0981, 0.1273, 0.1295, 0.1474, 0.1602, 0.1163, 0.2352, 0.1648, 0.1148,
        0.1364, 0.1351, 0.1438, 0.1241, 0.1534, 0.1346, 0.1133, 0.1747, 0.1683,
        0.1387, 0.1397, 0.1340, 0.1308, 0.2032, 0.2030, 0.2541, 0.1208, 0.1313,
        0.1195, 0.1247, 0.1244, 0.1293, 0.1745, 0.0971, 0.1656, 0.1766, 0.1459,
        0.1171, 0.1307, 0.1510, 0.1687, 0.1142, 0.1728, 0.1795, 0.1546, 0.1268,
        0.1697, 0.1394, 0.1354, 0.1551, 0.1893, 0.1142, 0.1236, 0.1603, 0.1471,
        0.1134, 0.1560, 0.1415, 0.1165, 0.1425, 0.1958, 0.2119, 0.1566, 0.1817,
        0.1103, 0.1321, 0.1395, 0.1025, 0.1854, 0.2009, 0.1263, 0.1659, 0.1425,
        0.1490, 0.1754, 0.1415, 0.1263, 0.3421, 0.1244, 0.1223, 0.1195, 0.1175,
        0.1443, 0.2001, 0.1646, 0.1482, 0.1933, 0.1595, 0.1265, 0.1492, 0.1621,
        0.1115, 0.2091, 0.0997, 0.0994, 0.0955, 0.1217, 0.1059, 0.2009, 0.2316,
        0.1339, 0.2681, 0.1538, 0.1056, 0.1252, 0.1726, 0.1484, 0.1398, 0.1573,
        0.1548, 0.1474, 0.1489, 0.1523, 0.1190, 0.1899, 0.1474, 0.1584, 0.0950,
        0.1969, 0.1261, 0.1132, 0.1323, 0.1432, 0.1651, 0.2449, 0.1433, 0.1391,
        0.1770, 0.1234, 0.1267, 0.1664, 0.1127, 0.1698, 0.1336, 0.2621, 0.1808,
        0.1343, 0.1433, 0.1446, 0.1866, 0.1969, 0.1534, 0.1538, 0.1508, 0.1687,
        0.0989, 0.2875, 0.1652, 0.1486, 0.2365, 0.1486, 0.1805, 0.1704, 0.1573,
        0.1104, 0.1506, 0.0952, 0.1180, 0.1329, 0.1324, 0.1448, 0.1357, 0.2533,
        0.2037, 0.1226, 0.1078, 0.1480, 0.1279, 0.1364, 0.1592, 0.1203, 0.1187,
        0.1287, 0.1436, 0.1439, 0.3225, 0.2106, 0.1064, 0.2373, 0.1311, 0.1763,
        0.1674, 0.1258, 0.1144, 0.1622, 0.2057, 0.1203, 0.1981, 0.1300, 0.1727,
        0.1135, 0.1689, 0.1803, 0.2086, 0.1311, 0.1530, 0.1382, 0.1570, 0.1728,
        0.1647, 0.1239, 0.2151, 0.1246, 0.1761, 0.1334, 0.1603, 0.1426, 0.1871,
        0.1820, 0.1500, 0.1080, 0.1047, 0.0958, 0.1048, 0.1414, 0.1152, 0.1177,
        0.1237, 0.1476, 0.1692, 0.1618, 0.1747, 0.1775, 0.1277, 0.1432, 0.1535,
        0.1447, 0.1481, 0.1324, 0.1909, 0.2103, 0.1258, 0.1305, 0.1468, 0.1257,
        0.1352, 0.2927, 0.1363, 0.1508, 0.2388, 0.2461, 0.1393, 0.1368, 0.1986,
        0.1426, 0.1220, 0.1827, 0.1351, 0.1854, 0.1486, 0.2544, 0.1198, 0.1599,
        0.1534, 0.1286, 0.1721, 0.1105, 0.1399, 0.1456, 0.1848, 0.1428, 0.1523,
        0.1383, 0.1587, 0.1222, 0.1217, 0.1276, 0.1037, 0.1617, 0.1604, 0.1299,
        0.2272, 0.1254, 0.1713, 0.1120, 0.1620, 0.1340, 0.1810, 0.1905, 0.1573,
        0.1272, 0.1626, 0.2135, 0.1497, 0.2082, 0.2047, 0.1768, 0.1239, 0.1077,
        0.1591, 0.1562, 0.1830, 0.1248, 0.1515, 0.2784, 0.1495, 0.1073, 0.1422,
        0.1258, 0.1493, 0.1101, 0.1516, 0.1237, 0.1847, 0.1299, 0.1406, 0.1622,
        0.1195, 0.1786, 0.1516, 0.2280, 0.1845, 0.1276, 0.1291, 0.1197, 0.1404,
        0.1479, 0.1458, 0.1401, 0.1932, 0.0812, 0.1423, 0.1607, 0.2139, 0.1115,
        0.1280, 0.1371, 0.2529, 0.1800, 0.1272, 0.2445, 0.1058, 0.1246, 0.1452,
        0.1424, 0.2348, 0.1761, 0.1324, 0.1627, 0.1528, 0.1660, 0.1550, 0.1699,
        0.2774, 0.1755, 0.1401, 0.1297, 0.1240, 0.2344, 0.1305, 0.1513, 0.1374,
        0.1775, 0.1298, 0.1293, 0.1161, 0.2085, 0.1186, 0.1424, 0.1750, 0.2812,
        0.1464, 0.2325, 0.1258, 0.1437, 0.1230, 0.1128, 0.1447, 0.1546, 0.1837,
        0.1337, 0.1650, 0.2621, 0.1883, 0.2222, 0.0872, 0.1408, 0.1449, 0.1123,
        0.1629, 0.1539, 0.2012, 0.1657, 0.1330, 0.1581, 0.2114, 0.2231],
       device='cuda:0')), ('layer4.1.bn1.num_batches_tracked', tensor(575, device='cuda:0')), ('layer4.1.conv2.weight', tensor([[[[ 3.2243e-03,  6.2467e-03,  1.3731e-03],
          [ 3.3800e-03,  4.9954e-03, -1.4120e-03],
          [ 7.5320e-03,  1.2163e-02,  6.0718e-03]],

         [[-1.1129e-02, -1.3138e-02, -1.0284e-02],
          [-4.8533e-03, -4.7115e-03, -3.3958e-03],
          [-8.1092e-03, -9.6330e-03, -9.8995e-03]],

         [[-7.8690e-03, -8.7080e-03, -6.5982e-03],
          [-8.3763e-03, -8.4317e-03, -5.3847e-03],
          [-8.5458e-03, -5.9326e-03, -2.7743e-03]],

         ...,

         [[-1.3786e-02, -1.5410e-02, -1.7209e-02],
          [-1.2253e-02, -1.3181e-02, -1.6557e-02],
          [-1.2320e-02, -1.3532e-02, -1.5482e-02]],

         [[ 5.3610e-03,  5.4179e-03,  2.5422e-03],
          [ 4.7719e-03,  4.6436e-03,  6.2835e-03],
          [ 1.1316e-02,  9.3984e-03,  8.4805e-03]],

         [[-9.2817e-03, -1.2608e-02, -1.2437e-02],
          [-6.8407e-03, -1.0141e-02, -8.5807e-03],
          [-3.4929e-03, -6.8538e-03, -7.5733e-03]]],


        [[[ 7.7277e-04, -1.6258e-03, -1.4071e-03],
          [-5.8791e-03, -7.8069e-03, -6.7600e-03],
          [-7.4127e-03, -7.7602e-03, -9.0544e-03]],

         [[-1.2155e-02, -1.0202e-02, -1.2432e-02],
          [-6.2958e-03, -3.5212e-03, -8.9451e-03],
          [-4.8747e-03, -5.3370e-03, -7.7758e-03]],

         [[ 1.5227e-03,  1.5682e-03, -9.0281e-04],
          [-2.2079e-04,  1.5850e-03, -1.0124e-03],
          [ 4.9049e-03,  2.7133e-03,  5.3393e-03]],

         ...,

         [[ 2.1918e-02,  1.5406e-02,  1.9040e-02],
          [ 2.1597e-02,  1.2570e-02,  1.9945e-02],
          [ 1.7839e-02,  1.4286e-02,  1.6760e-02]],

         [[ 1.0956e-02,  1.1588e-02,  1.4723e-02],
          [ 4.9680e-03,  4.2616e-03,  9.0976e-03],
          [ 6.8534e-03,  3.0134e-03,  8.2368e-03]],

         [[ 2.7636e-02,  2.5512e-02,  3.0006e-02],
          [ 3.5612e-02,  3.0458e-02,  3.6414e-02],
          [ 2.3760e-02,  2.4295e-02,  2.3280e-02]]],


        [[[-5.6946e-03,  7.3057e-04, -2.5712e-03],
          [ 1.0937e-03,  7.5093e-03,  3.7737e-03],
          [ 5.6872e-04,  6.7441e-03,  4.7374e-03]],

         [[ 1.3184e-03,  2.2542e-03,  2.7050e-03],
          [ 7.7759e-03,  1.0415e-02,  9.2541e-03],
          [ 2.3337e-03,  5.0069e-03,  5.7857e-03]],

         [[-3.2052e-02, -2.7597e-02, -3.3704e-02],
          [-3.5686e-02, -2.8037e-02, -3.0851e-02],
          [-3.6520e-02, -3.1705e-02, -3.1076e-02]],

         ...,

         [[-4.0650e-03,  1.0013e-03, -2.9135e-03],
          [-5.5161e-03,  1.2556e-03,  6.4984e-04],
          [-5.9194e-03,  1.8042e-03, -1.3945e-03]],

         [[ 1.1904e-02,  9.4130e-03,  1.3426e-02],
          [ 5.0987e-03,  1.8974e-03,  5.5739e-03],
          [-2.9649e-04, -4.8662e-04, -1.5418e-03]],

         [[-1.3499e-02, -1.5735e-02, -1.3544e-02],
          [-1.5457e-02, -1.8900e-02, -1.7052e-02],
          [-9.0330e-03, -1.0665e-02, -9.6261e-03]]],


        ...,


        [[[ 2.8550e-03,  2.4554e-03,  2.4309e-03],
          [-7.3606e-03, -2.2918e-03, -4.2390e-03],
          [-8.8136e-03, -3.7090e-03, -2.8850e-03]],

         [[-7.9475e-04, -3.2237e-03, -3.8262e-03],
          [ 8.1729e-03,  8.5736e-03,  5.7350e-03],
          [ 1.5189e-02,  1.3981e-02,  1.2259e-02]],

         [[-3.3658e-03, -9.8198e-03, -9.6969e-03],
          [-7.9990e-03, -7.6485e-03, -1.0395e-02],
          [-8.8893e-03, -8.3232e-03, -8.8993e-03]],

         ...,

         [[-1.3843e-02, -1.0993e-02, -1.0653e-02],
          [-8.2582e-03, -7.0485e-03, -5.0586e-03],
          [-1.1452e-02, -1.1098e-02, -7.2868e-03]],

         [[ 6.8762e-03,  9.8707e-03,  2.0049e-03],
          [ 6.3744e-03,  9.7338e-03,  2.1008e-03],
          [-2.1781e-03,  2.3752e-03, -3.0771e-03]],

         [[-4.0643e-03, -1.0403e-02, -8.2257e-03],
          [ 7.3053e-04, -3.9185e-03, -6.3163e-03],
          [-2.9058e-03, -2.4251e-03, -6.3806e-03]]],


        [[[-2.1130e-02, -2.0719e-02, -2.4492e-02],
          [-1.9341e-02, -1.5362e-02, -2.3163e-02],
          [-1.3974e-02, -1.2941e-02, -2.0068e-02]],

         [[ 2.3545e-02,  2.4772e-02,  2.7233e-02],
          [ 2.0861e-02,  1.4987e-02,  2.5676e-02],
          [ 2.3670e-02,  1.8922e-02,  2.6803e-02]],

         [[-4.1093e-03, -1.6629e-03, -1.4615e-04],
          [-8.2822e-03, -6.1663e-03, -5.6971e-03],
          [-3.9040e-03, -1.8544e-03, -1.7717e-03]],

         ...,

         [[ 2.5034e-02,  1.3857e-02,  1.7282e-02],
          [ 2.0398e-02,  1.2724e-02,  1.4934e-02],
          [ 2.5005e-02,  2.5827e-02,  2.4095e-02]],

         [[-4.1108e-03,  1.0839e-03, -1.3963e-03],
          [ 2.1428e-03,  4.3138e-03, -5.2658e-06],
          [-6.0425e-03, -5.7785e-03, -8.2324e-03]],

         [[ 9.3056e-03,  2.4575e-02,  1.4313e-02],
          [ 4.3824e-03,  1.5408e-02,  6.3640e-03],
          [-1.0763e-02,  2.0953e-03, -7.2202e-03]]],


        [[[ 1.3698e-02,  1.1234e-02,  8.0818e-03],
          [ 6.0608e-03,  4.7961e-03,  1.4744e-03],
          [-1.5793e-03,  3.0360e-03, -3.3991e-03]],

         [[-7.8965e-03,  2.6695e-04, -6.3417e-03],
          [-1.0950e-02, -4.9605e-03, -8.9797e-03],
          [-9.5847e-03, -6.7362e-03, -1.0839e-02]],

         [[ 2.7317e-02,  2.1954e-02,  2.7382e-02],
          [ 2.2042e-02,  1.3124e-02,  1.7997e-02],
          [ 2.4011e-02,  2.2058e-02,  2.5811e-02]],

         ...,

         [[-1.4874e-02, -1.4792e-02, -1.6967e-02],
          [-8.2516e-03, -9.4207e-03, -8.0566e-03],
          [-9.8829e-03, -1.3631e-02, -1.1394e-02]],

         [[ 4.0422e-03, -1.0680e-03,  1.7792e-03],
          [ 1.0404e-03, -5.9023e-03, -3.6059e-03],
          [-2.0530e-03, -5.8371e-03, -3.4044e-03]],

         [[-1.5998e-02, -1.5538e-02, -1.1855e-02],
          [-6.8792e-03, -3.7392e-03, -3.6080e-03],
          [ 2.9154e-03,  4.8047e-03,  3.7621e-03]]]], device='cuda:0')), ('layer4.1.bn2.weight', tensor([1.8434, 1.8351, 1.7647, 1.8259, 1.9541, 1.8053, 1.9562, 2.2756, 1.7681,
        1.8953, 1.7791, 1.7777, 1.9051, 1.7317, 1.8822, 1.8191, 1.7962, 2.3367,
        1.7979, 1.7286, 1.7944, 1.9528, 1.8946, 1.9001, 1.8792, 1.9793, 1.8601,
        1.7829, 1.8925, 1.8911, 1.7779, 1.9838, 1.8380, 1.7602, 1.8714, 1.8795,
        1.8987, 1.8207, 1.7031, 1.7365, 1.7810, 1.6922, 1.7839, 1.7774, 1.7613,
        1.8456, 1.9302, 2.0870, 1.9002, 1.8422, 1.8481, 1.8615, 1.7630, 1.8408,
        1.7612, 1.9478, 1.9622, 1.8755, 1.9412, 1.8722, 1.8663, 1.9413, 1.8726,
        1.9239, 1.7443, 1.8509, 1.6578, 2.0667, 2.0331, 1.9216, 1.8974, 1.7609,
        1.7513, 1.9513, 1.7938, 1.7991, 1.7821, 1.7739, 1.8068, 1.7938, 1.8170,
        1.8086, 1.8649, 2.1530, 1.7756, 1.7939, 1.8039, 1.7207, 1.7658, 1.7748,
        1.6335, 1.8672, 1.9041, 1.8602, 1.6955, 1.8087, 1.7094, 1.7744, 1.8624,
        1.7119, 2.0656, 1.9058, 1.9476, 1.8070, 1.7389, 1.6080, 1.9136, 1.8966,
        1.8009, 1.8977, 1.8291, 1.7650, 1.7969, 1.8131, 1.8548, 1.8542, 1.7090,
        2.1822, 1.8582, 1.8264, 1.8208, 1.8487, 1.8003, 1.6226, 1.8432, 1.8313,
        1.8728, 1.9283, 1.6909, 1.9734, 1.8978, 1.8893, 1.8832, 1.8441, 1.9776,
        2.0715, 1.8402, 1.8391, 1.8812, 1.7893, 1.7126, 1.9690, 1.7866, 1.9359,
        1.8944, 1.8954, 1.8698, 1.7947, 1.8806, 1.9409, 1.7403, 1.7980, 1.9676,
        1.7661, 1.6859, 1.9438, 1.9662, 1.9881, 1.7941, 1.8156, 1.8315, 2.1169,
        1.9227, 2.3642, 2.0291, 1.9617, 1.7330, 1.9063, 1.8199, 1.7796, 1.9091,
        1.8045, 1.9199, 1.9663, 1.8244, 1.6383, 1.9163, 1.9122, 1.9922, 1.7992,
        1.9080, 1.7617, 2.1697, 1.7940, 1.7575, 1.8907, 1.9839, 1.9178, 1.8081,
        1.8452, 1.8274, 1.8067, 1.9101, 1.8610, 1.7852, 1.8221, 1.8003, 1.7140,
        1.7716, 1.7982, 1.7582, 1.9337, 2.0167, 1.7254, 2.0224, 1.8859, 1.8311,
        1.8231, 1.7853, 1.9169, 1.7239, 1.7149, 1.9219, 1.7745, 1.9964, 1.8387,
        1.8075, 1.8545, 1.7890, 1.9696, 1.9541, 1.9175, 1.8122, 1.8137, 1.7166,
        1.8053, 1.8539, 1.9267, 1.7694, 1.8330, 1.8518, 1.8323, 1.8279, 1.8764,
        1.7692, 1.7883, 1.7800, 1.9973, 1.6999, 1.9429, 1.7765, 1.8048, 2.2235,
        1.6459, 1.8345, 2.1703, 1.9189, 1.7421, 1.7792, 1.8661, 1.9142, 1.8859,
        1.8334, 1.9320, 1.8202, 2.2231, 1.8290, 2.0637, 1.9855, 1.8135, 1.8489,
        1.9660, 1.8076, 1.8630, 1.8499, 1.7689, 1.8999, 1.7343, 1.7547, 1.8993,
        1.7866, 1.9447, 1.8702, 1.7205, 2.0614, 1.7784, 1.8560, 1.7725, 1.9279,
        1.8105, 2.4060, 1.7315, 1.7868, 1.7245, 1.8558, 1.8338, 1.8813, 1.7641,
        1.9658, 1.9806, 1.7068, 1.7493, 1.8316, 1.9897, 1.8511, 1.8987, 1.8275,
        1.9733, 1.7657, 1.6029, 1.8023, 1.9505, 1.7375, 1.7137, 1.8850, 1.7971,
        1.9173, 1.8358, 1.7878, 1.9151, 1.8851, 1.8977, 1.9348, 1.7421, 1.7664,
        1.8015, 2.0025, 1.7600, 1.9109, 1.8483, 1.7110, 1.8714, 1.8569, 1.9304,
        1.8760, 1.7277, 1.8443, 1.9088, 1.8011, 1.8292, 1.7631, 2.0456, 1.9210,
        1.9222, 1.8924, 1.7687, 1.6822, 1.8309, 1.8844, 1.8328, 1.8236, 1.7640,
        1.6112, 1.8431, 1.7476, 1.8420, 1.9494, 1.7458, 1.7727, 1.8765, 1.8851,
        1.7742, 1.7639, 1.7715, 1.8431, 1.6863, 1.8107, 1.8858, 1.8311, 1.8384,
        1.8501, 1.9745, 1.8709, 1.7756, 1.9020, 1.8132, 1.8431, 1.8266, 1.8732,
        1.9621, 1.8370, 1.9539, 1.9610, 1.8049, 1.7652, 1.9288, 1.7136, 1.7581,
        1.9438, 1.8582, 1.9187, 1.7651, 1.7834, 1.8482, 1.8568, 1.8867, 1.7616,
        2.0636, 1.7995, 1.7041, 1.8933, 1.9448, 1.8565, 1.7896, 1.8357, 1.8449,
        1.6720, 1.7428, 1.9120, 1.9687, 2.0381, 1.8972, 1.8516, 1.7526, 1.7718,
        1.8146, 1.8535, 1.9407, 1.7394, 1.8715, 1.9651, 1.9026, 1.7423, 1.7827,
        1.8510, 2.0246, 1.7079, 1.8827, 1.8681, 1.8510, 1.8034, 1.8699, 1.8375,
        1.7577, 1.8150, 1.9883, 1.9050, 2.1237, 1.8449, 1.9257, 1.8933, 1.9415,
        1.8532, 1.8441, 1.9959, 2.0901, 1.8222, 1.7681, 1.8043, 1.7541, 1.8965,
        1.8601, 1.8608, 1.7286, 1.8177, 1.9654, 1.8841, 1.8676, 2.0033, 1.7126,
        1.7759, 1.9463, 1.8405, 1.8412, 1.7306, 1.8770, 1.7604, 1.9519, 1.8047,
        1.8917, 2.0294, 1.8794, 1.9478, 1.8676, 1.8440, 1.7791, 1.9352, 1.8401,
        2.0487, 1.9476, 1.8357, 1.8163, 1.7761, 1.9053, 1.8793, 1.8740, 1.8515,
        1.7581, 1.9491, 1.7580, 1.7475, 1.8661, 1.6851, 1.8125, 1.8710, 2.0051,
        1.8446, 1.8973, 1.9533, 1.8278, 1.9024, 1.8191, 1.9772, 1.8993, 1.8611,
        1.8698, 1.7024, 1.8674, 1.8817, 1.9253, 1.8604, 1.6353, 1.8430, 1.7513,
        1.8417, 1.5810, 1.9344, 1.9539, 1.7916, 1.7401, 2.0860, 1.9447],
       device='cuda:0')), ('layer4.1.bn2.bias', tensor([0.2392, 0.3464, 0.3286, 0.4646, 0.2292, 0.2418, 0.2210, 0.3809, 0.3171,
        0.2874, 0.2470, 0.2154, 0.2485, 0.2452, 0.2341, 0.3188, 0.2738, 0.6508,
        0.2961, 0.2297, 0.2307, 0.4287, 0.2378, 0.3337, 0.2661, 0.2193, 0.3216,
        0.3917, 0.1425, 0.2322, 0.3415, 0.0841, 0.2272, 0.2521, 0.2015, 0.1987,
        0.2589, 0.3263, 0.2806, 0.3157, 0.2403, 0.2537, 0.2006, 0.3265, 0.2136,
        0.2368, 0.2379, 0.5016, 0.2867, 0.1916, 0.3279, 0.2767, 0.2389, 0.2435,
        0.3658, 0.2190, 0.4722, 0.3062, 0.3691, 0.2659, 0.2017, 0.2699, 0.3459,
        0.2047, 0.2455, 0.4346, 0.2730, 0.1660, 0.3130, 0.1279, 0.2189, 0.1631,
        0.2963, 0.1441, 0.2971, 0.2747, 0.2015, 0.2945, 0.2234, 0.2266, 0.2502,
        0.3932, 0.4615, 0.5437, 0.2177, 0.3500, 0.2737, 0.2293, 0.3658, 0.2693,
        0.2481, 0.2515, 0.1681, 0.2786, 0.2580, 0.2216, 0.3375, 0.2794, 0.2575,
        0.3002, 0.2641, 0.3534, 0.3056, 0.3927, 0.3185, 0.2267, 0.2679, 0.2161,
        0.2088, 0.2782, 0.2375, 0.3511, 0.2268, 0.2914, 0.2033, 0.2971, 0.3285,
        0.0791, 0.3055, 0.3065, 0.3821, 0.2603, 0.2413, 0.3065, 0.2674, 0.1579,
        0.2150, 0.2589, 0.3177, 0.2780, 0.1867, 0.1963, 0.1128, 0.2316, 0.3728,
        0.2535, 0.2054, 0.3070, 0.2632, 0.2462, 0.3047, 0.1959, 0.2963, 0.2010,
        0.2140, 0.1627, 0.1600, 0.3962, 0.2390, 0.3961, 0.2775, 0.2893, 0.1906,
        0.2706, 0.3009, 0.1775, 0.2676, 0.2730, 0.2071, 0.1889, 0.3180, 0.6232,
        0.2672, 0.3908, 0.2084, 0.2360, 0.4179, 0.2103, 0.2935, 0.3514, 0.2329,
        0.2414, 0.1476, 0.1167, 0.2752, 0.3252, 0.2350, 0.1709, 0.4056, 0.2095,
        0.1829, 0.3054, 0.5663, 0.3268, 0.3857, 0.3283, 0.1823, 0.2949, 0.2426,
        0.2558, 0.1985, 0.2038, 0.3253, 0.4816, 0.2563, 0.2605, 0.3318, 0.2312,
        0.3059, 0.2309, 0.2462, 0.2554, 0.4144, 0.2589, 0.3623, 0.2700, 0.2147,
        0.2046, 0.3191, 0.3777, 0.1835, 0.2089, 0.2427, 0.3569, 0.2661, 0.2643,
        0.2907, 0.1500, 0.1948, 0.2809, 0.1870, 0.3250, 0.2801, 0.2208, 0.3095,
        0.1880, 0.4011, 0.1730, 0.4433, 0.2833, 0.2767, 0.2816, 0.1900, 0.3586,
        0.1953, 0.3366, 0.3361, 0.2697, 0.2764, 0.3193, 0.2634, 0.2492, 0.2083,
        0.2826, 0.3066, 0.2105, 0.2923, 0.2385, 0.3285, 0.3500, 0.4299, 0.2451,
        0.2880, 0.1888, 0.2984, 0.5618, 0.2119, 0.3758, 0.2935, 0.3824, 0.3124,
        0.2133, 0.2773, 0.2922, 0.1876, 0.3027, 0.1685, 0.3044, 0.3119, 0.2585,
        0.2442, 0.1782, 0.2703, 0.2813, 0.1583, 0.2909, 0.3179, 0.2621, 0.2481,
        0.1481, 0.5450, 0.2541, 0.2878, 0.2795, 0.1668, 0.2003, 0.2062, 0.2397,
        0.2549, 0.1600, 0.3188, 0.2866, 0.1660, 0.1494, 0.2880, 0.1650, 0.3319,
        0.4937, 0.2807, 0.3166, 0.1795, 0.2184, 0.2254, 0.2852, 0.4281, 0.2728,
        0.1822, 0.3114, 0.2303, 0.1806, 0.3915, 0.2922, 0.4860, 0.2384, 0.2362,
        0.2770, 0.2736, 0.2822, 0.4073, 0.1545, 0.3340, 0.3305, 0.2847, 0.2350,
        0.1777, 0.3293, 0.3137, 0.1852, 0.2432, 0.2163, 0.3273, 0.3356, 0.2252,
        0.2108, 0.2718, 0.2406, 0.3369, 0.2724, 0.3218, 0.2917, 0.1923, 0.1530,
        0.3949, 0.5184, 0.3446, 0.1903, 0.1844, 0.2643, 0.1865, 0.2248, 0.1543,
        0.2607, 0.2497, 0.2644, 0.2416, 0.2413, 0.2463, 0.3502, 0.2774, 0.1567,
        0.2538, 0.2782, 0.1777, 0.2746, 0.4105, 0.2285, 0.3667, 0.3092, 0.3143,
        0.1891, 0.4343, 0.2229, 0.2079, 0.2849, 0.3009, 0.2219, 0.3299, 0.2307,
        0.2786, 0.3084, 0.4586, 0.2977, 0.3559, 0.3247, 0.4257, 0.2737, 0.2290,
        0.2909, 0.1830, 0.4009, 0.2852, 0.2482, 0.1696, 0.3666, 0.4517, 0.2698,
        0.3015, 0.2837, 0.2490, 0.2258, 0.4306, 0.4363, 0.2039, 0.2879, 0.3402,
        0.2481, 0.2930, 0.2601, 0.2626, 0.1732, 0.1957, 0.2557, 0.2995, 0.2519,
        0.3793, 0.2287, 0.2504, 0.2286, 0.1785, 0.2211, 0.2117, 0.2847, 0.2888,
        0.2901, 0.3287, 0.1690, 0.2995, 0.3299, 0.2560, 0.2839, 0.2284, 0.2638,
        0.1988, 0.2718, 0.2442, 0.5220, 0.2518, 0.3166, 0.2180, 0.2333, 0.2071,
        0.1910, 0.2208, 0.3846, 0.3918, 0.2406, 0.3588, 0.2285, 0.3304, 0.3471,
        0.3201, 0.2043, 0.3164, 0.2320, 0.3094, 0.2670, 0.3389, 0.2705, 0.2687,
        0.2418, 0.4384, 0.1982, 0.2059, 0.2111, 0.3205, 0.2688, 0.2306, 0.2425,
        0.2301, 0.2599, 0.2870, 0.4028, 0.2800, 0.2288, 0.1630, 0.1984, 0.1948,
        0.2495, 0.1198, 0.3158, 0.3225, 0.3552, 0.3019, 0.2172, 0.4722, 0.3016,
        0.3472, 0.2917, 0.4780, 0.2256, 0.3667, 0.4011, 0.2517, 0.1949, 0.1481,
        0.1908, 0.2767, 0.2385, 0.3001, 0.2383, 0.2703, 0.3262, 0.2769, 0.2868,
        0.2297, 0.3018, 0.4845, 0.3078, 0.3215, 0.3129, 0.3554, 0.2901],
       device='cuda:0')), ('layer4.1.bn2.running_mean', tensor([ 4.6497e-03, -3.2785e-02, -6.1104e-02, -3.1839e-02, -5.3188e-02,
        -2.5757e-02, -1.1553e-03, -3.3586e-02,  4.1616e-02, -1.8525e-02,
        -2.9720e-02,  3.2447e-02, -2.2435e-02,  2.2921e-02, -3.7517e-02,
        -4.0643e-02, -1.5528e-02, -7.5343e-02,  2.5862e-05, -2.4223e-02,
         2.6319e-02, -5.4747e-02, -6.0701e-02, -1.0659e-02, -3.1883e-03,
        -2.1424e-02, -2.6034e-02, -2.5018e-02, -3.7462e-02, -3.3403e-02,
         4.9002e-03,  3.0665e-02, -4.0028e-02, -1.3765e-02,  3.9056e-03,
        -3.7851e-02, -2.2944e-02, -3.3776e-02,  5.5648e-03, -1.5466e-02,
        -5.5073e-02, -8.2695e-03, -6.7681e-02, -1.5086e-02, -4.1829e-02,
        -3.9014e-02,  2.5580e-03,  5.1819e-02, -8.8398e-03, -3.5198e-02,
        -2.0976e-02, -1.2455e-02,  9.5708e-04, -3.7983e-02, -6.1346e-03,
        -1.1317e-02, -1.6354e-02, -4.1025e-03, -3.9091e-03, -2.4063e-02,
        -3.3278e-02, -3.6846e-02, -4.6197e-02, -3.9928e-02,  4.3127e-03,
        -3.1825e-02,  9.4761e-03, -3.3663e-02, -3.5235e-02, -3.0906e-02,
        -2.7305e-02, -3.8077e-02,  3.3545e-03, -2.8676e-02, -4.9241e-02,
         2.0913e-03, -4.5061e-02,  8.9049e-03, -1.5388e-02, -2.6730e-02,
        -9.4495e-03,  4.4357e-02, -3.9238e-02,  5.4138e-02, -3.6208e-02,
        -2.2551e-02, -3.7612e-02, -4.3187e-03, -3.6017e-02,  6.3418e-02,
        -1.8971e-02, -2.7891e-02,  3.2283e-03, -2.7973e-02, -1.3025e-02,
        -4.7190e-02,  2.5892e-02, -4.8560e-02, -2.4095e-02,  1.5355e-02,
        -2.8195e-02, -1.2265e-02, -5.4634e-02,  2.0368e-02, -2.3639e-02,
        -2.0987e-02, -3.0007e-02, -3.9908e-02, -3.3916e-02, -3.8363e-02,
         1.5642e-03, -5.3649e-02, -5.8456e-03, -4.8465e-02, -4.3772e-02,
        -2.9311e-02, -3.7792e-02,  2.9137e-02, -3.1928e-02, -3.4391e-02,
        -5.8862e-03, -1.4885e-02, -3.7298e-02, -3.2917e-04,  9.0971e-03,
        -3.6824e-02,  9.1029e-03, -2.5971e-02, -4.9077e-02, -6.1204e-02,
        -8.7563e-02, -2.0398e-02, -5.9456e-02, -1.8784e-02, -5.0616e-02,
        -1.9181e-02, -2.4305e-02, -2.8820e-02, -5.4402e-02, -2.0036e-02,
         3.9832e-03, -4.9345e-02, -2.6753e-02, -7.1320e-02, -3.2947e-02,
        -2.8273e-02, -3.9943e-02,  5.9909e-02, -3.7200e-02, -8.1823e-02,
        -3.7861e-02, -2.6635e-02,  4.9594e-03, -1.0665e-02, -4.4172e-02,
        -5.4019e-02, -9.6711e-03,  8.1274e-03, -1.4373e-02, -1.7069e-03,
        -4.7099e-02, -1.6398e-02, -5.5521e-02,  6.2486e-02, -5.5232e-02,
         1.5088e-02, -4.9872e-03, -2.9879e-02, -2.7563e-02, -2.6641e-02,
        -3.9359e-02, -1.9106e-02,  4.2383e-02,  5.6765e-03, -2.5723e-02,
         7.8022e-03, -2.6059e-02, -2.2979e-02, -1.4066e-02, -3.0293e-02,
         1.8520e-02, -2.4462e-03, -3.1415e-02, -5.3275e-02,  3.1951e-02,
        -1.9614e-02, -2.8349e-02, -7.0426e-02,  1.7752e-02, -8.1243e-02,
        -2.9709e-02,  1.3669e-02,  4.5823e-02, -3.1143e-02, -6.1435e-02,
        -3.9826e-03, -3.6080e-02,  7.6166e-03,  4.2793e-02, -1.4172e-02,
        -3.1634e-02, -4.3237e-02, -3.5064e-02, -6.4666e-02,  2.1972e-03,
        -3.6591e-02, -2.2799e-03,  5.5519e-03, -4.0134e-02, -5.3544e-02,
         3.2874e-03,  2.1685e-02, -2.9092e-02, -3.2502e-02, -1.6439e-02,
        -2.1720e-02, -4.8786e-02,  1.6397e-02, -3.8074e-02, -8.4041e-02,
        -2.6069e-02, -3.2692e-02, -5.2484e-03,  2.4899e-02,  2.9276e-02,
        -7.7824e-02, -2.7440e-03, -8.6038e-02,  1.7170e-02, -1.0866e-01,
        -1.4435e-02, -1.0998e-02,  2.1890e-02,  5.4636e-02, -2.1627e-02,
         1.1662e-02, -1.2006e-02, -3.2058e-02, -1.9567e-02,  4.8953e-03,
        -1.6415e-02, -2.3438e-02, -2.9019e-02, -9.3606e-03,  1.0179e-02,
        -3.1948e-02, -5.6612e-02, -3.2243e-02, -9.7917e-03, -2.5368e-02,
        -3.0674e-02, -2.1040e-02, -2.4306e-02, -1.5256e-02, -1.4357e-02,
        -2.9725e-02, -6.0289e-02,  4.0649e-04, -4.2792e-02,  4.1276e-04,
         6.3595e-03, -2.9372e-02, -1.0992e-02, -2.4888e-02, -8.0242e-02,
         6.1370e-03,  1.5440e-02, -1.9939e-02,  1.8356e-02, -2.6512e-03,
        -2.9426e-02, -3.3257e-02, -1.7534e-02,  1.7027e-02, -4.4312e-02,
         9.3648e-03, -3.2657e-02,  1.8463e-02, -1.2700e-02,  8.9163e-04,
         1.4795e-02, -5.4036e-03, -5.6075e-03,  1.2914e-03, -3.1091e-02,
         6.6674e-03, -3.7384e-02, -1.5210e-02, -4.6261e-02, -2.0228e-02,
        -5.9196e-02, -3.8793e-02,  6.1974e-02,  1.4632e-04,  1.6567e-02,
         1.3148e-02, -1.9915e-02, -2.6085e-02, -2.3932e-02, -3.0630e-02,
        -1.0188e-02, -5.4824e-02, -3.1104e-02,  1.4654e-02, -2.5390e-03,
        -2.3274e-03, -2.3475e-02, -4.0447e-03, -3.2994e-02, -8.7223e-03,
        -3.3031e-02,  2.8680e-02, -2.0647e-02, -2.6688e-02, -6.3852e-03,
        -6.9247e-03, -1.0268e-03, -5.2159e-03,  4.7770e-03, -8.4557e-03,
         5.1093e-03, -4.6989e-02, -1.0136e-02, -2.3849e-02, -3.0645e-02,
        -4.3854e-03,  1.1159e-02, -3.8453e-02, -1.2343e-03, -1.6428e-02,
        -2.6586e-02,  3.4862e-02, -9.3103e-04, -2.7146e-03, -5.3223e-02,
        -5.9634e-03,  2.5451e-02, -3.9589e-02, -6.5483e-03,  7.8131e-03,
        -3.6813e-02, -2.5117e-02, -7.9029e-02,  3.4751e-03,  2.3850e-04,
        -3.2234e-02, -3.0299e-02,  1.4897e-02, -4.4502e-02, -3.2185e-02,
         1.1400e-02, -1.1225e-02, -1.5225e-02, -4.8004e-02, -4.0799e-02,
        -1.8295e-02,  3.4375e-02,  2.2363e-02, -4.3959e-02, -4.8587e-02,
        -1.1869e-02, -2.2897e-02,  1.8964e-03, -3.5985e-02, -1.0535e-02,
        -1.6145e-02, -2.2930e-03,  5.4478e-03, -2.9996e-02,  1.2951e-02,
        -1.4478e-02, -1.0253e-02, -2.1670e-02, -2.7519e-02, -1.1531e-02,
        -4.7394e-02, -3.6917e-02, -1.8658e-02, -3.4433e-02,  4.3909e-02,
        -4.9546e-02, -4.7501e-03,  5.0271e-02, -1.3256e-02, -2.2739e-02,
        -1.8308e-02,  1.4684e-03,  2.6089e-02, -8.4541e-02, -6.4974e-02,
         3.1481e-04, -4.1500e-03, -5.9296e-02, -2.7617e-02, -3.3386e-02,
        -7.5759e-03, -1.5361e-02,  1.3161e-02, -4.4170e-03, -1.5405e-02,
        -4.0008e-02, -4.4280e-02, -1.9064e-02, -1.5785e-02,  6.4388e-02,
        -9.3102e-03, -5.7281e-03,  2.4223e-02,  9.4455e-03, -3.5984e-02,
        -1.1390e-02, -6.2485e-02,  2.7268e-03, -1.9885e-02, -7.2330e-03,
        -6.5838e-02, -2.2466e-02,  4.9587e-03,  3.2759e-03, -1.5905e-02,
        -3.5995e-02, -4.2516e-02, -4.5385e-02, -2.6057e-02, -1.3974e-03,
         2.2033e-02, -7.5311e-03, -8.3796e-02, -8.5379e-03,  2.1020e-02,
        -4.8834e-02, -1.2922e-02, -4.9521e-02,  1.1237e-03, -6.0244e-02,
        -2.3663e-02, -3.3226e-02, -2.0109e-02, -1.4170e-02, -2.5893e-03,
        -2.0366e-02,  2.8975e-02, -4.2693e-04, -4.0359e-02, -6.5388e-02,
        -3.4784e-02, -1.6953e-02, -2.0124e-02, -3.6638e-02,  2.3891e-02,
         9.8738e-03, -1.1429e-03, -4.5896e-02, -1.3034e-02, -4.6168e-02,
        -4.5324e-02, -7.9835e-03, -4.5943e-02,  1.8900e-02,  1.4836e-02,
         4.5303e-03, -2.8262e-02, -8.5377e-03, -3.8883e-02, -3.4239e-03,
        -2.7349e-02, -1.5401e-05, -2.6154e-02, -3.3151e-02, -5.7296e-02,
        -2.7232e-02, -2.6815e-02, -4.7200e-02, -2.1984e-02, -2.0215e-02,
         2.6180e-03, -2.4801e-02, -1.1726e-02, -7.4496e-03, -1.6679e-02,
        -2.7428e-02, -3.2414e-02, -3.8570e-02, -1.4560e-02,  1.5235e-02,
         1.4308e-02, -4.7198e-02, -1.7157e-03, -8.8029e-02, -7.7121e-02,
        -5.0158e-02, -3.0374e-02,  3.5364e-03, -2.0116e-02, -2.1459e-02,
         3.2779e-02, -1.8877e-02, -2.8161e-02, -3.1029e-02, -5.9098e-02,
        -5.0716e-02, -3.3330e-02, -4.7077e-02, -4.1633e-03, -8.6260e-02,
        -2.2301e-03,  4.5423e-03, -4.5158e-02,  9.1482e-03, -2.7880e-02,
        -3.6668e-02, -1.7511e-02], device='cuda:0')), ('layer4.1.bn2.running_var', tensor([0.0220, 0.0209, 0.0176, 0.0150, 0.0229, 0.0189, 0.0227, 0.0242, 0.0173,
        0.0316, 0.0209, 0.0228, 0.0230, 0.0151, 0.0193, 0.0182, 0.0136, 0.0243,
        0.0217, 0.0212, 0.0236, 0.0223, 0.0164, 0.0185, 0.0193, 0.0309, 0.0201,
        0.0198, 0.0344, 0.0261, 0.0192, 0.0396, 0.0188, 0.0215, 0.0326, 0.0350,
        0.0164, 0.0203, 0.0175, 0.0152, 0.0180, 0.0153, 0.0234, 0.0164, 0.0184,
        0.0177, 0.0261, 0.0248, 0.0212, 0.0287, 0.0175, 0.0272, 0.0194, 0.0129,
        0.0143, 0.0247, 0.0231, 0.0202, 0.0283, 0.0244, 0.0310, 0.0233, 0.0200,
        0.0207, 0.0236, 0.0240, 0.0154, 0.0251, 0.0253, 0.0254, 0.0191, 0.0176,
        0.0184, 0.0187, 0.0158, 0.0243, 0.0178, 0.0192, 0.0261, 0.0157, 0.0218,
        0.0227, 0.0142, 0.0240, 0.0149, 0.0222, 0.0281, 0.0266, 0.0206, 0.0310,
        0.0187, 0.0185, 0.0325, 0.0180, 0.0174, 0.0249, 0.0217, 0.0198, 0.0349,
        0.0197, 0.0260, 0.0216, 0.0219, 0.0174, 0.0132, 0.0125, 0.0210, 0.0200,
        0.0235, 0.0134, 0.0262, 0.0175, 0.0205, 0.0157, 0.0209, 0.0207, 0.0165,
        0.0240, 0.0205, 0.0197, 0.0210, 0.0191, 0.0208, 0.0126, 0.0229, 0.0207,
        0.0234, 0.0315, 0.0180, 0.0280, 0.0264, 0.0142, 0.0152, 0.0212, 0.0240,
        0.0301, 0.0358, 0.0137, 0.0329, 0.0149, 0.0178, 0.0194, 0.0204, 0.0207,
        0.0188, 0.0183, 0.0311, 0.0176, 0.0284, 0.0172, 0.0195, 0.0175, 0.0239,
        0.0210, 0.0147, 0.0186, 0.0336, 0.0206, 0.0245, 0.0249, 0.0201, 0.0230,
        0.0385, 0.0563, 0.0226, 0.0211, 0.0194, 0.0290, 0.0223, 0.0156, 0.0159,
        0.0214, 0.0355, 0.0356, 0.0177, 0.0153, 0.0188, 0.0207, 0.0185, 0.0256,
        0.0308, 0.0169, 0.0247, 0.0167, 0.0208, 0.0240, 0.0258, 0.0303, 0.0225,
        0.0197, 0.0187, 0.0169, 0.0265, 0.0177, 0.0168, 0.0175, 0.0170, 0.0167,
        0.0152, 0.0186, 0.0146, 0.0174, 0.0188, 0.0128, 0.0241, 0.0227, 0.0244,
        0.0221, 0.0152, 0.0222, 0.0247, 0.0149, 0.0306, 0.0174, 0.0287, 0.0261,
        0.0202, 0.0454, 0.0153, 0.0288, 0.0249, 0.0155, 0.0239, 0.0222, 0.0166,
        0.0206, 0.0168, 0.0163, 0.0209, 0.0166, 0.0212, 0.0176, 0.0235, 0.0205,
        0.0160, 0.0147, 0.0167, 0.0255, 0.0149, 0.0293, 0.0159, 0.0243, 0.0513,
        0.0136, 0.0209, 0.0281, 0.0260, 0.0135, 0.0150, 0.0199, 0.0167, 0.0271,
        0.0146, 0.0197, 0.0229, 0.0197, 0.0267, 0.0257, 0.0248, 0.0208, 0.0244,
        0.0224, 0.0240, 0.0266, 0.0261, 0.0212, 0.0261, 0.0173, 0.0198, 0.0185,
        0.0158, 0.0342, 0.0181, 0.0144, 0.0366, 0.0184, 0.0167, 0.0172, 0.0283,
        0.0248, 0.0278, 0.0181, 0.0372, 0.0267, 0.0192, 0.0280, 0.0201, 0.0168,
        0.0235, 0.0263, 0.0161, 0.0141, 0.0282, 0.0428, 0.0174, 0.0322, 0.0238,
        0.0187, 0.0243, 0.0173, 0.0198, 0.0289, 0.0205, 0.0138, 0.0182, 0.0283,
        0.0204, 0.0214, 0.0162, 0.0332, 0.0164, 0.0214, 0.0197, 0.0285, 0.0270,
        0.0201, 0.0297, 0.0208, 0.0235, 0.0200, 0.0188, 0.0144, 0.0195, 0.0247,
        0.0205, 0.0209, 0.0247, 0.0179, 0.0173, 0.0373, 0.0171, 0.0263, 0.0171,
        0.0240, 0.0207, 0.0206, 0.0225, 0.0181, 0.0205, 0.0185, 0.0185, 0.0133,
        0.0154, 0.0166, 0.0210, 0.0336, 0.0311, 0.0165, 0.0220, 0.0219, 0.0297,
        0.0207, 0.0229, 0.0180, 0.0241, 0.0174, 0.0284, 0.0208, 0.0259, 0.0219,
        0.0208, 0.0161, 0.0351, 0.0167, 0.0265, 0.0179, 0.0180, 0.0177, 0.0200,
        0.0271, 0.0143, 0.0326, 0.0258, 0.0159, 0.0159, 0.0283, 0.0205, 0.0184,
        0.0351, 0.0196, 0.0143, 0.0194, 0.0218, 0.0185, 0.0252, 0.0241, 0.0171,
        0.0213, 0.0148, 0.0223, 0.0246, 0.0300, 0.0235, 0.0170, 0.0181, 0.0215,
        0.0167, 0.0135, 0.0364, 0.0352, 0.0201, 0.0191, 0.0310, 0.0247, 0.0173,
        0.0198, 0.0259, 0.0301, 0.0164, 0.0165, 0.0203, 0.0288, 0.0166, 0.0187,
        0.0211, 0.0257, 0.0174, 0.0215, 0.0326, 0.0168, 0.0211, 0.0168, 0.0155,
        0.0185, 0.0190, 0.0350, 0.0175, 0.0206, 0.0193, 0.0391, 0.0190, 0.0223,
        0.0285, 0.0269, 0.0225, 0.0261, 0.0196, 0.0180, 0.0216, 0.0183, 0.0206,
        0.0219, 0.0199, 0.0176, 0.0167, 0.0342, 0.0224, 0.0187, 0.0246, 0.0184,
        0.0239, 0.0212, 0.0211, 0.0197, 0.0282, 0.0229, 0.0182, 0.0241, 0.0184,
        0.0211, 0.0271, 0.0162, 0.0282, 0.0171, 0.0210, 0.0220, 0.0137, 0.0248,
        0.0219, 0.0202, 0.0190, 0.0172, 0.0177, 0.0325, 0.0309, 0.0298, 0.0141,
        0.0192, 0.0258, 0.0141, 0.0211, 0.0174, 0.0193, 0.0254, 0.0179, 0.0323,
        0.0157, 0.0166, 0.0212, 0.0214, 0.0199, 0.0191, 0.0402, 0.0253, 0.0209,
        0.0229, 0.0188, 0.0305, 0.0150, 0.0171, 0.0169, 0.0138, 0.0198, 0.0140,
        0.0166, 0.0208, 0.0219, 0.0217, 0.0161, 0.0147, 0.0223, 0.0207],
       device='cuda:0')), ('layer4.1.bn2.num_batches_tracked', tensor(575, device='cuda:0')), ('fc.weight', tensor([[-0.0632,  0.0407, -0.0008,  ...,  0.0622, -0.0889, -0.0234],
        [-0.0494, -0.0561,  0.0103,  ...,  0.0418,  0.0350, -0.0136],
        [-0.0412, -0.0828,  0.0399,  ...,  0.0158,  0.0273, -0.0467],
        ...,
        [ 0.0340, -0.0429,  0.0391,  ..., -0.0365,  0.0206, -0.0019],
        [ 0.0331, -0.0190, -0.0788,  ..., -0.0328, -0.0293, -0.0291],
        [ 0.0689, -0.0741, -0.0419,  ..., -0.0608, -0.0737, -0.0313]],
       device='cuda:0')), ('fc.bias', tensor([-0.0400,  0.0258,  0.0134, -0.0060,  0.0212,  0.0099,  0.0075,  0.0243,
        -0.0372,  0.0160, -0.0119,  0.0295,  0.0365,  0.0113,  0.0226, -0.0381,
        -0.0261, -0.0212, -0.0049,  0.0209, -0.0131, -0.0062, -0.0380, -0.0322,
         0.0075,  0.0265,  0.0395, -0.0364, -0.0114,  0.0115, -0.0096, -0.0444,
         0.0351,  0.0023,  0.0260,  0.0183,  0.0050], device='cuda:0'))])"
0.0001,0.005,10,0.8563641319160534,"OrderedDict([('conv1.weight', tensor([[[[-1.1200e-02, -6.3994e-03, -1.6105e-03,  ...,  5.6676e-02,
            1.6782e-02, -1.2873e-02],
          [ 1.0198e-02,  9.0171e-03, -1.1012e-01,  ..., -2.7090e-01,
           -1.2913e-01,  3.7702e-03],
          [-8.4999e-03,  5.7749e-02,  2.9488e-01,  ...,  5.2025e-01,
            2.5654e-01,  6.3799e-02],
          ...,
          [-2.9562e-02,  1.4320e-02,  7.1824e-02,  ..., -3.3266e-01,
           -4.2022e-01, -2.5722e-01],
          [ 2.8598e-02,  3.9630e-02,  6.2136e-02,  ...,  4.1373e-01,
            3.9361e-01,  1.6635e-01],
          [-1.5666e-02, -4.9671e-03, -2.5090e-02,  ..., -1.5052e-01,
           -8.2201e-02, -5.5217e-03]],

         [[-1.2294e-02, -2.6969e-02, -3.4481e-02,  ...,  3.2641e-02,
            4.9094e-04, -2.5939e-02],
          [ 4.4833e-02,  3.3186e-02, -1.0475e-01,  ..., -3.1237e-01,
           -1.6057e-01, -1.2634e-03],
          [-2.3725e-03,  9.7133e-02,  4.0148e-01,  ...,  7.0839e-01,
            3.6893e-01,  1.2464e-01],
          ...,
          [-5.7765e-02, -6.8120e-03,  2.6430e-02,  ..., -4.6164e-01,
           -5.7062e-01, -3.6505e-01],
          [ 3.1094e-02,  5.4419e-02,  9.9161e-02,  ...,  5.4615e-01,
            4.8249e-01,  1.9867e-01],
          [ 3.7422e-03,  5.5917e-03, -1.8176e-02,  ..., -1.4802e-01,
           -7.7348e-02,  7.4649e-04]],

         [[-2.0416e-03, -8.7779e-03,  2.2108e-02,  ...,  8.9883e-02,
            3.4279e-02, -1.9824e-02],
          [ 1.5125e-02, -1.8597e-02, -1.2596e-01,  ..., -2.5316e-01,
           -1.2957e-01, -2.7790e-02],
          [ 8.8273e-03,  4.7978e-02,  2.1641e-01,  ...,  3.4912e-01,
            1.0457e-01,  1.8644e-02],
          ...,
          [-2.9806e-02,  1.6959e-02,  9.8022e-02,  ..., -1.1788e-01,
           -2.5777e-01, -1.5418e-01],
          [ 1.9270e-02, -3.7312e-03, -3.8263e-02,  ...,  2.4099e-01,
            2.4308e-01,  1.1789e-01],
          [-7.5273e-04, -4.8759e-04, -1.1039e-02,  ..., -1.4863e-01,
           -1.1783e-01, -3.8426e-02]]],


        [[[-2.7151e-03, -3.0415e-03,  4.1521e-03,  ..., -3.6777e-02,
           -2.4800e-02, -4.7854e-02],
          [ 5.3147e-02,  5.4768e-02,  8.1556e-02,  ...,  1.4523e-01,
            1.4306e-01,  1.2314e-01],
          [-5.3359e-03,  3.4597e-03,  3.8618e-02,  ...,  6.2043e-02,
            8.0856e-02,  1.1757e-01],
          ...,
          [-2.5405e-02, -1.2188e-01, -1.3558e-01,  ..., -1.3991e-01,
           -1.1132e-01, -4.9518e-02],
          [ 2.4341e-02, -1.6455e-02, -9.9101e-03,  ..., -1.8049e-02,
           -2.2931e-02, -2.9279e-02],
          [ 2.9720e-02,  2.2721e-02,  4.9052e-02,  ...,  2.6634e-02,
            3.5745e-02,  1.1742e-02]],

         [[ 3.3661e-03,  1.4342e-02,  4.4002e-02,  ...,  4.7918e-02,
            4.1869e-02, -1.3359e-02],
          [ 4.6164e-02,  7.1034e-02,  1.3474e-01,  ...,  2.8751e-01,
            2.7010e-01,  2.1013e-01],
          [-5.4885e-02, -2.0543e-02,  3.2537e-02,  ...,  1.3910e-01,
            1.6686e-01,  1.8061e-01],
          ...,
          [-1.0577e-01, -2.5051e-01, -2.9567e-01,  ..., -2.8333e-01,
           -2.1382e-01, -1.0246e-01],
          [ 4.2606e-02, -3.1075e-02, -6.1160e-02,  ..., -9.0466e-02,
           -6.8616e-02, -4.8935e-02],
          [ 8.4965e-02,  8.9510e-02,  1.0322e-01,  ...,  5.4900e-02,
            6.2238e-02,  4.2325e-02]],

         [[-1.3739e-02, -1.1905e-02,  7.2251e-03,  ...,  4.5427e-02,
            2.4446e-02, -4.4611e-02],
          [ 3.5403e-02,  4.3900e-02,  9.5272e-02,  ...,  2.6306e-01,
            2.3083e-01,  1.6801e-01],
          [-4.3942e-02, -1.4846e-02,  2.8312e-02,  ...,  1.5086e-01,
            1.3356e-01,  1.3705e-01],
          ...,
          [-7.0338e-02, -1.8798e-01, -2.3293e-01,  ..., -1.8911e-01,
           -1.5514e-01, -7.5138e-02],
          [ 5.2578e-02, -2.4788e-02, -6.7689e-02,  ..., -5.7429e-02,
           -6.0424e-02, -4.3470e-02],
          [ 1.1346e-01,  8.0404e-02,  6.7505e-02,  ...,  3.3572e-02,
            2.6391e-02,  8.5610e-03]]],


        [[[-1.1560e-04, -4.6233e-04, -3.0813e-04,  ..., -3.7089e-04,
           -1.5252e-04,  1.6098e-04],
          [-5.2849e-04, -9.1436e-04, -7.5185e-04,  ..., -6.7803e-04,
           -4.0301e-04, -3.5310e-07],
          [-7.2987e-04, -1.0482e-03, -8.5082e-04,  ..., -3.6274e-04,
           -3.6407e-04, -2.6549e-04],
          ...,
          [-2.5096e-04, -8.2160e-04, -6.4982e-04,  ..., -6.6153e-04,
           -1.0102e-03, -8.3864e-04],
          [-2.2831e-04, -7.1537e-04, -6.6711e-04,  ..., -8.8561e-04,
           -9.2342e-04, -5.8744e-04],
          [ 6.6377e-06, -2.8766e-04, -5.6904e-04,  ..., -8.6747e-04,
           -6.1703e-04, -4.1797e-04]],

         [[ 3.9087e-04, -3.0093e-04, -2.0333e-04,  ..., -2.7557e-04,
            2.7408e-05,  4.2287e-04],
          [-6.7139e-04, -1.1049e-03, -7.6270e-04,  ..., -5.1152e-04,
           -3.4759e-04,  6.3015e-05],
          [-9.5495e-04, -1.1574e-03, -6.9917e-04,  ..., -2.5416e-04,
           -3.3617e-04, -2.6731e-04],
          ...,
          [-1.2332e-04, -8.8073e-04, -6.8908e-04,  ..., -6.9756e-04,
           -1.0477e-03, -1.0232e-03],
          [-1.1608e-04, -8.6908e-04, -9.1115e-04,  ..., -1.0590e-03,
           -1.1383e-03, -7.9934e-04],
          [ 1.2701e-04, -4.6067e-04, -8.6673e-04,  ..., -8.7577e-04,
           -8.3985e-04, -6.0449e-04]],

         [[ 4.3883e-04, -1.5654e-04, -6.2115e-05,  ..., -1.1053e-04,
            8.9542e-05,  4.6915e-04],
          [-3.0290e-04, -6.4670e-04, -3.4819e-04,  ..., -2.2619e-04,
           -1.2210e-04,  1.5670e-04],
          [-4.2977e-04, -5.9233e-04, -3.3383e-04,  ...,  4.1643e-05,
           -4.3864e-05, -9.7779e-05],
          ...,
          [ 3.5507e-05, -5.8674e-04, -4.7725e-04,  ..., -4.1867e-04,
           -7.8306e-04, -7.6161e-04],
          [ 4.4588e-05, -6.1874e-04, -7.4119e-04,  ..., -8.0412e-04,
           -9.9026e-04, -6.8120e-04],
          [ 2.4620e-04, -3.3766e-04, -7.3084e-04,  ..., -7.8407e-04,
           -7.6756e-04, -5.5000e-04]]],


        ...,


        [[[-6.0371e-02, -2.7050e-02,  2.2140e-02,  ...,  4.6247e-02,
           -1.9255e-02, -3.9935e-02],
          [-3.6682e-02,  8.4459e-03,  4.8245e-02,  ...,  9.7337e-02,
            6.0462e-02,  3.1055e-02],
          [-2.8549e-02,  3.6432e-03,  2.2441e-02,  ...,  6.0774e-02,
            4.1270e-02,  2.3344e-02],
          ...,
          [ 1.1960e-02,  4.5906e-02,  4.6201e-02,  ...,  4.8561e-02,
            2.1202e-02, -5.5420e-03],
          [-3.1689e-02, -1.1314e-02,  2.3939e-02,  ...,  5.9878e-02,
           -7.6733e-03, -5.9168e-02],
          [-4.3835e-02, -2.8272e-02, -5.3412e-03,  ...,  8.9703e-02,
            8.3634e-03, -5.0290e-02]],

         [[-6.1878e-02, -1.2651e-02,  1.9317e-02,  ...,  1.9822e-02,
           -3.0724e-02, -3.9972e-02],
          [-3.2753e-02,  2.4460e-02,  4.5802e-02,  ...,  6.6164e-02,
            4.6984e-02,  3.3012e-02],
          [-3.4059e-02,  1.8688e-02,  2.2484e-02,  ...,  3.2637e-02,
            3.4283e-02,  2.9558e-02],
          ...,
          [ 1.5273e-02,  5.8189e-02,  4.7141e-02,  ...,  3.5831e-02,
            2.5118e-02,  1.1802e-02],
          [-1.2673e-02,  2.0791e-02,  4.2946e-02,  ...,  5.9996e-02,
            1.4000e-02, -1.3467e-02],
          [-2.5161e-02,  1.0748e-02,  2.9439e-02,  ...,  1.0317e-01,
            3.8145e-02, -7.2165e-03]],

         [[-8.6817e-02, -4.1929e-02,  7.9929e-03,  ...,  3.0880e-02,
           -3.3507e-02, -4.8966e-02],
          [-3.1467e-02,  1.7204e-02,  5.0778e-02,  ...,  8.9072e-02,
            5.3276e-02,  3.9922e-02],
          [-4.2556e-02, -3.4374e-03,  8.4567e-03,  ...,  2.2752e-02,
            2.4821e-02,  2.4171e-02],
          ...,
          [-6.4355e-03,  2.7427e-02,  1.4789e-02,  ...,  3.3015e-03,
           -8.8525e-03, -1.0132e-02],
          [-2.5855e-02, -5.0796e-03,  2.2393e-02,  ...,  3.4543e-02,
           -1.6069e-02, -3.3558e-02],
          [-1.3694e-02,  3.9077e-03,  8.5631e-03,  ...,  6.9317e-02,
            1.1429e-02, -1.0079e-02]]],


        [[[-9.5596e-03,  1.9376e-02,  3.3571e-02,  ...,  2.6951e-02,
            1.1956e-02,  1.8036e-02],
          [ 7.2575e-03, -3.2926e-02, -3.5476e-02,  ...,  7.2221e-02,
            4.6259e-02,  5.3149e-02],
          [-3.7467e-02, -1.1826e-01, -1.3636e-01,  ...,  3.4493e-02,
            3.9119e-02,  2.8289e-02],
          ...,
          [ 1.8221e-02,  4.7522e-03, -6.5753e-03,  ...,  4.6554e-03,
            1.9550e-02,  1.7782e-02],
          [-9.5618e-04,  1.6129e-02,  1.6980e-02,  ...,  3.3966e-03,
            2.3038e-02,  1.1758e-03],
          [ 6.2950e-03,  2.7803e-02,  1.6244e-02,  ...,  7.7305e-03,
            1.8887e-02,  1.5790e-02]],

         [[-1.6472e-02, -2.7522e-03,  6.1749e-03,  ..., -8.7867e-03,
            7.4733e-03,  1.4759e-02],
          [-2.1713e-02, -6.9982e-02, -7.1758e-02,  ...,  2.8813e-02,
            2.6187e-02,  2.4024e-02],
          [-5.7962e-02, -1.4888e-01, -1.6213e-01,  ...,  1.1541e-02,
            3.2941e-02,  1.2666e-02],
          ...,
          [-1.2105e-04, -1.8507e-02, -1.9544e-02,  ..., -3.8959e-03,
            2.4535e-02,  1.3817e-02],
          [-2.3093e-03,  9.3091e-03,  2.2930e-02,  ...,  4.1716e-03,
            3.7701e-02,  9.1751e-03],
          [-8.5957e-03,  6.1707e-03,  6.4169e-03,  ..., -8.9963e-03,
            2.6086e-02,  1.6962e-02]],

         [[-3.5616e-03, -6.8897e-03,  7.7450e-04,  ..., -4.9251e-02,
           -2.6691e-02, -2.3399e-02],
          [-4.4277e-03, -5.3991e-02, -6.0782e-02,  ..., -1.7448e-02,
           -2.2741e-02, -3.6398e-02],
          [-2.7353e-02, -1.0280e-01, -1.1245e-01,  ..., -1.0512e-02,
           -6.7229e-03, -3.9215e-02],
          ...,
          [ 9.7207e-03, -9.7082e-03, -2.2766e-03,  ..., -3.3222e-02,
           -7.7869e-03, -2.1582e-02],
          [ 4.8352e-04, -2.2781e-03,  1.7863e-02,  ..., -2.3846e-02,
            1.4234e-02, -1.3404e-02],
          [-2.0968e-02, -3.0214e-02, -2.1552e-02,  ..., -4.9223e-02,
           -1.2919e-02, -2.3604e-02]]],


        [[[-3.6350e-02,  7.2960e-03,  1.9192e-02,  ...,  1.9381e-02,
            1.4618e-02, -1.7359e-02],
          [-1.0863e-02,  8.6093e-02,  1.2721e-01,  ...,  1.3903e-02,
            2.3869e-04, -2.9865e-02],
          [ 1.1375e-01,  1.8713e-01,  5.1553e-02,  ..., -1.7263e-01,
           -7.1458e-02, -6.2275e-02],
          ...,
          [-5.2079e-02, -2.5651e-01, -2.6613e-01,  ...,  2.6867e-01,
            1.4411e-01,  5.5613e-02],
          [-2.0519e-02, -2.9208e-02,  1.0346e-01,  ...,  2.0901e-01,
           -3.6228e-03, -3.7543e-02],
          [-2.1180e-02,  1.3308e-02,  8.5287e-02,  ..., -4.4636e-02,
           -1.4628e-01, -9.0571e-02]],

         [[-4.5968e-03,  3.3828e-02,  1.6516e-02,  ..., -7.2675e-03,
            3.2329e-03,  1.4165e-03],
          [ 6.2839e-02,  1.5030e-01,  1.4793e-01,  ..., -2.7911e-02,
           -1.9273e-02, -8.3263e-03],
          [ 1.6290e-01,  2.1027e-01, -2.3904e-02,  ..., -2.7125e-01,
           -1.0587e-01, -6.2034e-02],
          ...,
          [-1.3520e-01, -4.0665e-01, -3.8336e-01,  ...,  4.1027e-01,
            2.6363e-01,  1.3612e-01],
          [-5.7993e-02, -5.9702e-02,  1.4371e-01,  ...,  3.5904e-01,
            9.2023e-02, -7.4475e-04],
          [ 9.7278e-03,  6.0184e-02,  1.5522e-01,  ...,  4.8031e-02,
           -9.9875e-02, -9.7405e-02]],

         [[-5.8425e-03,  1.3445e-02, -2.6411e-02,  ...,  4.1144e-03,
            1.3324e-03,  1.3241e-02],
          [ 6.9472e-03,  4.5760e-02,  6.0907e-02,  ...,  1.4537e-02,
           -4.8692e-03,  4.1473e-03],
          [ 5.5792e-02,  1.2456e-01,  4.3797e-02,  ..., -1.4415e-01,
           -7.3818e-02, -5.7793e-02],
          ...,
          [-3.1123e-02, -1.6275e-01, -1.5720e-01,  ...,  2.2995e-01,
            1.2070e-01,  7.1969e-02],
          [-1.0707e-02, -9.5443e-04,  8.5191e-02,  ...,  1.5789e-01,
            2.2195e-02, -1.0316e-02],
          [-4.1541e-03, -4.3471e-03,  3.7194e-02,  ..., -2.4233e-02,
           -7.1304e-02, -6.7515e-02]]]], device='cuda:0')), ('bn1.weight', tensor([ 2.3303e-01,  2.6917e-01, -1.6277e-04,  5.1690e-01, -9.1595e-05,
         2.2413e-01,  4.2171e-01, -1.4260e-03,  2.5365e-01,  2.1126e-03,
         3.1946e-01,  2.4978e-01,  3.7932e-01,  4.0971e-04,  2.7426e-01,
         2.3683e-01,  2.4282e-01,  3.9295e-01,  4.7063e-01,  2.8972e-01,
         2.7205e-01,  2.7858e-01,  2.9298e-01,  2.0780e-01,  2.5740e-01,
         2.8043e-01,  2.9193e-01,  3.1708e-01,  3.8915e-01,  3.0679e-01,
         2.6980e-01,  2.1056e-01,  2.8671e-01,  3.2924e-01,  4.2611e-01,
         3.7340e-01,  4.3106e-05,  1.8833e-01,  1.7394e-04,  2.2290e-01,
         1.8237e-01,  2.4741e-01,  2.7474e-01,  2.6086e-01,  2.9389e-01,
         2.9693e-01,  2.2523e-01,  2.6237e-01, -4.4675e-05,  2.6397e-01,
         2.2258e-01,  2.8476e-01,  3.2512e-01,  2.2594e-01,  3.6553e-01,
         2.1405e-01,  2.3952e-01,  2.5023e-01,  5.2311e-01,  2.4543e-01,
         2.9514e-01,  2.6079e-01,  4.8317e-01,  2.6664e-01], device='cuda:0')), ('bn1.bias', tensor([ 2.3235e-01,  2.5202e-01, -6.0433e-04, -6.6576e-01, -5.7914e-04,
         1.6164e-01,  4.5571e-01,  4.1486e-03,  3.0192e-01,  1.0099e-03,
         3.5395e-01,  3.1253e-01, -2.4841e-01, -1.2896e-03,  1.0694e-01,
         2.1998e-01,  3.7940e-01, -5.3180e-01, -6.2667e-01,  5.7346e-01,
         2.9837e-01,  5.8667e-01,  4.8475e-01,  3.3050e-01,  1.9879e-01,
         2.0077e-01,  1.4944e-01,  8.0227e-02,  5.1582e-01,  1.9474e-02,
         1.6462e-01,  3.3097e-01,  2.4589e-01,  4.4575e-01, -2.7931e-01,
        -2.2204e-02, -4.4767e-04,  3.2001e-01, -7.7109e-04,  2.3883e-01,
         2.3376e-01,  3.1382e-01,  4.3057e-01,  2.9380e-01,  2.6281e-01,
         6.7596e-01,  4.2962e-01,  3.4477e-01, -8.7682e-04,  2.4570e-01,
         3.0181e-01,  6.1664e-01,  3.9760e-01,  3.3091e-01, -4.1199e-01,
         3.7524e-01,  1.7964e-01,  2.5796e-01, -4.4997e-01,  2.1104e-01,
         5.6879e-01,  5.6956e-01, -4.0205e-01,  2.3496e-01], device='cuda:0')), ('bn1.running_mean', tensor([-2.5920e-03,  2.0831e-02,  3.0907e-03,  3.2605e-02,  3.1351e-03,
         4.1791e-03,  4.3461e-03,  1.0409e-02,  9.6161e-03,  1.0690e-02,
        -3.7471e-02, -3.5263e-02,  8.0245e-02,  1.3582e-03, -4.4479e-03,
        -1.2879e-02,  1.4238e-02, -5.3840e-02, -7.0569e-02,  9.8310e-02,
         3.5714e-02, -1.0489e-01,  7.1331e-02,  5.2630e-03, -1.0880e-03,
        -4.8826e-02,  1.1618e-02, -1.5039e-01,  1.5893e-01,  3.5407e-02,
        -4.3608e-03, -3.1825e-02, -1.1268e-01, -1.0029e-01, -3.8296e-02,
         1.5022e-01,  8.4269e-05, -4.9297e-02, -4.1216e-04,  3.6930e-04,
        -1.6278e-03, -2.0961e-02,  2.8941e-02, -3.5501e-02, -3.6814e-02,
        -3.5630e-02, -6.3704e-02, -2.9316e-02, -1.3730e-03,  8.2429e-03,
        -9.0032e-04,  4.7931e-02,  3.2359e-02, -2.2917e-02,  9.6718e-02,
         1.6104e-02,  1.5389e-02, -5.6710e-02,  8.0531e-02, -3.5762e-03,
         6.0726e-02, -1.3690e-01,  1.1917e-01,  6.4957e-03], device='cuda:0')), ('bn1.running_var', tensor([6.5853e-01, 2.5343e+00, 5.3168e-03, 2.4169e+00, 4.8302e-03, 5.0388e-01,
        2.6921e+00, 3.8861e-02, 7.1085e-01, 4.2855e-02, 2.7320e+00, 2.2467e+00,
        2.6117e+00, 1.3084e-03, 1.1153e+01, 3.4389e-01, 1.4705e+00, 5.5229e+00,
        1.6322e+00, 8.6615e+00, 3.2550e+00, 5.7431e+00, 4.4682e+00, 2.2973e-01,
        3.0200e-01, 7.1699e+00, 1.0841e+01, 3.3061e+00, 4.3365e+00, 8.6190e-01,
        9.7529e-01, 1.1041e+00, 2.8455e+00, 2.3738e+00, 5.1112e+00, 4.9072e+00,
        1.5931e-05, 1.5635e+00, 5.4223e-05, 2.4120e-01, 1.2738e-01, 1.0884e+00,
        1.2703e+00, 1.8224e+00, 2.2152e+00, 4.0092e+00, 1.9440e+00, 1.1498e+00,
        6.1663e-04, 1.0229e+00, 2.7506e-01, 2.1509e+00, 3.2262e+00, 6.2171e-01,
        3.1716e+00, 4.5303e-01, 2.0291e+00, 5.2761e+00, 4.6641e+00, 7.5788e-01,
        2.9295e+00, 1.0503e+01, 4.5708e+00, 1.1136e+00], device='cuda:0')), ('bn1.num_batches_tracked', tensor(460, device='cuda:0')), ('layer1.0.conv1.weight', tensor([[[[ 5.9032e-02, -9.3407e-02, -1.7711e-02],
          [-7.3057e-02, -7.9798e-01, -2.0985e-01],
          [ 6.5824e-02, -9.4768e-02, -8.3287e-03]],

         [[-5.8811e-03,  1.5605e-02,  2.9182e-03],
          [ 4.0878e-02, -1.6120e-01, -2.2033e-02],
          [ 2.2085e-03,  7.6849e-03,  7.1769e-02]],

         [[ 1.1202e-04,  3.1240e-05, -8.8955e-05],
          [ 1.1550e-04,  6.8908e-05, -3.3031e-05],
          [ 1.5295e-05,  4.7566e-05, -6.3358e-05]],

         ...,

         [[-3.5011e-02,  1.9574e-02, -2.9225e-02],
          [-9.7051e-02, -4.3419e-02, -5.3126e-02],
          [-7.8255e-02,  2.8814e-02,  3.6354e-03]],

         [[ 1.5971e-02,  1.4331e-02,  1.0498e-02],
          [ 1.2939e-02,  4.1112e-04, -2.0082e-02],
          [ 1.0780e-02,  3.6568e-02, -2.1276e-02]],

         [[-1.9620e-02, -2.2556e-02, -2.0709e-02],
          [ 6.2187e-02, -9.6154e-02,  2.5913e-02],
          [-1.5644e-02,  9.0540e-02,  5.6601e-03]]],


        [[[ 2.1563e-02,  4.1942e-02, -1.6113e-02],
          [-2.9659e-02,  5.8748e-02,  2.8595e-02],
          [ 1.5381e-03,  4.8770e-02,  9.8717e-03]],

         [[ 2.8035e-02,  5.6871e-02,  5.4908e-02],
          [-2.5959e-02, -1.9740e-01, -5.3836e-02],
          [ 5.5238e-02,  7.5281e-02,  2.1461e-02]],

         [[-1.0527e-04, -9.5069e-05, -4.1520e-05],
          [-5.8536e-05, -3.9472e-05,  5.2698e-06],
          [-9.3848e-05, -1.4970e-04, -1.2734e-04]],

         ...,

         [[-1.2915e-01,  4.2049e-02, -6.7027e-02],
          [-6.2258e-02,  1.5882e-01, -8.0091e-03],
          [-9.5875e-02,  4.9519e-02, -7.8581e-02]],

         [[-3.0261e-02,  2.6893e-03, -8.5245e-03],
          [ 1.8926e-02, -5.6047e-02, -2.7144e-02],
          [ 1.5824e-02, -2.8627e-02, -8.8415e-04]],

         [[-4.7262e-03,  3.6020e-02,  4.9640e-03],
          [ 5.3444e-02, -1.0777e-02,  3.3509e-02],
          [ 4.5163e-04,  1.7602e-02,  1.2982e-01]]],


        [[[-3.6730e-02,  7.4993e-03,  2.1794e-02],
          [ 1.4441e-02, -2.4839e-02,  2.1235e-03],
          [-1.1143e-03,  2.8799e-02,  6.1803e-06]],

         [[-2.5981e-02, -3.9402e-03, -4.8078e-03],
          [-1.3060e-02,  1.1188e-03,  2.1103e-02],
          [ 3.0658e-03, -4.7782e-02, -7.4388e-02]],

         [[-3.3348e-05, -7.0949e-05, -2.1610e-04],
          [-3.5277e-05, -7.7513e-05, -1.9451e-04],
          [-8.4080e-05, -1.2934e-04, -2.0368e-04]],

         ...,

         [[-1.5089e-03, -2.5391e-02, -4.2047e-02],
          [ 2.4468e-02, -2.7904e-02, -3.5451e-02],
          [-9.1210e-04, -2.4313e-02, -1.9551e-02]],

         [[ 2.2255e-02,  7.5974e-04, -2.6442e-02],
          [ 2.4341e-02, -8.8214e-03, -2.8546e-03],
          [-2.5813e-03, -2.6456e-02, -1.4816e-02]],

         [[-1.8724e-02,  2.7907e-02, -2.0969e-02],
          [ 6.2756e-02, -3.9448e-02, -4.6710e-03],
          [-2.9074e-02,  1.0179e-02, -2.2590e-03]]],


        ...,


        [[[ 2.0884e-03, -8.1594e-03, -6.4457e-02],
          [ 1.1861e-02, -2.2030e-02, -4.3400e-02],
          [ 2.6231e-02,  1.6384e-02, -1.2457e-02]],

         [[ 4.5894e-02, -2.6193e-02, -2.9960e-02],
          [ 6.9241e-02,  4.5011e-03, -1.0733e-01],
          [ 1.6167e-02,  4.4757e-02,  7.7141e-03]],

         [[-2.2734e-04, -2.0401e-04, -1.9861e-04],
          [-1.8419e-04, -1.4449e-04, -1.2484e-04],
          [-1.4796e-04, -1.0911e-04, -6.7582e-05]],

         ...,

         [[ 3.4787e-03,  4.7699e-02, -8.0556e-03],
          [-6.3826e-03,  6.0972e-02,  7.3583e-03],
          [-1.9797e-02,  4.4674e-02,  6.2152e-03]],

         [[-3.6603e-03, -1.1337e-02, -1.2341e-02],
          [ 1.5844e-03,  2.0146e-03, -1.7038e-02],
          [-6.0776e-03, -5.5508e-04, -2.4701e-02]],

         [[ 1.9164e-02,  4.6222e-02, -2.5870e-02],
          [ 2.4694e-02,  4.6797e-02,  2.2434e-02],
          [ 2.0195e-02,  5.9138e-02,  1.4828e-02]]],


        [[[-2.8476e-02,  1.2144e-03, -1.9053e-02],
          [-2.1050e-02,  2.2339e-02, -3.9184e-02],
          [-7.0510e-03, -1.6279e-03, -2.2911e-02]],

         [[-4.7440e-02, -2.9263e-03, -1.7131e-02],
          [-9.7959e-03,  5.6421e-02,  1.0135e-02],
          [-2.1124e-02, -2.7456e-02, -6.6954e-02]],

         [[ 1.4380e-05,  1.7196e-06,  3.4941e-05],
          [ 4.8046e-06,  8.0217e-06,  3.0087e-05],
          [-7.9851e-06, -6.7116e-06,  8.3412e-06]],

         ...,

         [[ 1.6949e-03,  2.5605e-02, -1.2135e-02],
          [ 5.3616e-03,  3.6127e-02, -3.2850e-02],
          [ 4.0472e-02,  3.0727e-02,  2.4732e-03]],

         [[-6.6528e-03,  1.6215e-02,  2.0834e-02],
          [-1.1652e-02,  2.2131e-02,  1.3363e-02],
          [-8.3545e-03,  1.3565e-03, -3.7625e-03]],

         [[-1.9621e-03,  7.1830e-02, -7.5929e-03],
          [-4.0425e-02,  8.0243e-02, -2.6706e-02],
          [ 5.3848e-03, -5.6224e-02, -8.2024e-02]]],


        [[[ 5.2239e-02,  3.8760e-03, -3.4810e-02],
          [ 2.9714e-02,  1.4589e-02,  1.5323e-02],
          [ 1.4564e-02,  2.3804e-02, -3.4548e-03]],

         [[-2.5175e-02,  7.9235e-03, -6.2819e-02],
          [-1.8007e-02,  5.3622e-02, -6.6991e-02],
          [-2.7100e-02, -3.0013e-04,  3.1398e-02]],

         [[-1.9774e-04, -1.2775e-04, -1.3128e-04],
          [-2.9288e-04, -1.8093e-04, -1.9751e-04],
          [-2.7188e-04, -1.3177e-04, -1.8612e-04]],

         ...,

         [[ 6.5238e-03, -4.2629e-02, -1.1696e-02],
          [ 2.7409e-02, -6.4054e-02,  1.2540e-02],
          [ 3.1128e-02, -7.3888e-03,  1.3835e-02]],

         [[-4.6603e-03,  2.0790e-02, -2.0555e-02],
          [-6.1565e-02,  4.1829e-02,  2.4732e-02],
          [-2.1443e-02,  2.1133e-02,  2.2143e-02]],

         [[ 3.5402e-02, -6.9806e-02,  4.6099e-03],
          [-3.1118e-02,  9.2384e-02,  1.9768e-02],
          [-2.9718e-02, -9.7245e-03, -7.4102e-02]]]], device='cuda:0')), ('layer1.0.bn1.weight', tensor([0.3094, 0.2163, 0.2392, 0.4290, 0.5125, 0.2182, 0.2223, 0.2287, 0.2614,
        0.2682, 0.2155, 0.4618, 0.2616, 0.2295, 0.3913, 0.2379, 0.2674, 0.3642,
        0.3477, 0.2515, 0.3266, 0.5321, 0.6414, 0.2258, 0.4452, 0.3097, 0.2610,
        0.4611, 0.2174, 0.2891, 0.3430, 0.4428, 0.4449, 0.4502, 0.5547, 0.5089,
        0.2552, 0.2630, 0.5657, 0.6422, 0.2218, 0.1995, 0.2448, 0.2230, 0.2165,
        0.1972, 0.6358, 0.3115, 0.5038, 0.2440, 0.3043, 0.3766, 0.3819, 0.4274,
        0.2973, 0.3318, 0.2588, 0.3321, 0.1996, 0.4342, 0.1692, 0.5126, 0.2616,
        0.3258], device='cuda:0')), ('layer1.0.bn1.bias', tensor([ 0.1669,  0.2443,  0.1749, -0.0425, -0.2058,  0.1630,  0.2932,  0.0884,
         0.1119,  0.0906,  0.1128, -0.2010,  0.1528,  0.0847, -0.1090,  0.0659,
         0.0789, -0.2073, -0.0207,  0.1440,  0.0413, -0.2856, -0.3267, -0.0050,
        -0.4390, -0.1221,  0.1278, -0.0906,  0.1238, -0.0786, -0.5309, -0.0759,
        -0.3882, -0.0551, -0.1790, -0.1904,  0.1324,  0.0053, -0.2706, -0.2980,
         0.1411,  0.2597,  0.1373,  0.0058,  0.0101,  0.3348, -0.2722, -0.0173,
        -0.2478,  0.1568,  0.0144, -0.0870, -0.1855, -0.0791,  0.1691, -0.4836,
         0.0614, -0.0683,  0.3159, -0.5070,  0.3142, -0.2633, -0.1534,  0.0076],
       device='cuda:0')), ('layer1.0.bn1.running_mean', tensor([-0.2440, -0.1345, -0.0856, -0.7775, -1.6864, -0.7274, -0.2034, -0.2080,
        -1.1960, -1.0338, -0.2308, -1.7299, -0.0707, -0.8445, -1.0324, -0.5960,
        -1.0116, -0.3695, -1.4091, -0.1932, -1.2160, -1.5824, -2.2086, -0.6227,
        -0.9356, -0.6028,  0.4928, -1.6056,  0.1805,  0.4095, -0.6906, -1.3730,
        -1.3484, -2.5009, -2.2159, -1.2793, -1.1847, -0.4075, -2.5400, -2.2516,
        -0.2183, -0.6899,  0.4401,  1.4301, -0.9847, -0.4075, -2.9506, -1.7083,
        -2.0687, -1.7473, -1.8997, -1.8562, -0.8424, -1.4893, -1.7331,  0.4153,
        -1.2339, -0.7088, -0.2862, -0.7048, -0.1091, -1.7870,  1.3728, -0.9019],
       device='cuda:0')), ('layer1.0.bn1.running_var', tensor([0.3827, 0.1971, 0.2636, 0.5032, 0.8323, 0.3439, 0.0887, 0.7462, 0.4398,
        1.2679, 0.1505, 0.5601, 0.2305, 0.6705, 0.8140, 0.2873, 0.1998, 0.8119,
        0.3172, 0.2189, 0.8943, 0.6898, 1.4292, 0.2287, 0.4883, 0.7294, 0.5384,
        0.7594, 0.2815, 0.3668, 0.1203, 0.3611, 0.5559, 0.8002, 1.2530, 0.7315,
        0.3859, 0.2266, 0.8774, 1.3856, 0.3832, 0.2282, 0.1716, 0.2610, 0.4247,
        0.1279, 1.5337, 0.3075, 0.6894, 0.2281, 0.7715, 0.3849, 0.4817, 0.4441,
        0.3893, 0.1598, 0.3301, 0.4039, 0.1531, 0.3884, 0.0614, 0.6885, 0.2378,
        0.2933], device='cuda:0')), ('layer1.0.bn1.num_batches_tracked', tensor(460, device='cuda:0')), ('layer1.0.conv2.weight', tensor([[[[ 2.6937e-02, -1.0343e-01, -4.6655e-03],
          [-8.5120e-02, -3.3011e-01, -1.0344e-01],
          [-5.6728e-02, -1.9138e-01, -5.5663e-02]],

         [[-1.7420e-02,  2.0691e-02, -2.4395e-03],
          [-5.5926e-03,  4.3030e-02, -1.3432e-02],
          [-6.0420e-02,  5.8475e-03, -1.7744e-04]],

         [[-4.7621e-03,  2.1383e-02,  1.7241e-02],
          [ 1.2817e-02, -5.2470e-03,  1.5118e-02],
          [ 1.4540e-02,  1.3809e-02,  8.0940e-03]],

         ...,

         [[ 5.4260e-04, -7.4366e-03,  2.0489e-02],
          [-4.0166e-02, -3.9811e-02, -3.3543e-02],
          [-1.9346e-02, -8.8100e-03,  1.5346e-02]],

         [[-5.7247e-03,  2.7969e-02, -7.7471e-03],
          [ 6.5593e-03,  7.5624e-03,  4.5950e-04],
          [-1.4140e-02, -1.2124e-02,  4.1931e-03]],

         [[ 1.6818e-02,  2.0065e-02, -5.6956e-03],
          [-1.2111e-02,  4.5125e-02,  2.1802e-02],
          [ 3.1775e-02,  6.5090e-02,  2.2801e-02]]],


        [[[ 5.0300e-02,  3.9384e-02,  8.2362e-03],
          [ 2.9832e-02, -2.5982e-02,  3.4264e-02],
          [-1.3124e-02,  5.0411e-02,  5.5025e-02]],

         [[ 2.7593e-02,  4.1321e-02,  2.9271e-02],
          [ 2.7508e-02, -3.7554e-02, -5.2478e-02],
          [-5.6284e-02, -7.3957e-02, -8.4063e-02]],

         [[ 9.4401e-02,  1.2630e-01, -6.3442e-02],
          [-4.1982e-02, -1.9733e-04,  5.2086e-02],
          [-1.1317e-01, -7.9356e-02,  1.4360e-01]],

         ...,

         [[-5.7332e-03,  2.1436e-02,  2.0048e-02],
          [-6.3997e-03, -8.6909e-04,  4.5717e-03],
          [-4.4203e-03, -1.0235e-02, -1.6941e-03]],

         [[-2.6433e-02, -2.4029e-02,  4.6425e-02],
          [-2.0321e-02, -9.0765e-03,  3.7272e-02],
          [ 4.2335e-03,  2.7491e-03,  4.9376e-03]],

         [[ 8.0986e-03,  2.5661e-02,  6.2710e-02],
          [-3.0451e-02,  2.4732e-02,  1.2502e-02],
          [-2.2283e-02, -9.0163e-03, -3.9687e-02]]],


        [[[ 7.5895e-03, -1.7386e-02,  1.2380e-02],
          [ 1.4032e-02,  4.0649e-02,  6.2310e-02],
          [ 3.0990e-02,  7.1629e-02,  6.0100e-02]],

         [[ 1.3219e-03,  8.5128e-03,  1.9506e-02],
          [ 2.0101e-02,  4.0858e-02,  3.4863e-02],
          [-5.0117e-02, -3.6688e-02,  1.2427e-02]],

         [[-2.5829e-02, -2.1457e-02, -1.1439e-02],
          [-5.2122e-03,  1.6388e-02,  2.7247e-03],
          [-1.6342e-02, -4.2208e-03, -3.6163e-02]],

         ...,

         [[-9.5451e-03, -1.7161e-02, -2.6510e-03],
          [-6.8459e-03,  1.3195e-02,  4.4222e-02],
          [-1.0414e-02,  2.0660e-02,  4.1466e-02]],

         [[ 2.7523e-02,  5.0317e-02,  8.0974e-02],
          [-2.2489e-03,  5.4127e-03,  4.2448e-02],
          [ 1.5792e-03, -1.0449e-02,  8.5559e-03]],

         [[-3.2682e-02,  9.9751e-03,  4.1349e-02],
          [-1.6818e-02,  5.9096e-03,  6.2594e-02],
          [-3.0838e-02, -1.2895e-03,  7.1857e-02]]],


        ...,


        [[[-3.6996e-04, -8.0245e-03, -1.8519e-04],
          [ 1.9221e-03,  1.0999e-02,  1.6256e-02],
          [ 2.3586e-03, -1.3364e-03,  1.6243e-02]],

         [[-2.6023e-02,  2.2841e-02, -6.0277e-02],
          [ 4.5372e-02,  1.3268e-01, -1.0742e-02],
          [ 5.3542e-02,  1.3532e-01,  2.4690e-02]],

         [[ 1.7253e-02,  3.8149e-03,  1.6468e-02],
          [ 1.2591e-02,  1.2005e-02,  3.7522e-02],
          [ 8.5683e-03, -1.9271e-02,  3.0576e-02]],

         ...,

         [[-9.7673e-03, -1.0985e-02,  2.7984e-02],
          [-2.5388e-02, -2.2719e-02,  3.6448e-02],
          [-3.8165e-02, -4.6853e-02,  1.5555e-02]],

         [[-3.5619e-03, -2.5536e-02,  7.5696e-03],
          [-2.2322e-02, -4.5533e-02, -1.0072e-02],
          [-2.4957e-02, -5.9267e-02, -2.6171e-02]],

         [[ 2.8454e-02, -1.2047e-03, -4.5211e-04],
          [ 3.7314e-02, -3.3973e-03,  7.9827e-03],
          [ 3.9363e-02,  9.1445e-03,  9.8124e-03]]],


        [[[-1.0452e-02,  4.3155e-03,  1.9142e-02],
          [-6.3319e-02, -2.6251e-03,  9.5464e-02],
          [-6.5281e-02, -2.7135e-02,  3.5226e-02]],

         [[ 2.6529e-02,  2.4691e-02, -2.4697e-02],
          [ 4.9206e-02, -3.7112e-03, -1.1297e-01],
          [-3.3636e-02, -6.3494e-03,  6.0855e-03]],

         [[-1.5956e-02, -1.7843e-02,  4.3616e-02],
          [ 4.5973e-02,  3.0682e-02,  4.2261e-02],
          [ 5.0336e-03, -7.1490e-03, -6.4043e-03]],

         ...,

         [[ 2.2941e-02,  7.8639e-03,  6.6614e-03],
          [ 1.7174e-02,  2.0914e-02, -3.4422e-03],
          [ 2.0654e-02,  3.3829e-02, -1.6205e-02]],

         [[ 3.7611e-02,  4.9261e-02, -9.4447e-02],
          [ 1.8134e-02,  1.1479e-02, -7.5877e-02],
          [ 4.6609e-03,  3.2737e-02, -7.4720e-02]],

         [[-1.5578e-02, -2.7386e-02, -3.5552e-02],
          [ 1.4510e-02,  6.1558e-03, -7.1870e-02],
          [ 3.7826e-02,  3.9706e-02,  3.2523e-03]]],


        [[[-1.3225e-01,  7.7640e-02, -3.0918e-03],
          [ 9.3672e-02,  8.3549e-02,  4.0196e-02],
          [-1.9020e-02, -6.2768e-02,  8.9254e-02]],

         [[ 1.6492e-02, -4.3699e-02,  1.3123e-02],
          [ 8.4168e-03,  3.1261e-02,  4.4982e-03],
          [-2.0991e-02, -9.5644e-04, -6.8906e-02]],

         [[-6.3415e-02,  1.0890e-01,  2.1310e-02],
          [ 5.7739e-02, -1.5351e-01, -1.8737e-02],
          [-1.2661e-03,  4.7738e-02, -2.2001e-02]],

         ...,

         [[-6.4920e-02, -5.0191e-02, -1.2631e-02],
          [ 3.9874e-02,  4.2191e-02, -7.2816e-02],
          [ 8.5814e-03,  4.1638e-02, -4.8798e-02]],

         [[ 6.5362e-03,  2.1835e-02, -2.3230e-02],
          [-7.8195e-02, -5.8649e-02, -1.1053e-02],
          [-3.0141e-02, -1.1363e-01, -2.3389e-02]],

         [[-6.6643e-02, -2.2881e-02, -4.7226e-02],
          [-6.2414e-02,  1.0265e-01,  7.2720e-03],
          [ 8.1365e-02, -3.3443e-02, -5.8380e-03]]]], device='cuda:0')), ('layer1.0.bn2.weight', tensor([0.2500, 0.2174, 0.2775, 0.6052, 0.2624, 0.2984, 0.1111, 0.4456, 0.2862,
        0.3004, 0.2495, 0.4094, 0.4887, 0.3359, 0.4684, 0.1754, 0.2164, 0.5019,
        0.2254, 0.3686, 0.4883, 0.4572, 0.4630, 0.2219, 0.1532, 0.2765, 0.3816,
        0.2789, 0.2401, 0.3954, 0.3003, 0.3172, 0.2010, 0.2345, 0.1994, 0.1650,
        0.4682, 0.3459, 0.3437, 0.2274, 0.2459, 0.2342, 0.2734, 0.4632, 0.3413,
        0.2486, 0.4688, 0.2813, 0.6239, 0.4152, 0.3383, 0.4215, 0.1189, 0.2984,
        0.5809, 0.2805, 0.4696, 0.4517, 0.4307, 0.2761, 0.3400, 0.1154, 0.5078,
        0.4374], device='cuda:0')), ('layer1.0.bn2.bias', tensor([ 0.2288,  0.0079, -0.0678, -0.0698,  0.3640, -0.2015,  0.0018,  0.0273,
         0.3968,  0.0389,  0.0105,  0.2774, -0.0670, -0.2406, -0.0839, -0.0926,
        -0.1468,  0.0375, -0.3597, -0.3936, -0.4095,  0.0072, -0.2770, -0.0332,
        -0.0684,  0.2080, -0.0068, -0.2000, -0.2762, -0.0138,  0.2616, -0.0901,
        -0.2131, -0.1276,  0.1730,  0.0565, -0.2229, -0.0489,  0.2470,  0.2096,
         0.1633,  0.1130,  0.1166, -0.1476, -0.0330, -0.3060,  0.4944,  0.1086,
         0.0119,  0.0991,  0.4140, -0.0129,  0.0235,  0.0993, -0.1709,  0.0992,
        -0.1459, -0.2254,  0.1352,  0.1990, -0.0563,  0.2346, -0.1141,  0.3113],
       device='cuda:0')), ('layer1.0.bn2.running_mean', tensor([ 0.1805, -0.0349,  0.7549,  0.1874,  0.4635, -0.0377, -0.0453, -0.0123,
        -0.3018,  0.0750, -0.0983, -0.1271, -0.1234, -0.0686, -0.0771, -0.2101,
        -0.1062,  0.1238, -0.0800, -0.0165,  0.0426, -0.1842,  0.0078, -0.0905,
        -0.0527, -0.4288,  0.0396, -0.0786, -0.5573, -0.2931, -0.1532, -0.3748,
        -0.2201, -0.6849,  0.0765,  0.1558,  0.2959, -0.5300, -0.1204, -0.2347,
        -0.0860, -0.0255,  0.1045, -0.1741,  0.2042, -0.5136, -0.7072,  0.2317,
        -0.0053, -0.0549, -0.1166,  0.1380, -0.1371, -0.1415,  0.1140, -0.1727,
        -0.2231, -0.0953, -0.1929,  0.3642, -0.0019,  0.0969,  0.1178, -0.0126],
       device='cuda:0')), ('layer1.0.bn2.running_var', tensor([0.2283, 0.0441, 0.0327, 0.1663, 0.2035, 0.0360, 0.0604, 0.0730, 0.0336,
        0.0437, 0.1831, 0.0388, 0.0419, 0.0340, 0.1837, 0.0223, 0.0954, 0.0913,
        0.0258, 0.2060, 0.0975, 0.3784, 0.1646, 0.0742, 0.0361, 0.1077, 0.1759,
        0.0672, 0.0611, 0.1573, 0.0374, 0.1477, 0.0482, 0.1061, 0.0564, 0.0537,
        0.0488, 0.1401, 0.0740, 0.0415, 0.0249, 0.1556, 0.1603, 0.1285, 0.1499,
        0.2097, 0.0606, 0.1502, 0.2104, 0.0380, 0.0267, 0.3901, 0.0674, 0.1401,
        0.1039, 0.1407, 0.1231, 0.1565, 0.1140, 0.0446, 0.2974, 0.0745, 0.0687,
        0.0365], device='cuda:0')), ('layer1.0.bn2.num_batches_tracked', tensor(460, device='cuda:0')), ('layer1.1.conv1.weight', tensor([[[[ 1.5751e-02, -9.2675e-03, -6.1621e-03],
          [-2.3394e-02, -1.5514e-02, -3.7146e-02],
          [ 4.6854e-02,  7.2173e-02,  4.0120e-02]],

         [[ 1.5305e-02, -6.6298e-03, -7.7515e-03],
          [-4.1205e-02, -2.1411e-02, -5.0415e-02],
          [ 7.0639e-04,  4.8204e-02,  5.2698e-02]],

         [[ 2.3173e-02,  5.6736e-03, -1.0084e-02],
          [-9.4330e-03, -2.4885e-02, -2.9800e-02],
          [-2.8012e-02, -4.7383e-02, -2.8257e-02]],

         ...,

         [[ 6.5345e-03,  9.4182e-02,  6.8398e-03],
          [-1.6580e-02,  5.9439e-02, -4.9278e-03],
          [-3.2939e-02, -2.1285e-02, -3.2130e-02]],

         [[ 2.8098e-02, -2.9313e-02, -5.5722e-02],
          [ 7.2602e-02, -1.0442e-02, -7.1703e-02],
          [ 3.7212e-02,  3.3225e-02, -2.2242e-02]],

         [[-6.5237e-02, -3.5554e-03, -2.4440e-02],
          [ 7.7183e-02,  8.9191e-03, -4.9273e-02],
          [ 6.5853e-02, -9.9734e-02,  3.7259e-02]]],


        [[[-6.6012e-03, -2.7095e-02,  1.4676e-02],
          [-3.0506e-02, -2.7309e-03, -1.6767e-02],
          [ 8.5728e-03, -1.7230e-02, -1.2948e-03]],

         [[ 1.4618e-02, -3.8759e-03,  7.4660e-02],
          [-3.6010e-02, -7.7680e-02, -1.0997e-02],
          [ 3.7702e-02, -4.1044e-02,  1.2574e-02]],

         [[-2.9004e-02, -5.9100e-02, -5.9234e-02],
          [-2.7415e-02, -3.5085e-02, -1.0280e-02],
          [-2.0587e-02,  3.0831e-04,  6.3834e-04]],

         ...,

         [[ 2.6775e-02,  1.4546e-02,  6.3381e-02],
          [-1.0709e-03, -6.7167e-03,  3.0247e-03],
          [ 1.8855e-02, -2.4695e-02,  1.2209e-02]],

         [[-5.6946e-02, -3.1648e-02,  2.2308e-02],
          [-7.4543e-02, -7.7372e-02,  8.9906e-02],
          [-3.8889e-02, -3.0894e-02, -8.5768e-02]],

         [[-1.3518e-01,  8.5550e-02,  8.6347e-02],
          [-1.4795e-02,  4.2989e-01, -2.0477e-03],
          [-2.5905e-02, -1.0203e-01, -1.0328e-01]]],


        [[[ 8.1099e-02,  4.3434e-02,  3.1048e-03],
          [ 3.7849e-02, -1.3042e-02, -3.1537e-02],
          [-1.5624e-02, -2.4670e-02, -3.0922e-02]],

         [[ 4.5133e-02,  5.0502e-02,  1.5743e-02],
          [-4.0610e-02,  2.3325e-02, -2.5582e-02],
          [-3.1120e-02, -6.4034e-02,  2.6316e-02]],

         [[ 3.8338e-02,  4.2443e-02,  4.1956e-02],
          [ 1.6952e-02, -1.6594e-02, -3.3783e-02],
          [ 3.6202e-03, -1.9054e-02, -3.3120e-02]],

         ...,

         [[-1.4136e-01, -1.4497e-01,  4.6786e-02],
          [-1.2855e-01, -1.3499e-01,  7.1868e-02],
          [-4.8288e-02, -2.0556e-02,  6.8224e-02]],

         [[ 6.7134e-02,  1.7863e-02, -2.9000e-02],
          [ 8.6145e-02,  3.8030e-02, -3.0840e-02],
          [ 3.0731e-02,  2.4020e-02,  3.0367e-02]],

         [[-2.9520e-03, -5.0028e-02, -1.8846e-02],
          [-1.0539e-02,  1.5880e-02,  3.3549e-02],
          [ 1.5362e-02, -9.0118e-03, -2.5015e-02]]],


        ...,


        [[[ 3.3045e-02,  7.0654e-02,  1.2001e-02],
          [-1.8800e-02, -5.4586e-02, -6.4809e-02],
          [-1.1805e-03, -4.6794e-02, -4.6914e-02]],

         [[-4.1841e-03,  9.0711e-03,  6.5823e-04],
          [-1.9125e-03,  1.4910e-02,  7.4868e-03],
          [-3.2042e-02, -6.7854e-02, -4.6348e-02]],

         [[-1.2408e-02,  7.7234e-03,  1.0167e-02],
          [-6.0820e-02, -5.1513e-02, -4.2790e-02],
          [-8.5167e-02, -9.7623e-02, -1.0369e-01]],

         ...,

         [[ 2.0606e-02,  6.2752e-02,  2.5036e-02],
          [-2.2510e-02, -1.6335e-03, -2.8198e-02],
          [ 4.7792e-02,  6.6028e-02,  3.1402e-02]],

         [[ 7.8222e-03,  2.6204e-02,  9.1693e-02],
          [-6.8478e-03, -5.2803e-02, -4.3614e-02],
          [-7.2096e-03, -6.5801e-02, -4.7073e-02]],

         [[ 6.1127e-03, -3.7003e-02,  3.9015e-03],
          [-2.6270e-02, -1.3347e-01, -5.9617e-02],
          [-3.7114e-03,  7.4916e-02,  1.1063e-01]]],


        [[[ 2.3888e-02, -1.8895e-02, -8.9079e-03],
          [ 1.7054e-02,  1.2692e-03, -3.3940e-02],
          [-2.1322e-02,  2.8378e-04,  1.1603e-02]],

         [[ 7.0457e-03, -1.8852e-03,  4.8441e-03],
          [-1.0581e-03, -6.4157e-03,  2.8654e-02],
          [ 7.6128e-02,  6.0672e-03, -1.3298e-03]],

         [[-6.8795e-02, -4.6143e-02, -3.5161e-02],
          [-3.7217e-02, -4.2550e-02, -1.9899e-02],
          [-1.1889e-02, -1.1067e-02, -2.8311e-03]],

         ...,

         [[ 2.2606e-02, -2.2070e-02, -5.3280e-03],
          [-4.3062e-03, -3.1854e-02, -3.2079e-02],
          [ 7.9412e-03, -1.8447e-02, -2.8738e-04]],

         [[-8.1116e-02, -7.2352e-02, -6.7616e-02],
          [-8.7926e-02, -8.3049e-02,  5.4933e-02],
          [-3.8225e-02, -3.5617e-02,  8.0397e-03]],

         [[ 8.4049e-02, -1.5244e-04,  7.3163e-02],
          [-6.4463e-02, -1.2411e-01,  4.7596e-02],
          [ 9.1067e-02, -4.8364e-02,  3.5620e-02]]],


        [[[ 4.3345e-02,  2.8726e-03, -5.7731e-02],
          [ 4.3853e-02,  3.5080e-03, -1.8913e-02],
          [ 7.6084e-02,  5.2241e-02, -5.3437e-03]],

         [[ 2.1401e-02,  2.7358e-03,  1.5239e-02],
          [-7.6086e-02, -1.1850e-01, -6.8760e-02],
          [-9.6058e-03, -3.1925e-02, -2.4465e-02]],

         [[-2.4444e-02, -5.5717e-03, -3.4971e-02],
          [-3.7222e-02, -4.3376e-02, -5.5198e-02],
          [-3.1861e-02, -4.0492e-02, -2.8065e-02]],

         ...,

         [[ 2.4856e-03,  8.2986e-02,  2.2645e-02],
          [ 5.6207e-02,  1.2918e-01,  3.1135e-02],
          [-2.7479e-03,  4.1057e-02, -4.9717e-02]],

         [[ 3.4920e-02, -4.3024e-02,  2.1891e-02],
          [ 4.6176e-03, -5.2383e-02, -6.4135e-02],
          [ 5.8520e-03,  4.4335e-02,  4.7111e-02]],

         [[-8.8467e-02,  1.2964e-02,  9.9310e-02],
          [ 6.5367e-04, -2.0343e-02, -5.8860e-02],
          [ 2.2724e-02,  2.9939e-02, -9.4871e-02]]]], device='cuda:0')), ('layer1.1.bn1.weight', tensor([0.3955, 0.4362, 0.3733, 0.3964, 0.3403, 0.3519, 0.2636, 0.2676, 0.2858,
        0.4267, 0.1935, 0.3065, 0.3799, 0.2954, 0.2140, 0.3289, 0.2935, 0.2943,
        0.2063, 0.4592, 0.2327, 0.1852, 0.4463, 0.2837, 0.3403, 0.3006, 0.3500,
        0.2728, 0.3913, 0.2820, 0.2633, 0.4495, 0.3332, 0.3766, 0.4481, 0.3868,
        0.2519, 0.3149, 0.3610, 0.3181, 0.3808, 0.3114, 0.2262, 0.3630, 0.2921,
        0.2381, 0.3018, 0.2438, 0.3817, 0.2875, 0.3239, 0.2851, 0.3247, 0.4541,
        0.3513, 0.2405, 0.3374, 0.3518, 0.3879, 0.3797, 0.4044, 0.2846, 0.4580,
        0.3306], device='cuda:0')), ('layer1.1.bn1.bias', tensor([-0.0968, -0.4757, -0.0501, -0.2727, -0.0836, -0.0064,  0.0488,  0.1032,
        -0.0172, -0.1510,  0.2283,  0.1488, -0.1804,  0.0244,  0.1562, -0.1868,
         0.1244, -0.1461,  0.0549, -0.2898, -0.2609,  0.2333, -0.3253, -0.0212,
        -0.2637,  0.0552, -0.2448,  0.0476, -0.3520,  0.0983, -0.1867, -0.1676,
        -0.0126, -0.2624, -0.3134, -0.1097,  0.0661, -0.1446, -0.0612, -0.0065,
        -0.3014, -0.0745, -0.0671, -0.1106,  0.0253,  0.0495, -0.2502,  0.1135,
        -0.3803,  0.0866, -0.0326,  0.1452, -0.0440, -0.3098, -0.0230,  0.1408,
        -0.0906, -0.1779, -0.1107, -0.0791, -0.1483,  0.0613, -0.4439, -0.0106],
       device='cuda:0')), ('layer1.1.bn1.running_mean', tensor([-6.3001e-01,  8.9762e-01, -1.5260e+00, -8.1672e-01, -6.4311e-01,
        -1.5195e+00, -2.3851e-01,  1.4670e-01, -3.1972e-01, -6.5733e-01,
        -4.7845e-01, -3.1752e-01, -1.7478e+00, -6.7081e-01,  4.6097e-01,
        -1.0075e-01, -2.9973e-01, -3.1806e-01, -1.7359e+00, -7.4951e-01,
        -1.0045e-04, -1.2309e+00, -1.9000e+00,  1.1902e-01, -1.8231e-01,
        -1.7068e+00, -1.4782e+00, -1.0436e+00, -6.1743e-03,  1.3697e-01,
         2.6356e-01, -2.8964e+00, -9.4873e-01, -2.6804e-01, -1.8991e+00,
        -2.3673e+00,  3.6920e-01, -1.4770e-01, -1.1239e+00, -1.2683e+00,
         8.6740e-01, -5.7737e-01,  8.5173e-01, -1.4093e+00, -1.3490e+00,
        -1.3504e-01, -2.6290e-01,  4.3350e-01,  1.0555e+00, -6.4947e-01,
        -1.4031e-02, -1.6455e+00, -3.4027e-01, -1.0077e+00, -2.0195e+00,
         2.5309e-01, -9.2898e-01, -8.5989e-01, -2.8967e-01, -2.1142e+00,
        -1.2442e+00,  3.3429e-01,  3.4388e-01, -1.2642e+00], device='cuda:0')), ('layer1.1.bn1.running_var', tensor([0.7033, 0.5750, 0.6946, 0.5399, 0.2682, 0.4643, 0.3291, 0.3926, 0.2522,
        0.4230, 0.1908, 0.7696, 0.4032, 0.3775, 0.1731, 0.2917, 0.4058, 0.2369,
        0.2888, 0.4826, 0.1384, 0.1783, 0.6134, 0.3048, 0.1653, 0.5044, 0.2665,
        0.5212, 0.4813, 0.5398, 0.1916, 0.9837, 0.4395, 0.1857, 0.5096, 0.4921,
        0.4017, 0.2557, 0.7795, 0.4450, 0.3036, 0.3880, 0.2633, 0.7309, 0.4736,
        0.2533, 0.3324, 0.3418, 0.3628, 0.4961, 0.3872, 0.5709, 0.5243, 0.4483,
        0.6749, 0.4294, 0.3815, 0.2897, 0.5469, 0.6340, 0.5047, 0.6221, 0.5122,
        0.5327], device='cuda:0')), ('layer1.1.bn1.num_batches_tracked', tensor(460, device='cuda:0')), ('layer1.1.conv2.weight', tensor([[[[-1.9980e-02, -1.3243e-03,  5.7428e-03],
          [-5.2189e-03,  4.2601e-02,  2.4081e-02],
          [-1.0512e-02,  5.9040e-02,  2.8952e-02]],

         [[ 5.9240e-02,  4.2208e-02,  4.7226e-02],
          [ 2.2678e-02, -1.2754e-02,  8.9342e-03],
          [ 4.5678e-02,  3.1803e-02,  3.9473e-02]],

         [[-1.0956e-02, -3.7823e-02, -4.2174e-02],
          [-2.0197e-02,  2.9564e-02,  6.0436e-03],
          [-1.6849e-02,  1.3513e-02,  2.8063e-02]],

         ...,

         [[ 4.8147e-02,  3.9863e-02,  5.6236e-02],
          [ 4.1964e-02,  5.3092e-02,  1.0602e-02],
          [ 1.1741e-02,  1.5692e-02,  1.1810e-02]],

         [[ 8.7228e-03,  1.4585e-02,  4.8998e-02],
          [-5.4950e-03, -2.4971e-02,  1.6930e-02],
          [ 1.3827e-02,  1.9119e-02,  1.5601e-02]],

         [[ 6.4133e-02,  7.3215e-02,  6.2745e-02],
          [ 6.4304e-02,  1.0317e-01,  6.2402e-02],
          [ 6.0536e-02,  8.2844e-02,  8.4272e-02]]],


        [[[-1.1248e-02, -1.2878e-02,  1.0262e-02],
          [ 5.0951e-02,  4.0436e-02,  5.6562e-02],
          [ 4.9893e-02,  3.1846e-02,  3.7222e-02]],

         [[ 8.8449e-04, -3.2402e-02, -1.5394e-02],
          [-4.4609e-02, -4.6496e-02,  3.4249e-03],
          [-4.7465e-02, -1.6497e-02,  5.9540e-03]],

         [[ 4.0083e-02,  3.8238e-02,  7.9201e-03],
          [ 2.2838e-02,  5.7956e-03, -1.6890e-02],
          [-1.2369e-02,  6.9555e-03,  4.7028e-03]],

         ...,

         [[ 3.3033e-02,  6.1536e-02,  5.2270e-02],
          [-2.5476e-02, -8.7549e-03, -9.1259e-03],
          [-2.3935e-02, -8.2137e-03, -2.6446e-02]],

         [[-2.7689e-02, -3.9967e-02, -4.5807e-02],
          [-2.0153e-02, -4.1634e-02, -3.7271e-02],
          [ 2.1588e-02,  2.2518e-04, -5.3065e-03]],

         [[-5.2586e-02, -4.9613e-02,  9.9400e-03],
          [ 4.5746e-03,  1.9309e-02,  6.7002e-02],
          [ 2.8158e-02,  4.6810e-02,  2.3257e-02]]],


        [[[ 2.4285e-02, -2.5486e-02, -3.1219e-02],
          [ 2.8487e-02,  1.7101e-02,  1.5348e-02],
          [-3.4722e-04,  1.4855e-02,  3.3885e-02]],

         [[-3.4778e-02,  1.2761e-02,  4.6311e-02],
          [ 1.2565e-02,  6.3966e-02,  8.8788e-02],
          [ 4.8738e-02,  9.7922e-02,  9.0121e-02]],

         [[-2.3814e-02, -2.8109e-02,  2.2766e-02],
          [-3.0283e-02, -2.0897e-02, -2.5981e-02],
          [ 1.9995e-02,  1.9795e-02, -1.6203e-02]],

         ...,

         [[-4.3593e-02, -7.3635e-02, -5.9667e-02],
          [ 2.0277e-02,  7.9693e-03, -2.6651e-02],
          [ 8.0653e-02,  1.1901e-01,  9.2538e-02]],

         [[ 3.5013e-02,  7.7750e-02,  6.9023e-02],
          [ 2.9083e-02,  1.1787e-01,  1.1798e-01],
          [ 4.1234e-03,  4.7254e-02,  4.4629e-02]],

         [[ 3.2858e-02,  4.1757e-02, -8.2863e-03],
          [ 4.6819e-02,  3.1071e-02, -6.0794e-03],
          [ 8.1079e-04,  7.9306e-04,  1.2774e-02]]],


        ...,


        [[[-4.2013e-02, -8.3652e-02, -4.9624e-02],
          [ 3.2672e-02,  1.0001e-02,  2.5577e-02],
          [ 8.3829e-03, -1.8406e-02,  4.4545e-02]],

         [[-1.7422e-03,  7.5324e-03, -1.7224e-03],
          [ 7.6202e-03, -1.8928e-02, -2.5454e-02],
          [-8.3151e-03, -1.8010e-02,  3.2513e-03]],

         [[ 2.0667e-03,  4.1920e-02,  7.5148e-02],
          [-6.6351e-02, -3.6229e-02, -1.8995e-02],
          [-4.0200e-02, -2.9419e-02, -1.7659e-02]],

         ...,

         [[-4.5218e-02, -4.6288e-02, -2.2743e-02],
          [-9.1755e-03,  1.6238e-03,  2.4061e-02],
          [ 1.9572e-02,  5.0310e-02,  6.6875e-02]],

         [[-4.8509e-05,  1.0491e-02, -1.5348e-02],
          [-1.7663e-02, -2.0101e-02, -3.9391e-03],
          [-7.0574e-03, -9.4326e-03, -1.5590e-02]],

         [[-8.2925e-04, -1.2541e-02, -9.3425e-03],
          [ 1.0133e-02, -2.8900e-02,  3.7760e-02],
          [ 1.9295e-03,  3.9761e-02,  1.0157e-01]]],


        [[[ 1.1106e-02, -1.4906e-02,  4.7088e-03],
          [ 3.9943e-02, -2.5661e-02, -2.6455e-02],
          [-1.9417e-02,  3.3589e-03, -2.3362e-02]],

         [[-2.9006e-02, -3.2101e-02,  2.3399e-02],
          [-2.2025e-02,  1.6188e-02,  2.3303e-02],
          [ 1.0709e-02,  4.7893e-03,  4.7706e-03]],

         [[ 1.8450e-02,  6.3108e-02, -2.7102e-02],
          [ 5.6327e-02,  4.8102e-02,  1.4073e-03],
          [ 3.6305e-02, -4.3972e-02,  1.7180e-02]],

         ...,

         [[ 8.2672e-03, -3.3289e-03,  6.4688e-03],
          [ 2.8093e-02,  8.7995e-03, -3.2045e-02],
          [ 8.1064e-03,  3.0379e-03, -5.2422e-02]],

         [[ 3.0276e-02, -7.1880e-03, -1.2056e-02],
          [-8.2119e-03,  9.7169e-03, -1.5402e-03],
          [-2.5506e-02,  1.1216e-02, -3.0192e-02]],

         [[-2.9135e-02, -5.9823e-02, -2.5043e-02],
          [-4.5521e-02, -2.2486e-02, -6.6331e-03],
          [-8.6167e-03,  3.8415e-03, -4.0928e-03]]],


        [[[ 1.7709e-02, -6.2091e-02, -3.6111e-02],
          [ 5.3577e-04,  5.8768e-02, -4.6845e-03],
          [-2.8064e-02,  3.9291e-02, -1.7056e-02]],

         [[ 1.0002e-01, -1.0835e-01, -7.6252e-02],
          [-1.0207e-01, -1.0617e-01, -1.9444e-01],
          [-1.1703e-01, -6.9175e-02,  3.5192e-02]],

         [[-2.3832e-02,  9.4151e-03,  5.9365e-02],
          [-5.2215e-02,  8.0732e-02, -4.9254e-02],
          [-5.3832e-02, -5.8451e-02, -1.8767e-02]],

         ...,

         [[-4.4794e-02, -8.1628e-02,  5.2948e-02],
          [-8.3286e-02, -5.6708e-02,  6.9046e-02],
          [ 2.4122e-02,  3.8802e-02,  4.0729e-02]],

         [[ 5.4391e-03,  2.9434e-02, -2.4023e-02],
          [ 2.2338e-02,  2.5930e-02,  1.2811e-03],
          [-5.4036e-02, -1.5728e-02, -2.3535e-02]],

         [[ 1.7855e-02,  9.5929e-03,  9.1423e-03],
          [-8.3107e-02,  7.0628e-02,  1.3103e-01],
          [ 7.9565e-03,  1.3584e-01,  3.9009e-02]]]], device='cuda:0')), ('layer1.1.bn2.weight', tensor([0.2576, 0.5672, 0.3998, 0.5125, 0.2161, 0.4913, 0.3330, 0.5451, 0.4322,
        0.5315, 0.2092, 0.4733, 0.5960, 0.5641, 0.2738, 0.2562, 0.4837, 0.6241,
        0.4385, 0.2348, 0.4978, 0.3133, 0.5685, 0.2173, 0.1935, 0.1447, 0.2200,
        0.2399, 0.5916, 0.3500, 0.4089, 0.3214, 0.5851, 0.3296, 0.2709, 0.1986,
        0.6124, 0.4092, 0.6299, 0.3848, 0.7627, 0.2096, 0.3100, 0.4594, 0.3071,
        0.1965, 0.4405, 0.2532, 0.5728, 0.6425, 0.3886, 0.3056, 0.6753, 0.1953,
        0.5827, 0.2621, 0.3513, 0.2104, 0.5814, 0.3379, 0.2066, 0.0713, 0.4059,
        0.4360], device='cuda:0')), ('layer1.1.bn2.bias', tensor([-1.7577e-01, -1.2936e-01,  3.3789e-02, -1.4467e-01,  1.9133e-01,
        -1.4219e-01, -4.2042e-01, -1.3354e-01,  2.2124e-01, -1.8913e-01,
         3.5268e-02, -2.0678e-02, -1.6735e-01, -2.6831e-02, -3.0731e-02,
        -1.0215e-01,  5.1121e-03,  8.4250e-02, -1.4773e-01,  2.1308e-02,
        -2.4018e-01, -7.8904e-02, -4.7660e-02, -6.8260e-02, -2.5400e-01,
         1.3621e-01, -1.7707e-02,  2.0811e-01,  2.7150e-04, -2.4788e-02,
        -2.5268e-02,  2.8147e-02, -1.0121e-01, -3.6846e-01,  2.8806e-01,
        -1.0167e-01,  3.0882e-01, -9.0029e-02,  2.7679e-01,  1.1337e-01,
        -3.1338e-01,  3.9913e-02,  5.7187e-02,  2.3713e-01, -7.4827e-02,
         4.5321e-02, -5.2606e-02,  1.3159e-01,  2.1551e-02, -1.3852e-01,
         1.4662e-01, -7.0430e-02, -3.2885e-01, -1.5908e-01, -4.5098e-02,
        -1.3021e-01, -1.7038e-01,  4.2732e-02,  9.0840e-02,  7.6713e-02,
        -7.1348e-02,  6.9154e-02, -3.9940e-02,  5.0315e-02], device='cuda:0')), ('layer1.1.bn2.running_mean', tensor([-0.0391, -0.2212,  0.8019, -0.0939,  0.4887, -0.0366, -0.0730,  0.0540,
        -0.2530, -0.3121,  0.2566, -0.0142, -0.0135, -0.6030,  0.1422, -0.1050,
        -0.0586, -0.0779,  0.0318,  0.0202, -0.1217,  0.0370,  0.0053,  0.0115,
        -0.0098,  0.0187, -0.0893,  0.0321, -0.5062, -0.0691, -0.0917, -0.1081,
        -0.3758, -0.2433, -0.3612,  0.0358, -0.2435, -0.2734, -0.1482, -0.0198,
        -0.1187,  0.3048,  0.1493, -0.0935, -0.4666, -0.1810, -0.2850,  0.1548,
        -0.1124, -0.2458,  0.0214,  0.0902, -0.2339, -0.0814, -0.0474,  0.2755,
         0.0989, -0.2082, -0.0404,  0.2200,  0.0971,  0.0414, -0.0398,  0.1443],
       device='cuda:0')), ('layer1.1.bn2.running_var', tensor([0.0428, 0.1104, 0.0719, 0.0565, 0.1438, 0.0662, 0.0615, 0.0519, 0.0505,
        0.0903, 0.0357, 0.0475, 0.0431, 0.0890, 0.0492, 0.0322, 0.0872, 0.0814,
        0.0381, 0.0546, 0.0647, 0.0979, 0.1099, 0.0314, 0.0180, 0.0396, 0.0400,
        0.0456, 0.0808, 0.0623, 0.0477, 0.0557, 0.0599, 0.0596, 0.0551, 0.0379,
        0.0588, 0.0612, 0.0563, 0.0423, 0.0693, 0.0359, 0.0483, 0.0803, 0.0558,
        0.0658, 0.0523, 0.0488, 0.0856, 0.0649, 0.0386, 0.0849, 0.0760, 0.0430,
        0.0558, 0.0343, 0.0536, 0.0549, 0.1040, 0.0328, 0.0557, 0.0203, 0.0605,
        0.0400], device='cuda:0')), ('layer1.1.bn2.num_batches_tracked', tensor(460, device='cuda:0')), ('layer2.0.conv1.weight', tensor([[[[-7.1710e-02, -1.1111e-01, -1.3802e-01],
          [ 6.9174e-02, -1.7404e-02, -1.0308e-01],
          [ 1.1602e-01,  8.3915e-02, -1.1042e-02]],

         [[-2.5803e-02, -8.1086e-03,  1.2225e-03],
          [ 5.8998e-03,  1.9179e-02,  2.5637e-02],
          [ 4.5004e-03, -2.0075e-03, -1.0887e-02]],

         [[ 4.0675e-03,  4.4389e-03, -1.4614e-02],
          [ 6.3819e-03, -1.6061e-02, -4.5533e-02],
          [ 1.6476e-02, -1.6115e-02, -4.9822e-02]],

         ...,

         [[ 3.3490e-02,  3.1131e-02,  2.4476e-02],
          [ 8.3836e-03, -9.0912e-04, -1.1697e-02],
          [-6.3007e-03, -1.5115e-02, -2.7306e-02]],

         [[-1.1591e-02, -2.2215e-02, -2.2743e-02],
          [ 8.4593e-03,  1.8842e-02, -1.5652e-02],
          [ 2.0123e-02,  5.8686e-02,  4.2276e-02]],

         [[ 1.2708e-02, -2.7182e-02, -4.7146e-03],
          [ 3.0278e-02, -3.0284e-03, -2.0127e-02],
          [ 4.5344e-02,  1.9328e-02,  1.9953e-02]]],


        [[[-8.0552e-02, -7.6760e-02, -4.0105e-02],
          [-3.7107e-02, -6.5538e-02, -4.0627e-02],
          [-3.1116e-02, -5.7236e-02, -5.2958e-02]],

         [[-1.2262e-02, -1.9537e-02, -1.5347e-03],
          [ 7.6301e-03,  1.9561e-02,  1.7166e-02],
          [ 3.8014e-02,  2.4100e-02, -1.5014e-03]],

         [[-8.3517e-02, -8.2734e-02, -5.3529e-02],
          [-7.5754e-02, -7.9363e-02, -3.1394e-02],
          [-5.4268e-02, -4.1011e-02,  1.6640e-02]],

         ...,

         [[-3.3026e-02, -4.0932e-02, -3.1779e-02],
          [-1.6396e-02, -1.5533e-02,  4.8535e-05],
          [ 1.0889e-02,  2.2802e-02,  2.2570e-02]],

         [[ 1.9557e-03, -2.8246e-02, -3.2456e-02],
          [ 7.1076e-03,  2.2786e-04, -1.4990e-02],
          [-3.2353e-03,  8.5155e-03,  7.6447e-03]],

         [[ 3.2393e-02,  5.0719e-02, -3.3766e-03],
          [ 5.3239e-02,  6.7072e-02,  2.7793e-02],
          [ 2.2596e-02,  4.5850e-02, -7.4466e-03]]],


        [[[ 1.3607e-02,  3.3118e-02,  4.7613e-02],
          [-9.1987e-03,  1.4724e-03,  1.5317e-02],
          [-7.0271e-02, -5.2972e-02, -4.4786e-02]],

         [[ 4.6045e-02,  3.4163e-02,  3.4892e-02],
          [ 5.8767e-02,  5.4068e-02,  2.7925e-02],
          [ 2.6086e-02,  4.3717e-02,  6.2395e-03]],

         [[-3.6790e-02, -4.0842e-02, -2.6341e-02],
          [-4.6048e-03,  8.1576e-03,  9.6609e-03],
          [ 2.0289e-02,  1.1893e-02,  2.7596e-03]],

         ...,

         [[-1.6322e-02, -7.0052e-02, -9.0583e-02],
          [ 3.9612e-02,  1.4992e-02, -2.3702e-02],
          [ 1.0360e-01,  1.2288e-01,  6.3031e-02]],

         [[-5.7264e-03,  4.7806e-02, -6.5960e-03],
          [-2.8194e-02,  5.8334e-03, -8.6227e-03],
          [-6.6676e-02, -6.1847e-02, -2.4228e-02]],

         [[-5.6990e-03, -1.7494e-02, -3.4624e-02],
          [ 1.5668e-03, -3.9510e-03,  1.0693e-02],
          [ 2.7091e-02,  3.4308e-02,  3.3231e-02]]],


        ...,


        [[[-4.4205e-02, -6.5563e-02, -1.7232e-02],
          [-9.3411e-02, -5.9382e-02,  1.1096e-02],
          [-2.2964e-02,  3.2425e-02,  7.1254e-02]],

         [[-3.7627e-03, -2.9364e-03, -1.7971e-02],
          [ 1.4037e-02, -8.1932e-03, -1.5333e-02],
          [ 8.8712e-03, -1.0598e-02, -2.6943e-02]],

         [[-2.4126e-02, -4.7835e-02, -1.1655e-02],
          [-4.9091e-02, -4.4101e-02, -2.3986e-03],
          [-4.4998e-02, -2.1041e-02,  1.2031e-02]],

         ...,

         [[-4.0135e-03,  7.0229e-03, -7.0030e-03],
          [ 4.3110e-03,  6.7170e-03, -1.2900e-02],
          [-4.0053e-02, -3.8683e-02, -5.1653e-02]],

         [[-2.1555e-03, -8.3104e-03,  3.1609e-02],
          [-4.6883e-03, -5.0110e-02,  5.4648e-02],
          [ 2.0267e-02,  2.5916e-02,  7.8318e-02]],

         [[-3.3580e-02, -2.1728e-02, -4.3066e-04],
          [-4.4945e-02, -3.1616e-02, -1.2184e-02],
          [-1.2917e-02, -1.0712e-03,  3.0968e-02]]],


        [[[-5.0650e-02, -5.0409e-02, -5.1988e-02],
          [ 2.1001e-02, -1.5307e-02, -2.5569e-02],
          [ 1.8170e-02,  9.5112e-02,  1.0432e-01]],

         [[-3.8819e-02,  7.1368e-04,  7.6200e-03],
          [-4.0514e-02, -3.3438e-02, -3.4902e-02],
          [ 3.9492e-02,  7.0933e-02,  8.7554e-02]],

         [[ 1.3526e-02,  6.1758e-03,  1.2489e-02],
          [-3.3286e-02, -4.4395e-02, -2.3509e-02],
          [ 5.9008e-03, -2.0228e-02, -6.6856e-03]],

         ...,

         [[-7.8296e-03,  1.3337e-02,  9.4067e-03],
          [-6.6048e-03,  2.0131e-02,  2.1232e-02],
          [-2.8683e-02, -1.2319e-03, -7.1197e-03]],

         [[-1.1037e-02,  9.8698e-03,  5.0130e-03],
          [-8.2639e-04, -1.9967e-02,  3.8635e-03],
          [ 4.0361e-02, -1.6752e-02,  2.2322e-02]],

         [[-1.6430e-02, -3.4319e-03, -3.0861e-03],
          [ 3.5323e-02,  4.5976e-02,  3.8012e-02],
          [-3.6081e-02, -2.9465e-02, -4.1645e-02]]],


        [[[-3.7556e-02, -2.2216e-03,  4.2492e-03],
          [-1.0889e-02,  1.0781e-02,  8.6432e-03],
          [-1.8267e-02, -8.1683e-03,  4.1794e-03]],

         [[-1.7835e-03, -3.7888e-04, -1.1240e-02],
          [ 3.2344e-03,  1.4233e-02, -2.0225e-02],
          [ 3.4485e-03, -2.2276e-03, -6.9977e-04]],

         [[-1.4573e-02, -2.7376e-02,  1.6047e-02],
          [-2.1294e-02, -4.3521e-02,  1.0561e-02],
          [-9.2300e-04, -4.5021e-02,  7.4029e-03]],

         ...,

         [[-2.7886e-03, -1.0137e-02,  1.1105e-02],
          [-1.8551e-03, -6.3002e-03,  1.8983e-02],
          [ 6.2195e-04, -3.3437e-03,  1.0542e-02]],

         [[ 6.8694e-03,  2.2094e-02, -6.9483e-03],
          [-3.3332e-02,  2.9198e-02, -4.1398e-03],
          [-5.1381e-02, -9.2896e-03,  2.1576e-02]],

         [[-6.8964e-02,  4.9147e-02,  1.1561e-02],
          [ 2.6002e-02, -6.5353e-02,  5.2669e-02],
          [ 1.0431e-01, -4.3532e-02,  5.0690e-02]]]], device='cuda:0')), ('layer2.0.bn1.weight', tensor([0.3263, 0.3608, 0.2962, 0.2914, 0.3400, 0.3453, 0.3076, 0.3330, 0.3473,
        0.3844, 0.3201, 0.2607, 0.3005, 0.2207, 0.2395, 0.3738, 0.3562, 0.1982,
        0.3362, 0.2155, 0.3311, 0.3468, 0.3082, 0.3744, 0.3559, 0.3263, 0.3164,
        0.3295, 0.3835, 0.2597, 0.2986, 0.3478, 0.2832, 0.2950, 0.3454, 0.3459,
        0.3453, 0.3283, 0.3252, 0.3184, 0.2923, 0.3336, 0.3297, 0.3708, 0.3197,
        0.2973, 0.1644, 0.3256, 0.3285, 0.3418, 0.3673, 0.3340, 0.3344, 0.2941,
        0.3125, 0.3202, 0.3157, 0.2658, 0.3057, 0.3587, 0.2762, 0.3437, 0.3335,
        0.3274, 0.2704, 0.2843, 0.3345, 0.3330, 0.3165, 0.3004, 0.3292, 0.3226,
        0.3211, 0.3232, 0.3463, 0.3089, 0.2796, 0.2882, 0.3268, 0.3675, 0.3308,
        0.3586, 0.3334, 0.2906, 0.3252, 0.3209, 0.3334, 0.3471, 0.1861, 0.3911,
        0.3312, 0.2308, 0.3241, 0.3346, 0.2878, 0.3187, 0.3303, 0.2246, 0.3123,
        0.2999, 0.3414, 0.3208, 0.3181, 0.2925, 0.2885, 0.3198, 0.3094, 0.2603,
        0.3370, 0.3335, 0.3317, 0.2949, 0.4051, 0.2192, 0.2988, 0.4010, 0.3066,
        0.3150, 0.2890, 0.2952, 0.3062, 0.3573, 0.3201, 0.3312, 0.3485, 0.3067,
        0.3338, 0.3305], device='cuda:0')), ('layer2.0.bn1.bias', tensor([-0.0557, -0.1698, -0.0211,  0.0018, -0.0976, -0.1045,  0.0346, -0.0852,
        -0.2016, -0.1789, -0.1228, -0.0370, -0.0765,  0.2089, -0.0426, -0.1809,
        -0.1065,  0.2978, -0.0555,  0.2037, -0.0956, -0.1389, -0.1308, -0.1233,
        -0.0998, -0.0354, -0.1150, -0.0512, -0.1100,  0.1604, -0.1125, -0.1589,
         0.0969, -0.0436, -0.1359, -0.1210, -0.0975, -0.0520, -0.0815, -0.0720,
        -0.0846, -0.2473, -0.3337, -0.2126, -0.0689, -0.0650,  0.4955, -0.0796,
        -0.1019, -0.0799, -0.1826, -0.1017, -0.1097, -0.0645, -0.0829, -0.0494,
        -0.0365,  0.0052, -0.0513, -0.2425,  0.0051, -0.1508, -0.0963, -0.0518,
        -0.0466,  0.0890, -0.1028, -0.0893, -0.1089, -0.0373, -0.1033, -0.1599,
        -0.0897, -0.0912, -0.1307, -0.0851, -0.0222, -0.0210, -0.0102, -0.2114,
        -0.1423, -0.1368, -0.1338, -0.0573, -0.1876, -0.1219, -0.0335, -0.1163,
         0.2308, -0.2089, -0.1347,  0.1404, -0.0935, -0.1281,  0.0089, -0.1035,
        -0.1030,  0.1579, -0.0936, -0.0669, -0.1234, -0.0465, -0.0714, -0.0468,
         0.0757, -0.0469, -0.0332, -0.0445, -0.0946, -0.1472, -0.1144, -0.0182,
        -0.1952,  0.2476,  0.0290, -0.1305, -0.0485, -0.0867, -0.0400, -0.0404,
        -0.0476, -0.1453, -0.0968, -0.1111, -0.1280, -0.1234, -0.0976, -0.0988],
       device='cuda:0')), ('layer2.0.bn1.running_mean', tensor([ 0.0972,  0.2405, -0.0809, -0.2022, -0.5155, -0.8407, -0.0262, -0.0942,
        -0.5505, -0.0422,  0.1377, -0.9213, -0.3524, -0.1716, -0.4672, -0.3863,
         0.0737, -1.4036,  0.4484, -0.1135, -0.3591, -0.3792,  0.3753, -0.7204,
        -0.0098, -0.4995, -0.3355, -0.1547, -0.3367,  0.8525, -0.0100,  0.0460,
        -1.4323,  0.2077,  0.1057, -0.5971,  0.5046, -0.1954, -0.6071, -0.6796,
        -0.4095,  0.3910, -0.4362, -0.8801, -1.1864, -0.2368, -0.8072, -0.8950,
        -0.5360, -0.2493, -0.5262, -0.5635, -0.5836, -1.0957, -0.9294, -0.6068,
        -0.1189, -0.1713, -0.0148, -1.1413,  0.3061, -0.2067, -0.2284, -0.5816,
        -0.8518,  0.2214,  0.2650,  0.4484,  0.1963, -0.6233, -0.8996,  0.4590,
        -0.2812,  0.0227, -0.6497, -0.2706, -0.6236, -1.1116,  0.0309, -0.6454,
        -0.6746,  0.0794,  0.0344, -0.0637, -1.0894,  0.2070, -0.7292, -0.2307,
         0.7431, -0.7252, -0.3103,  0.2619, -0.5677, -0.5347,  0.0774, -0.4821,
        -0.3344, -1.3264, -0.3466, -0.2367,  0.2947,  0.0766, -0.1453, -0.7145,
        -0.0933, -0.4544, -0.0761,  0.1567, -0.4826, -0.4243, -0.3023, -0.2886,
        -0.3243, -0.4476, -0.5970, -0.2708, -0.0725, -0.2074, -0.5737, -0.3352,
         0.6414, -0.3904,  0.0791, -0.3885, -0.1831, -1.1414, -0.2586, -0.3506],
       device='cuda:0')), ('layer2.0.bn1.running_var', tensor([0.5967, 0.4879, 1.0539, 1.4242, 0.7716, 0.5466, 0.7728, 0.7941, 0.4094,
        0.6150, 0.5303, 0.6687, 0.6374, 0.5745, 0.5785, 0.6738, 0.7359, 0.4032,
        0.7697, 0.5763, 0.7269, 0.7166, 0.4834, 0.9128, 1.0084, 0.9096, 0.6045,
        0.8114, 1.1166, 0.6267, 0.4883, 0.5368, 0.7904, 0.4667, 0.6595, 0.6083,
        0.6404, 0.6749, 0.6599, 0.6947, 0.4952, 0.2509, 0.1541, 0.6239, 0.8786,
        0.8536, 0.4781, 0.6865, 0.8022, 0.7062, 0.5449, 0.7212, 0.6292, 0.7033,
        0.7819, 0.6850, 1.2356, 0.7956, 0.9402, 0.4375, 0.8039, 0.5497, 0.7399,
        1.3537, 0.7093, 0.8894, 0.7540, 0.5650, 0.5235, 0.7072, 0.7643, 0.4959,
        0.5578, 0.8268, 0.6958, 0.7276, 0.6583, 0.7803, 0.9121, 0.6294, 0.7342,
        0.6745, 0.7514, 0.6600, 0.3571, 0.5050, 0.8287, 0.6440, 0.4432, 0.6865,
        0.5367, 0.9002, 0.5181, 0.6516, 1.3241, 0.7669, 0.6230, 0.4161, 0.7244,
        0.5949, 0.7884, 0.7389, 0.6045, 0.9155, 1.3178, 0.6802, 0.7064, 0.4613,
        0.7823, 0.7260, 0.3886, 0.6877, 0.5369, 0.7915, 0.7883, 1.1004, 0.6385,
        0.7468, 0.9131, 0.8248, 0.7993, 0.8802, 0.4140, 0.7781, 0.5765, 0.4684,
        0.7025, 0.7005], device='cuda:0')), ('layer2.0.bn1.num_batches_tracked', tensor(460, device='cuda:0')), ('layer2.0.conv2.weight', tensor([[[[-6.2955e-03, -7.8547e-03,  2.9620e-03],
          [-1.1687e-02,  2.6728e-02,  4.4680e-02],
          [-2.8305e-02,  5.7911e-03,  1.3038e-02]],

         [[ 3.4557e-02,  2.5761e-02,  8.7203e-03],
          [ 6.9236e-04,  1.6799e-02,  2.8403e-02],
          [ 3.3839e-02,  3.2862e-02,  1.5484e-02]],

         [[ 1.8446e-02, -2.2948e-02, -3.6949e-02],
          [-1.9896e-02, -2.0349e-02, -6.0930e-02],
          [-2.3145e-02, -9.6879e-03,  1.8286e-03]],

         ...,

         [[-3.4680e-03,  1.0562e-02, -5.2419e-03],
          [ 1.5624e-02,  1.1410e-02, -2.0894e-03],
          [ 9.1628e-03,  2.0567e-03,  1.3113e-03]],

         [[ 1.0439e-02,  1.1524e-02,  3.5725e-03],
          [-6.8912e-03, -7.5424e-03, -9.2240e-03],
          [-1.7599e-03,  1.9691e-02,  1.5333e-02]],

         [[ 1.4933e-02, -2.6194e-02, -1.0524e-02],
          [ 2.6474e-02,  2.1856e-02, -2.1722e-02],
          [ 1.2297e-02, -1.0087e-03, -4.7726e-03]]],


        [[[ 1.1207e-02,  1.7145e-02, -3.0544e-03],
          [-1.7393e-02, -1.3487e-02,  3.6623e-02],
          [-3.1532e-03,  2.4893e-02,  2.0553e-02]],

         [[-6.6205e-03, -1.9335e-02, -1.1709e-02],
          [-7.7368e-03,  3.9966e-02,  9.4767e-03],
          [ 2.6201e-02,  1.3501e-02,  1.4175e-02]],

         [[-1.9603e-02, -1.7313e-02,  2.4084e-02],
          [-2.4193e-02, -5.1586e-02, -6.7316e-02],
          [ 2.1178e-02,  5.5285e-02,  2.3670e-02]],

         ...,

         [[-2.6699e-02, -3.9440e-02, -4.0408e-02],
          [-6.4553e-02, -7.4715e-02, -9.7103e-02],
          [-6.1333e-02, -7.9055e-02, -7.5540e-02]],

         [[ 2.9615e-02,  2.7105e-02,  2.6713e-02],
          [ 5.6551e-03,  4.7435e-02,  1.4696e-02],
          [-3.6568e-03,  2.1325e-02,  7.8265e-03]],

         [[ 2.5265e-03, -1.8714e-02, -7.2715e-03],
          [-6.6842e-03, -2.5802e-02, -5.4728e-02],
          [-1.0167e-02, -3.7919e-03, -4.1037e-02]]],


        [[[ 6.9264e-03,  8.7134e-03, -6.2425e-03],
          [ 2.2436e-02, -9.1372e-02, -7.9662e-02],
          [-9.4810e-03, -4.9591e-02, -3.7795e-03]],

         [[ 1.6676e-02,  1.4972e-02, -5.2858e-02],
          [ 9.3444e-03,  9.4759e-03, -4.2476e-02],
          [ 9.0468e-02,  6.5964e-02,  4.3553e-02]],

         [[-1.4516e-02, -6.6360e-03,  9.3628e-03],
          [ 1.1208e-02, -1.2962e-02,  6.6649e-03],
          [ 2.0912e-02, -4.3779e-03,  8.6663e-03]],

         ...,

         [[-1.0641e-03,  2.0543e-02, -2.8431e-02],
          [-1.5417e-02,  6.8037e-03, -5.0077e-02],
          [-3.1844e-02, -3.5307e-02, -4.6492e-02]],

         [[-1.0242e-03,  7.6683e-03, -1.5417e-03],
          [-7.4110e-03, -4.8968e-02,  4.1894e-02],
          [-7.5909e-02, -3.3385e-03, -2.5795e-03]],

         [[ 8.3647e-03, -1.3927e-02,  3.6500e-02],
          [ 1.0060e-02,  5.1833e-02,  2.4165e-02],
          [ 2.0173e-02, -1.0679e-02,  3.4361e-02]]],


        ...,


        [[[ 2.9814e-02,  3.3336e-03,  8.9170e-03],
          [ 6.7180e-02, -2.9826e-02,  8.0233e-06],
          [ 2.5695e-02,  5.2943e-03,  5.0403e-02]],

         [[-2.7516e-02, -2.4154e-02, -5.3853e-02],
          [-2.6633e-02, -4.8558e-02, -1.3504e-02],
          [-1.5654e-02, -4.3998e-02, -1.1066e-02]],

         [[-3.8363e-02,  3.3001e-02,  3.1448e-02],
          [ 1.8335e-02,  4.5847e-02, -2.8826e-02],
          [ 1.9906e-02,  3.6864e-02,  1.0532e-02]],

         ...,

         [[ 8.5128e-03, -1.6935e-02,  4.6383e-03],
          [-1.9664e-02,  8.3301e-02,  1.4408e-02],
          [-2.1871e-02, -2.3018e-03,  5.0345e-02]],

         [[-2.5978e-02, -2.8682e-02, -3.8414e-02],
          [-2.9257e-02, -9.6308e-02, -5.7578e-02],
          [-1.7103e-02,  2.1186e-03, -2.3197e-02]],

         [[ 9.4238e-03, -3.5990e-02, -2.7079e-02],
          [-1.5795e-02, -2.7106e-02, -7.0328e-03],
          [ 3.8559e-03,  5.3876e-03, -1.9094e-02]]],


        [[[ 3.0639e-02,  3.0325e-02,  1.0268e-02],
          [ 3.6992e-02, -1.0844e-02,  2.3315e-02],
          [ 5.7157e-03, -2.8468e-02, -2.1526e-02]],

         [[ 1.5061e-02,  2.3570e-02, -2.0139e-02],
          [-8.3880e-04,  9.8898e-03,  7.3707e-03],
          [ 2.0922e-02,  4.2103e-02,  9.0776e-03]],

         [[-2.4533e-02,  2.2530e-02,  1.2380e-03],
          [-3.1177e-02,  5.9433e-02,  1.5560e-02],
          [-9.0690e-02, -8.4813e-02, -3.5130e-02]],

         ...,

         [[-7.3900e-03, -1.9784e-02,  2.6473e-03],
          [ 8.0606e-03, -3.5476e-02, -2.3271e-02],
          [-7.5233e-03, -5.7604e-02, -5.1506e-02]],

         [[ 1.4101e-03,  2.7757e-03,  1.7753e-02],
          [-1.0115e-02, -6.2340e-03,  1.1668e-02],
          [ 2.0255e-02,  1.0305e-02,  6.5184e-03]],

         [[ 1.9453e-03,  2.1768e-04,  1.0752e-02],
          [-4.2697e-03, -1.1328e-02,  1.3292e-02],
          [-5.3728e-03, -4.2470e-03, -1.4505e-02]]],


        [[[-9.5527e-03,  9.0914e-03, -4.1473e-02],
          [ 2.4558e-04, -4.7221e-02, -1.4082e-01],
          [-8.2264e-03, -2.1438e-03, -4.8214e-02]],

         [[ 9.4820e-03,  5.5205e-02,  3.7097e-02],
          [-9.6024e-03,  8.6443e-02,  5.2774e-03],
          [ 2.6537e-03, -2.0264e-02, -8.3513e-02]],

         [[-2.3489e-02,  1.8320e-02,  1.7528e-02],
          [ 1.4079e-02,  2.5514e-02,  1.6307e-02],
          [ 2.5170e-03,  3.1363e-02,  1.3078e-02]],

         ...,

         [[-7.6430e-03,  2.1336e-02, -1.6626e-02],
          [-6.0841e-03, -1.9871e-02, -6.7498e-04],
          [ 9.7168e-03, -1.6849e-02, -8.0655e-04]],

         [[ 2.4959e-02, -1.1433e-02, -6.4294e-02],
          [-2.5220e-02, -9.2229e-02, -4.8864e-02],
          [-1.9193e-02, -1.1670e-02, -1.4696e-03]],

         [[-2.4461e-02, -8.5382e-02,  2.6632e-02],
          [ 8.5461e-03,  3.6666e-02,  1.4269e-01],
          [ 1.6135e-02, -1.0843e-02,  4.3830e-03]]]], device='cuda:0')), ('layer2.0.bn2.weight', tensor([0.1459, 0.3248, 0.3122, 0.2507, 0.4071, 0.3974, 0.4433, 0.3101, 0.3414,
        0.2154, 0.2156, 0.3840, 0.1992, 0.2679, 0.1680, 0.2446, 0.3220, 0.3681,
        0.3919, 0.3220, 0.3855, 0.4698, 0.1984, 0.4730, 0.1670, 0.3953, 0.3049,
        0.1945, 0.2174, 0.2102, 0.4218, 0.3682, 0.2451, 0.2226, 0.3322, 0.3216,
        0.2683, 0.3581, 0.2591, 0.4067, 0.4466, 0.3635, 0.2613, 0.1852, 0.1371,
        0.2979, 0.1919, 0.3065, 0.4001, 0.4083, 0.1862, 0.4477, 0.3352, 0.1633,
        0.3589, 0.1633, 0.2883, 0.1347, 0.4499, 0.2669, 0.4849, 0.3385, 0.4766,
        0.3155, 0.5989, 0.4653, 0.5224, 0.2985, 0.2983, 0.4602, 0.2592, 0.4223,
        0.4642, 0.4257, 0.3337, 0.2635, 0.4069, 0.3591, 0.1796, 0.3855, 0.2844,
        0.3848, 0.3318, 0.2156, 0.3338, 0.1429, 0.2791, 0.4863, 0.3190, 0.4190,
        0.1582, 0.4892, 0.3257, 0.3442, 0.1608, 0.4880, 0.2669, 0.1597, 0.3197,
        0.4231, 0.3665, 0.1889, 0.3416, 0.3609, 0.1801, 0.3530, 0.2841, 0.2417,
        0.4481, 0.3018, 0.3997, 0.6145, 0.2829, 0.4860, 0.1497, 0.6014, 0.3561,
        0.4702, 0.3707, 0.2385, 0.5336, 0.1522, 0.3223, 0.4392, 0.3246, 0.4324,
        0.1490, 0.3697], device='cuda:0')), ('layer2.0.bn2.bias', tensor([ 0.0259,  0.0582,  0.1336, -0.1101, -0.0461, -0.1342, -0.0521,  0.0468,
        -0.0595,  0.0957,  0.0008, -0.0270, -0.0523,  0.0126,  0.0433,  0.0068,
         0.0551, -0.0324, -0.0220,  0.0102, -0.2193, -0.1162,  0.0504, -0.1137,
         0.1079,  0.0374,  0.0150,  0.0194,  0.0791,  0.1346,  0.0084,  0.0411,
         0.1043,  0.0525, -0.0557, -0.1162,  0.1031, -0.1582,  0.0089,  0.1206,
         0.0160,  0.0913, -0.0660,  0.0970,  0.1063,  0.0532,  0.0309,  0.0261,
        -0.0071, -0.0601, -0.0170, -0.1668,  0.1235,  0.0816,  0.0612,  0.0919,
         0.0237,  0.0457, -0.1162,  0.0255, -0.2154,  0.0122, -0.1879,  0.0454,
        -0.0843,  0.0601, -0.0336,  0.0500,  0.0555, -0.1695,  0.0103, -0.0320,
        -0.1400,  0.0146,  0.0453,  0.1198, -0.1270,  0.0478,  0.0423, -0.0602,
         0.0034, -0.0129,  0.0905,  0.1363, -0.0312,  0.0558,  0.0871, -0.0509,
         0.0229, -0.0115,  0.1367, -0.2594,  0.0072, -0.0566,  0.0366, -0.0712,
         0.0911,  0.1575, -0.1096,  0.1022, -0.0528,  0.0828, -0.0681, -0.0847,
        -0.0236,  0.0528,  0.1288,  0.1382, -0.0596, -0.0625, -0.0751, -0.1184,
         0.0679, -0.1634,  0.0412, -0.2800, -0.1048, -0.0680, -0.0747,  0.0373,
        -0.0251,  0.0894, -0.0199, -0.0176,  0.0326, -0.0380,  0.0461, -0.1382],
       device='cuda:0')), ('layer2.0.bn2.running_mean', tensor([-0.4291, -0.1685, -0.3869, -0.0929, -0.3020, -0.1079, -0.5696, -0.1559,
        -0.3418,  0.0058, -0.0344, -0.1548,  0.0801, -0.1125, -0.1544, -0.4312,
        -0.4585, -0.0504,  0.5282,  0.0075, -0.3352, -0.1896, -0.3114, -0.0642,
         0.1072, -0.1760, -0.1373,  0.0629,  0.1469, -0.3833, -0.2627, -0.1837,
        -0.2921, -0.0773, -0.3784, -0.1104,  0.3169, -0.1548, -0.1371, -0.1738,
        -0.9709, -1.1554, -0.0135, -0.0857,  0.1512, -0.2928,  0.1289, -0.3292,
        -0.2395, -0.1737, -0.3337, -0.0712,  0.0113, -0.3436, -0.3461, -0.2633,
        -0.1449, -0.3692, -0.0790,  0.2052, -0.3641, -0.2301, -0.1577, -0.0569,
        -0.5065, -0.2269, -0.4776,  0.0024, -0.4093, -0.1233,  0.0410, -0.1039,
        -0.1236, -0.1121, -0.5337,  0.0424, -0.1142, -0.2453, -0.1500, -0.0963,
        -0.5762, -0.3775, -0.0451, -0.8548, -0.0493, -0.2190, -0.0624, -0.1966,
        -0.2036, -0.4293, -0.4792,  0.2886, -0.1888, -0.2696, -0.2554, -0.3583,
        -0.0065, -0.1843, -0.0917, -0.6461, -0.0211, -0.2507, -0.4002, -0.1623,
         0.0013, -0.3305,  0.1320, -0.1611, -0.2530, -0.0755, -0.0357, -1.0213,
         0.1396, -0.1220, -0.3118, -0.9425, -0.1995, -0.0017,  0.1010, -0.3772,
        -0.4547,  0.0823, -0.2649, -0.3831, -0.0447, -0.2075, -0.0875, -0.0827],
       device='cuda:0')), ('layer2.0.bn2.running_var', tensor([0.0483, 0.0567, 0.0634, 0.0344, 0.0980, 0.0564, 0.0558, 0.1051, 0.0458,
        0.0873, 0.0469, 0.0870, 0.0340, 0.0506, 0.0458, 0.0494, 0.0943, 0.0854,
        0.1634, 0.0655, 0.0532, 0.0918, 0.0525, 0.0833, 0.0522, 0.0999, 0.0610,
        0.0442, 0.0462, 0.0692, 0.0962, 0.0881, 0.0620, 0.0746, 0.0662, 0.0336,
        0.1056, 0.0371, 0.0488, 0.2542, 0.1752, 0.1346, 0.0345, 0.0442, 0.0357,
        0.1017, 0.0406, 0.1095, 0.0883, 0.0763, 0.0373, 0.0661, 0.1134, 0.0479,
        0.1166, 0.0594, 0.0535, 0.0363, 0.0720, 0.0756, 0.0417, 0.0719, 0.0715,
        0.0690, 0.1517, 0.1243, 0.1795, 0.0649, 0.0665, 0.0573, 0.0711, 0.0600,
        0.0678, 0.1091, 0.1204, 0.0888, 0.0683, 0.0937, 0.0353, 0.0763, 0.0420,
        0.0869, 0.0723, 0.0726, 0.0625, 0.0645, 0.0713, 0.1006, 0.0611, 0.0804,
        0.0387, 0.0614, 0.0489, 0.0749, 0.0225, 0.0850, 0.0723, 0.0456, 0.0396,
        0.2264, 0.0764, 0.0825, 0.0539, 0.0587, 0.0250, 0.0762, 0.1285, 0.0574,
        0.0841, 0.0473, 0.0551, 0.1643, 0.0947, 0.0615, 0.0475, 0.0998, 0.0690,
        0.0743, 0.0465, 0.0517, 0.1546, 0.0753, 0.0433, 0.0987, 0.0473, 0.0587,
        0.0485, 0.0479], device='cuda:0')), ('layer2.0.bn2.num_batches_tracked', tensor(460, device='cuda:0')), ('layer2.0.downsample.0.weight', tensor([[[[ 1.7030e-02]],

         [[-3.1267e-01]],

         [[ 1.5160e-02]],

         ...,

         [[-1.6799e-01]],

         [[ 1.3486e-02]],

         [[ 1.4597e-02]]],


        [[[ 4.1332e-03]],

         [[ 3.1775e-03]],

         [[-1.0639e-02]],

         ...,

         [[-2.2829e-02]],

         [[-7.2895e-02]],

         [[-1.2933e-02]]],


        [[[-3.8654e-02]],

         [[ 7.1428e-03]],

         [[-1.6297e-01]],

         ...,

         [[ 3.2939e-02]],

         [[-1.7116e-02]],

         [[ 6.5306e-02]]],


        ...,


        [[[-3.0051e-02]],

         [[ 4.7745e-02]],

         [[-5.0436e-02]],

         ...,

         [[-4.4839e-02]],

         [[ 5.3464e-02]],

         [[ 6.0023e-02]]],


        [[[-8.8412e-03]],

         [[-1.6071e-02]],

         [[ 5.5945e-02]],

         ...,

         [[ 7.7927e-01]],

         [[-2.7275e-04]],

         [[-2.8300e-02]]],


        [[[-3.2653e-02]],

         [[-1.2766e-02]],

         [[-4.9269e-02]],

         ...,

         [[ 2.1857e-02]],

         [[-7.0579e-02]],

         [[ 2.3181e-02]]]], device='cuda:0')), ('layer2.0.downsample.1.weight', tensor([ 0.3351,  0.0582,  0.0699,  0.3455,  0.1769,  0.1533,  0.1570,  0.3086,
         0.1931,  0.1561,  0.3072,  0.2229,  0.3712,  0.1721,  0.3041,  0.2594,
         0.1583,  0.2001,  0.2913,  0.0983,  0.5822,  0.0718,  0.2546,  0.0955,
         0.2459,  0.0519,  0.2472,  0.2786,  0.3091,  0.3037,  0.1787,  0.0674,
         0.2228,  0.3769,  0.4671,  0.3296,  0.1041,  0.3391,  0.2309,  0.1540,
         0.1758,  0.2267,  0.2639,  0.1796,  0.2892,  0.2578,  0.2241,  0.1429,
         0.0662,  0.2828,  0.3427,  0.2011,  0.0703,  0.2728,  0.1142,  0.2915,
         0.2351,  0.2671,  0.0926,  0.2601,  0.1300,  0.2261,  0.1982,  0.0534,
         0.0703,  0.0532,  0.1020,  0.0861,  0.1189,  0.0956,  0.1865,  0.1638,
         0.1322,  0.1082,  0.1303,  0.0867,  0.0817,  0.0489,  0.3000,  0.2335,
         0.2939,  0.1297,  0.0779,  0.2272,  0.2405,  0.3389,  0.0917,  0.1913,
         0.1217,  0.1401,  0.2963,  0.2400,  0.1657,  0.1356,  0.2681,  0.1476,
         0.0709,  0.1648,  0.1759,  0.1716,  0.2304,  0.3775,  0.2122,  0.1910,
         0.4017,  0.1737,  0.0566,  0.0763,  0.0683,  0.1920,  0.1370,  0.1100,
         0.3094,  0.1208,  0.3427,  0.1604,  0.3616,  0.1515,  0.0767,  0.2090,
         0.0412,  0.2587,  0.1392, -0.0036,  0.1950,  0.1275,  0.3086,  0.1653],
       device='cuda:0')), ('layer2.0.downsample.1.bias', tensor([ 0.0259,  0.0582,  0.1336, -0.1101, -0.0461, -0.1342, -0.0521,  0.0468,
        -0.0595,  0.0957,  0.0008, -0.0270, -0.0523,  0.0126,  0.0433,  0.0068,
         0.0551, -0.0324, -0.0220,  0.0102, -0.2193, -0.1162,  0.0504, -0.1137,
         0.1079,  0.0374,  0.0150,  0.0194,  0.0791,  0.1346,  0.0084,  0.0411,
         0.1043,  0.0525, -0.0557, -0.1162,  0.1031, -0.1582,  0.0089,  0.1206,
         0.0160,  0.0913, -0.0660,  0.0970,  0.1063,  0.0532,  0.0309,  0.0261,
        -0.0071, -0.0601, -0.0170, -0.1668,  0.1235,  0.0816,  0.0612,  0.0919,
         0.0237,  0.0457, -0.1162,  0.0255, -0.2154,  0.0122, -0.1879,  0.0454,
        -0.0843,  0.0601, -0.0336,  0.0500,  0.0555, -0.1695,  0.0103, -0.0320,
        -0.1400,  0.0146,  0.0453,  0.1198, -0.1270,  0.0478,  0.0423, -0.0602,
         0.0034, -0.0129,  0.0905,  0.1363, -0.0312,  0.0558,  0.0871, -0.0509,
         0.0229, -0.0115,  0.1367, -0.2594,  0.0072, -0.0566,  0.0366, -0.0712,
         0.0911,  0.1575, -0.1096,  0.1022, -0.0528,  0.0828, -0.0681, -0.0847,
        -0.0236,  0.0528,  0.1288,  0.1382, -0.0596, -0.0625, -0.0751, -0.1184,
         0.0679, -0.1634,  0.0412, -0.2800, -0.1048, -0.0680, -0.0747,  0.0373,
        -0.0251,  0.0894, -0.0199, -0.0176,  0.0326, -0.0380,  0.0461, -0.1382],
       device='cuda:0')), ('layer2.0.downsample.1.running_mean', tensor([-0.2210,  0.1437,  0.0105,  0.1112, -0.0609, -0.2611,  0.2409, -0.1974,
         0.0146, -0.1399, -0.2473, -0.4653, -0.3831, -0.1478,  0.0428, -0.2217,
        -0.0641,  0.2346,  0.0810,  0.0112, -0.1735, -0.1839, -0.7346, -0.2219,
         0.1016,  0.1534, -0.3320, -0.2264,  0.2469, -0.8322, -0.0636, -0.0872,
        -0.9865, -0.2406, -0.0490, -0.4103,  0.2718,  0.1991, -0.0612,  0.3147,
        -0.4414,  0.2088, -0.1279, -0.3026, -0.2766, -0.0352, -0.2229, -0.1861,
         0.0289, -0.2866,  0.2080, -0.5547,  0.0297,  0.1811, -0.0369, -0.2725,
         0.0758,  0.4856,  0.0623,  0.0553,  0.1400, -0.3975, -0.1458,  0.0485,
        -0.0730,  0.1696, -0.3218, -0.1219, -0.1451,  0.2351, -0.2932,  0.3595,
         0.1865, -0.0810, -0.5932, -0.1425, -0.2739,  0.2901,  0.3320, -0.1238,
         0.3772, -0.2724, -0.2309, -0.2144, -0.2722, -0.0845,  0.0525, -0.0334,
         0.4100,  0.0995, -0.4076,  0.2170,  0.2653,  0.0934, -0.2557, -0.1117,
        -0.2015, -0.4464, -0.1242,  0.2269, -0.1658, -0.1663,  0.2714, -0.2806,
        -0.2768, -0.5348,  0.1699,  0.1112, -0.1883, -0.1536, -0.0840, -0.3720,
        -0.4722, -0.0981, -0.1906,  0.7243, -0.2221, -0.0093,  0.0727, -0.0023,
         0.0485,  1.0130,  0.0621,  0.0572, -0.7916, -0.1499,  1.2993, -0.2986],
       device='cuda:0')), ('layer2.0.downsample.1.running_var', tensor([0.1874, 0.0170, 0.0269, 0.0734, 0.0747, 0.0379, 0.0277, 0.1964, 0.0475,
        0.0769, 0.1075, 0.1111, 0.1222, 0.0610, 0.1251, 0.0951, 0.0680, 0.0971,
        0.1078, 0.0248, 0.1392, 0.0141, 0.0847, 0.0208, 0.1034, 0.0093, 0.1209,
        0.1111, 0.1089, 0.1420, 0.0826, 0.0200, 0.0647, 0.2245, 0.1118, 0.0564,
        0.0464, 0.0536, 0.1318, 0.1081, 0.0926, 0.1027, 0.0738, 0.0686, 0.1188,
        0.1504, 0.0867, 0.0763, 0.0154, 0.0962, 0.1089, 0.0613, 0.0270, 0.0928,
        0.0440, 0.1381, 0.0722, 0.0903, 0.0199, 0.1476, 0.0120, 0.0707, 0.0547,
        0.0241, 0.0146, 0.0119, 0.0356, 0.0192, 0.0612, 0.0178, 0.0687, 0.0594,
        0.0349, 0.0303, 0.0587, 0.0380, 0.0175, 0.0166, 0.0872, 0.1002, 0.0940,
        0.0334, 0.0265, 0.1050, 0.0600, 0.2113, 0.0238, 0.0645, 0.0386, 0.0415,
        0.1640, 0.0624, 0.0382, 0.0512, 0.0712, 0.0459, 0.0264, 0.0552, 0.0389,
        0.1030, 0.1083, 0.2602, 0.0498, 0.0559, 0.1025, 0.0600, 0.0330, 0.0421,
        0.0213, 0.0624, 0.0321, 0.0420, 0.2043, 0.0255, 0.1939, 0.0349, 0.1404,
        0.0473, 0.0174, 0.0757, 0.0158, 0.2300, 0.0298, 0.0062, 0.0482, 0.0322,
        0.1317, 0.0464], device='cuda:0')), ('layer2.0.downsample.1.num_batches_tracked', tensor(460, device='cuda:0')), ('layer2.1.conv1.weight', tensor([[[[ 1.9944e-04, -7.4661e-03, -6.7845e-03],
          [ 2.6330e-02,  2.0100e-03,  5.3331e-03],
          [ 1.1855e-02, -1.3907e-02,  4.3885e-03]],

         [[-2.1477e-02, -1.1638e-03, -1.5615e-02],
          [-1.6014e-02,  9.2958e-03,  6.4714e-03],
          [ 1.2048e-02, -7.5789e-03, -1.1627e-02]],

         [[-1.5780e-03,  2.7109e-02,  2.2210e-02],
          [-6.2006e-02, -2.6089e-02,  5.9219e-03],
          [ 4.1649e-02, -1.0255e-01, -5.6745e-02]],

         ...,

         [[-8.8763e-03,  1.2819e-02,  2.3149e-02],
          [-1.8402e-02, -3.7846e-02,  1.4339e-02],
          [-6.3215e-03, -7.4741e-03,  3.6379e-02]],

         [[-1.5340e-02, -2.8555e-02, -1.4069e-02],
          [ 2.9438e-02,  2.2128e-02,  4.0553e-03],
          [-2.7012e-03, -3.7491e-03, -1.3198e-03]],

         [[ 4.9338e-03,  1.5455e-02,  3.7915e-02],
          [ 8.8955e-03,  4.4564e-02,  1.8031e-02],
          [-9.1670e-03, -2.1946e-02, -6.0947e-06]]],


        [[[ 8.3494e-02,  8.3183e-02, -5.4255e-02],
          [ 3.6738e-02, -2.6003e-03, -1.0481e-01],
          [-6.0770e-02, -1.2500e-01, -1.3102e-01]],

         [[ 9.4883e-04, -1.5314e-02,  5.3059e-03],
          [-2.2746e-02, -3.1162e-02,  1.2356e-02],
          [ 1.3885e-02,  1.8670e-02,  6.0125e-02]],

         [[ 2.2384e-02,  1.2846e-02,  2.0517e-02],
          [-2.1104e-02, -3.1602e-03,  3.1781e-02],
          [-1.5149e-02, -1.3991e-02,  1.6773e-02]],

         ...,

         [[-3.7502e-02, -1.9941e-02, -6.1912e-03],
          [-3.5325e-02,  1.0853e-02,  1.3336e-02],
          [-1.3632e-03,  7.1893e-03,  4.4993e-03]],

         [[-4.5467e-02, -1.6183e-02,  1.1575e-02],
          [-4.1385e-02, -1.9321e-02,  2.8388e-02],
          [-7.1665e-03, -9.9850e-03,  8.5593e-03]],

         [[ 4.4705e-03,  1.2667e-02,  4.0662e-03],
          [ 1.1964e-02, -1.6062e-02, -8.7520e-03],
          [-2.1454e-02,  1.4870e-03,  3.1713e-03]]],


        [[[-1.8636e-02, -5.9925e-03,  2.1995e-03],
          [-4.2541e-03,  1.0103e-02,  1.1307e-02],
          [-1.4934e-02,  2.9684e-02,  3.9261e-03]],

         [[ 5.3291e-03,  9.5162e-03,  3.1213e-02],
          [-6.6472e-03,  3.1199e-03, -4.2086e-03],
          [ 2.9661e-02,  2.2755e-03, -4.1654e-03]],

         [[-3.9941e-02,  2.8827e-03,  1.4046e-01],
          [-4.5506e-02, -2.5105e-03,  7.8847e-02],
          [-5.5379e-02, -5.3748e-03,  2.4788e-02]],

         ...,

         [[ 3.5972e-02,  4.9919e-03, -4.2158e-02],
          [-1.0200e-02, -9.5140e-02, -2.4465e-03],
          [-3.0091e-02,  8.5805e-04,  7.4592e-02]],

         [[ 1.8049e-02,  5.9462e-03, -9.2803e-03],
          [-1.7959e-02, -3.0423e-02, -2.7260e-02],
          [-1.9909e-02, -1.2365e-03,  3.2531e-03]],

         [[-1.1322e-02, -2.4185e-03, -1.7844e-02],
          [-3.2443e-02, -4.8495e-02, -3.4341e-02],
          [-1.8390e-02, -2.8056e-03, -5.1529e-03]]],


        ...,


        [[[ 3.4804e-02,  2.2844e-02,  9.7307e-03],
          [-8.9412e-03,  1.6889e-05,  2.4298e-03],
          [-2.0701e-02, -9.7186e-03,  1.5214e-02]],

         [[-5.1678e-03, -1.1466e-02, -1.6773e-03],
          [ 1.7939e-02,  2.0800e-02,  4.3786e-03],
          [-6.3106e-02, -4.4668e-02, -4.7856e-02]],

         [[ 4.1561e-03,  5.2759e-03,  5.9090e-03],
          [-1.4160e-02,  2.2249e-03, -2.6249e-02],
          [ 6.7990e-02,  6.2966e-02, -1.1721e-02]],

         ...,

         [[ 1.9369e-02,  2.4125e-02,  4.0540e-02],
          [ 5.6908e-03,  4.0465e-03,  1.8789e-02],
          [ 1.7570e-02,  6.5042e-02, -2.1366e-02]],

         [[-2.8858e-02, -3.3636e-02, -2.6409e-02],
          [ 9.3259e-03, -2.2681e-02, -1.1737e-02],
          [ 6.4788e-03,  6.9937e-02, -1.3920e-02]],

         [[ 3.0332e-03, -4.8096e-02, -2.0175e-02],
          [ 2.8641e-02, -7.1639e-02, -7.0499e-02],
          [ 4.9433e-02,  3.0034e-02, -1.9437e-02]]],


        [[[-2.0346e-02,  3.7560e-02,  9.1769e-03],
          [-6.9309e-03,  3.2826e-02, -1.4106e-03],
          [ 1.9107e-02,  1.0783e-02,  7.9028e-04]],

         [[-4.2105e-02, -6.9591e-02, -4.9455e-02],
          [-8.0248e-03,  1.0328e-02, -3.0021e-02],
          [-2.7476e-02, -2.1246e-02, -7.5280e-03]],

         [[-7.0194e-02, -6.8682e-02,  2.3673e-02],
          [ 4.5901e-02,  2.0904e-02,  5.4291e-02],
          [-1.0167e-03, -1.9354e-03, -1.0022e-02]],

         ...,

         [[-2.9821e-02,  1.1004e-02, -2.8105e-02],
          [ 7.2373e-04,  5.3170e-02,  1.5976e-02],
          [-2.2200e-02, -9.9558e-03, -3.5995e-02]],

         [[-2.8350e-02,  2.8801e-02, -2.9550e-02],
          [ 2.7136e-03, -3.8569e-02,  7.1570e-03],
          [ 4.2842e-02,  3.5003e-02,  7.7347e-02]],

         [[-2.7137e-02,  5.1409e-02,  1.5542e-02],
          [-5.2345e-02, -1.8659e-03,  1.7568e-02],
          [-2.1109e-02, -2.9465e-02, -1.3668e-02]]],


        [[[ 3.4996e-02,  5.1441e-02,  3.8831e-02],
          [ 2.1456e-02,  6.2853e-03,  3.1784e-03],
          [ 1.3318e-02,  6.6055e-03,  3.2481e-02]],

         [[ 9.8975e-03,  2.6476e-02,  4.3050e-02],
          [ 1.9072e-02,  4.5491e-02,  8.3609e-03],
          [ 5.2644e-03,  5.0332e-02,  5.6490e-03]],

         [[ 1.2944e-02,  1.6539e-02,  3.8854e-02],
          [-4.6245e-02,  1.5828e-02, -1.2044e-02],
          [ 3.0343e-02,  5.7799e-02, -8.7878e-03]],

         ...,

         [[-6.4981e-03,  9.0584e-03, -3.8380e-06],
          [ 8.7669e-03,  1.8153e-02,  9.3903e-03],
          [-1.7065e-02, -4.1671e-02, -8.3240e-03]],

         [[-8.6061e-03, -7.7698e-03, -2.6673e-02],
          [-8.9071e-03,  6.2659e-02, -4.7634e-03],
          [-7.6292e-03, -2.8928e-04, -8.0771e-03]],

         [[ 1.7291e-02,  1.0550e-02,  7.2077e-03],
          [-2.7831e-03,  2.8370e-02,  2.1193e-02],
          [ 1.8721e-02, -4.9783e-03, -1.0551e-02]]]], device='cuda:0')), ('layer2.1.bn1.weight', tensor([0.3328, 0.2929, 0.3243, 0.3415, 0.3023, 0.3053, 0.3057, 0.3541, 0.2893,
        0.3597, 0.2969, 0.3362, 0.2574, 0.3305, 0.3063, 0.4092, 0.3509, 0.4222,
        0.3035, 0.2544, 0.3393, 0.3236, 0.3366, 0.2716, 0.2858, 0.3967, 0.3182,
        0.3288, 0.3525, 0.3964, 0.2749, 0.3635, 0.1997, 0.2714, 0.3345, 0.2773,
        0.2531, 0.3850, 0.3287, 0.3260, 0.3700, 0.3404, 0.3657, 0.3381, 0.3067,
        0.3233, 0.3692, 0.2393, 0.3567, 0.3165, 0.3252, 0.3604, 0.3105, 0.3286,
        0.3919, 0.4390, 0.4519, 0.2974, 0.3043, 0.3391, 0.3286, 0.3228, 0.2367,
        0.3137, 0.2737, 0.3213, 0.3169, 0.3432, 0.3576, 0.2817, 0.3097, 0.3175,
        0.3144, 0.3907, 0.2585, 0.3440, 0.3258, 0.3693, 0.2586, 0.3742, 0.2571,
        0.2951, 0.3509, 0.3123, 0.2774, 0.2676, 0.2815, 0.4778, 0.3356, 0.2762,
        0.2957, 0.3225, 0.2481, 0.3133, 0.3503, 0.3134, 0.3358, 0.2795, 0.3549,
        0.2882, 0.2516, 0.3025, 0.3107, 0.3477, 0.3009, 0.3620, 0.2831, 0.2770,
        0.3213, 0.2743, 0.3329, 0.2425, 0.2951, 0.2784, 0.2658, 0.3186, 0.3496,
        0.2661, 0.2936, 0.2904, 0.3546, 0.4253, 0.3608, 0.3009, 0.2760, 0.4325,
        0.4033, 0.2705], device='cuda:0')), ('layer2.1.bn1.bias', tensor([-0.1729, -0.2324, -0.3381, -0.0825, -0.1920, -0.0634, -0.1886, -0.2841,
        -0.1649, -0.1793, -0.2652, -0.1985, -0.1181, -0.2405, -0.1683, -0.3088,
        -0.2655, -0.4040, -0.1962, -0.1395, -0.2473, -0.1223, -0.2013, -0.1879,
        -0.1016, -0.3464, -0.2244, -0.3270, -0.3057, -0.3278, -0.1545, -0.1956,
        -0.0656, -0.3289, -0.1445, -0.1541, -0.0973, -0.3235, -0.2233, -0.3470,
        -0.2275, -0.2271, -0.1814, -0.1550, -0.1745, -0.1506, -0.2903, -0.1666,
        -0.1966, -0.1531, -0.2200, -0.2241, -0.0902, -0.1606, -0.2410, -0.4823,
        -0.4454, -0.1002, -0.1652, -0.2113, -0.2266, -0.1944, -0.0457, -0.1749,
        -0.1182, -0.4765, -0.2136, -0.2286, -0.1816, -0.1594, -0.1929, -0.2045,
        -0.1970, -0.2716, -0.0412, -0.2209, -0.2759, -0.2645, -0.1010, -0.2960,
        -0.1425, -0.1474, -0.1892, -0.1295, -0.1849, -0.1136, -0.1308, -0.4175,
        -0.2339, -0.1347, -0.1163, -0.2104, -0.0935, -0.1697, -0.3850, -0.2543,
        -0.1609, -0.1924, -0.2401, -0.1663, -0.1106, -0.1499, -0.1220, -0.2346,
        -0.2031, -0.3828, -0.1508, -0.1218, -0.1290, -0.2057, -0.1836, -0.2245,
        -0.1265, -0.2565, -0.1432, -0.0730, -0.2248, -0.1497, -0.2925, -0.1139,
        -0.2178, -0.4904, -0.3684, -0.1447, -0.1235, -0.3755, -0.6750, -0.1526],
       device='cuda:0')), ('layer2.1.bn1.running_mean', tensor([-0.3910, -0.5018,  0.2068, -0.7408, -0.6732, -0.6460, -0.4027, -0.6963,
        -0.1946, -0.3579, -0.4052, -0.3177, -0.1285, -0.4077, -0.3676, -0.6039,
        -0.3510, -0.5540,  0.1249, -0.2130, -0.3030, -0.5064, -0.5146, -0.1559,
        -0.8615, -0.3127, -0.4588, -0.1429, -0.5260, -0.4242, -0.5483, -0.7804,
         0.6688, -0.2217, -0.0425, -0.4800, -0.5862, -0.4218, -0.3001,  0.6131,
        -0.3212, -0.5403, -0.2847, -0.4376, -0.4042, -0.2309, -0.2970,  0.0169,
        -0.3411, -0.4611, -0.4136, -0.3944, -0.1595, -0.2666, -0.6553, -0.5142,
        -1.0647, -0.1283, -0.1355, -0.6105, -0.5340, -0.2816, -0.0741, -0.4307,
        -0.0860,  0.4164, -0.5885, -0.2571, -0.2392,  0.3450, -0.3870, -0.1783,
        -0.5814, -0.2662, -0.0897, -0.5110,  0.0391, -0.4749,  0.0569, -0.4336,
        -0.2865,  0.0938, -0.0460, -0.8127, -0.0644, -0.3924, -0.0981, -0.4090,
        -0.3349,  1.0832, -0.4147, -0.1147, -0.1428, -0.1912,  0.1369, -0.3794,
        -0.2863, -0.1977, -0.5340, -0.0585, -0.1991, -0.3854, -0.2232, -0.4643,
        -0.4046, -0.1729, -0.2501,  0.0747, -0.7196, -0.2133, -0.5670, -0.3265,
        -0.6804,  0.4806,  0.1447, -0.5452, -0.5082, -0.3179, -0.2160, -0.0181,
        -0.3935, -0.8847, -0.7690, -0.4126,  0.2379, -1.0374, -1.1613,  0.0609],
       device='cuda:0')), ('layer2.1.bn1.running_var', tensor([0.2687, 0.1458, 0.2577, 0.4656, 0.1603, 0.3509, 0.1978, 0.1558, 0.2307,
        0.4502, 0.1062, 0.3435, 0.2192, 0.1634, 0.2189, 0.1847, 0.2786, 0.2341,
        0.1990, 0.1626, 0.1932, 0.2273, 0.3827, 0.1665, 0.2441, 0.2810, 0.1712,
        0.1358, 0.1683, 0.2716, 0.1649, 0.2336, 0.1864, 0.1225, 0.3646, 0.1842,
        0.1527, 0.2915, 0.1990, 0.1564, 0.3247, 0.2641, 0.2926, 0.2339, 0.3141,
        0.2842, 0.2095, 0.1185, 0.2366, 0.2236, 0.2468, 0.3400, 0.2849, 0.2989,
        0.5255, 0.1876, 0.2261, 0.3828, 0.2235, 0.1748, 0.2792, 0.2518, 0.2330,
        0.3548, 0.2068, 0.1249, 0.1848, 0.2145, 0.3475, 0.3100, 0.2167, 0.2092,
        0.1853, 0.2519, 0.2941, 0.2860, 0.3166, 0.2169, 0.2051, 0.2519, 0.1702,
        0.1732, 0.2603, 0.3686, 0.1510, 0.1999, 0.3092, 0.2391, 0.2366, 0.2314,
        0.2435, 0.1908, 0.1456, 0.2406, 0.3115, 0.2107, 0.3208, 0.1434, 0.2345,
        0.1673, 0.1490, 0.2534, 0.3551, 0.2616, 0.1418, 0.1938, 0.3089, 0.1964,
        0.3182, 0.1217, 0.3354, 0.1168, 0.1675, 0.2702, 0.2043, 0.2765, 0.2366,
        0.1655, 0.1298, 0.2409, 0.2133, 0.1511, 0.1593, 0.3197, 0.2294, 0.2386,
        0.1457, 0.1531], device='cuda:0')), ('layer2.1.bn1.num_batches_tracked', tensor(460, device='cuda:0')), ('layer2.1.conv2.weight', tensor([[[[-1.6578e-02,  4.6573e-03, -3.2519e-03],
          [-8.4568e-03, -2.1396e-02, -2.8063e-02],
          [ 6.1650e-03,  8.8401e-03, -1.5808e-02]],

         [[-1.1774e-02,  1.0675e-03,  2.5570e-02],
          [-1.9375e-02,  2.0994e-02,  6.7221e-02],
          [ 7.4251e-03,  8.0621e-02,  1.0560e-01]],

         [[-7.9031e-03,  6.8464e-03,  2.5893e-02],
          [-8.2870e-03,  1.0198e-02,  1.0404e-02],
          [ 6.8626e-03,  1.3285e-02,  9.8045e-03]],

         ...,

         [[ 1.5885e-02,  6.8949e-03,  2.2445e-02],
          [-1.7548e-02, -8.6672e-02, -2.6095e-02],
          [-2.0419e-02, -5.1172e-02, -3.3419e-03]],

         [[ 3.3365e-02,  4.2932e-02,  3.3340e-02],
          [-1.7163e-02, -6.7411e-02, -2.5423e-02],
          [ 3.1302e-02,  3.3445e-02,  1.3099e-02]],

         [[-1.8678e-02, -1.6563e-02, -1.1282e-02],
          [-2.6093e-02, -2.9884e-02, -1.0387e-02],
          [-1.4158e-02, -9.0831e-03, -2.3124e-02]]],


        [[[ 8.7640e-03,  3.2653e-02,  4.2306e-02],
          [ 5.0996e-02,  5.1667e-02,  1.6218e-04],
          [ 1.6388e-02,  1.3055e-02, -1.9061e-02]],

         [[-1.4867e-02, -5.1338e-03, -1.7762e-02],
          [-1.4202e-02,  4.4233e-03, -1.4718e-02],
          [-2.4871e-02, -3.9299e-03, -1.4112e-02]],

         [[ 1.2629e-02, -1.5626e-02, -3.3040e-02],
          [-3.1135e-02, -7.6371e-03, -1.2359e-03],
          [-4.1397e-02,  1.7381e-03,  1.2525e-02]],

         ...,

         [[-4.7677e-02, -4.4612e-02, -5.9985e-02],
          [-2.4695e-02, -1.6829e-02, -3.0516e-02],
          [-1.5884e-03,  2.2013e-02,  7.4707e-03]],

         [[ 1.5141e-02,  1.7585e-02,  2.0993e-03],
          [ 6.2893e-03,  9.7757e-03, -2.6201e-03],
          [-1.2521e-02, -8.1785e-03, -2.2838e-03]],

         [[-3.1556e-02, -2.1583e-02, -2.1325e-02],
          [-1.1051e-02, -2.4944e-02, -5.9803e-04],
          [-1.9220e-02, -2.9735e-02, -1.6449e-02]]],


        [[[-4.7238e-02, -2.7289e-02,  8.6356e-02],
          [ 7.4813e-03,  4.6071e-02,  9.5198e-02],
          [ 7.5856e-02,  4.2844e-02, -5.0048e-02]],

         [[ 8.4008e-03,  2.3545e-02, -6.1226e-05],
          [ 1.9483e-02,  1.2225e-02, -2.9310e-03],
          [ 3.0604e-02, -2.1614e-04, -2.7581e-02]],

         [[ 6.3991e-02, -2.7186e-02, -5.7390e-02],
          [-1.8643e-02, -8.1353e-02, -2.3440e-02],
          [ 1.1674e-02,  2.5104e-02,  1.3174e-02]],

         ...,

         [[ 5.6730e-03, -2.2553e-02,  9.2375e-03],
          [-4.3655e-02, -2.6125e-02,  2.1259e-02],
          [-3.5145e-02, -4.0244e-02, -2.1039e-02]],

         [[ 3.5730e-02,  6.4263e-02,  4.3968e-02],
          [ 4.8239e-03,  2.3096e-02, -1.8481e-04],
          [-8.3180e-03, -4.9653e-02, -9.3381e-03]],

         [[-4.5658e-03, -2.9007e-02, -2.2119e-02],
          [-9.8795e-03,  8.2203e-03, -1.6526e-03],
          [-2.8243e-02, -3.5374e-02, -4.2791e-02]]],


        ...,


        [[[ 6.1306e-04, -2.2144e-02, -5.9622e-03],
          [-9.4599e-03, -3.5052e-02, -1.3301e-02],
          [-1.5771e-02, -1.4966e-02,  1.4983e-02]],

         [[ 1.2826e-02,  1.4754e-02,  2.4787e-02],
          [ 8.0059e-03, -1.7195e-02,  1.4152e-02],
          [-1.5662e-02, -1.8636e-02,  2.5312e-02]],

         [[-5.9135e-03,  3.2915e-02, -8.4261e-03],
          [-2.4978e-02,  8.9878e-03,  3.7591e-02],
          [-2.9471e-02, -2.0711e-03,  2.1260e-02]],

         ...,

         [[-3.2267e-02, -9.9942e-02, -4.8402e-02],
          [-2.1787e-04,  4.2686e-02, -1.2448e-02],
          [-1.4114e-02, -8.1828e-03,  1.7176e-02]],

         [[-2.8985e-02, -3.2628e-02, -3.3163e-03],
          [-6.3516e-04, -3.6913e-02, -2.7991e-02],
          [-1.3963e-02, -7.8578e-02, -3.8557e-02]],

         [[ 2.8787e-02,  1.8356e-02,  2.1105e-02],
          [-1.3402e-02, -2.1791e-03,  6.0131e-03],
          [-1.2615e-02, -6.5023e-03, -1.2546e-03]]],


        [[[-2.2174e-02, -3.2048e-02, -9.2483e-03],
          [-3.9719e-02, -3.3189e-02, -5.4712e-03],
          [-2.8683e-02, -3.2180e-02,  4.0617e-03]],

         [[-1.1907e-02,  4.8309e-03,  1.5733e-02],
          [-2.2411e-02,  1.6529e-03,  5.8147e-03],
          [ 5.9976e-03,  1.0556e-02,  1.4484e-02]],

         [[-1.1828e-02, -6.5234e-03,  2.7178e-02],
          [ 1.2738e-02,  1.3825e-02,  2.8849e-02],
          [ 3.1956e-02,  2.0768e-02, -6.9274e-04]],

         ...,

         [[-1.2256e-02,  4.1076e-03,  1.3101e-02],
          [-1.9329e-04,  1.5157e-02,  3.6764e-02],
          [ 3.0484e-03,  2.9060e-04,  1.3290e-02]],

         [[ 1.6843e-03, -1.4874e-02, -1.4028e-02],
          [ 9.2939e-03,  1.4634e-02,  9.0134e-03],
          [ 6.1289e-05,  2.2728e-03,  1.6755e-02]],

         [[-4.7911e-04,  5.3169e-03, -2.8890e-03],
          [ 4.1034e-03, -6.8057e-03, -1.0511e-02],
          [ 2.3035e-02,  2.3794e-02,  8.3490e-03]]],


        [[[ 3.5122e-02,  3.0425e-02, -1.9669e-03],
          [-2.8915e-02, -2.3509e-02, -2.8590e-02],
          [-2.6292e-02,  3.8524e-02,  3.4158e-02]],

         [[-1.4891e-02, -1.3191e-02,  1.3156e-02],
          [ 5.4731e-04, -2.1160e-02,  1.9234e-02],
          [ 1.7488e-03,  1.8733e-02,  1.2420e-02]],

         [[-2.8256e-02,  8.5669e-03, -6.0784e-03],
          [-2.0429e-02, -1.3738e-03,  2.0117e-02],
          [ 1.3849e-02, -2.2330e-02, -3.0215e-02]],

         ...,

         [[-3.5624e-02, -3.3590e-02, -4.0869e-02],
          [ 2.3997e-03, -1.9656e-02,  1.4292e-02],
          [ 1.7276e-02, -5.6465e-02, -4.8594e-02]],

         [[-7.2784e-03,  2.3291e-02,  2.6148e-02],
          [-1.5512e-02, -2.8025e-02,  2.0136e-03],
          [-4.5020e-02, -2.7780e-02, -2.1666e-02]],

         [[-5.2623e-02, -2.7631e-02,  1.4159e-02],
          [-3.5396e-02,  5.9852e-03, -2.8908e-02],
          [-2.4605e-02, -2.5978e-02, -4.8042e-02]]]], device='cuda:0')), ('layer2.1.bn2.weight', tensor([0.1179, 0.1611, 0.3100, 0.2921, 0.2939, 0.5269, 0.4044, 0.1997, 0.3398,
        0.1982, 0.2532, 0.2300, 0.1649, 0.2892, 0.2218, 0.2324, 0.2409, 0.2208,
        0.1875, 0.3069, 0.2045, 0.4788, 0.2504, 0.3905, 0.3216, 0.3994, 0.2592,
        0.1557, 0.2280, 0.2142, 0.2666, 0.3544, 0.2493, 0.1865, 0.2449, 0.6485,
        0.3895, 0.4275, 0.1808, 0.1584, 0.1769, 0.3560, 0.2702, 0.1282, 0.1644,
        0.1745, 0.1822, 0.1722, 0.4171, 0.3227, 0.1723, 0.4694, 0.4105, 0.1993,
        0.1989, 0.1551, 0.2875, 0.1084, 0.3654, 0.1903, 0.5359, 0.2427, 0.4432,
        0.1644, 0.2023, 0.2064, 0.1997, 0.4025, 0.3065, 0.6167, 0.2256, 0.3217,
        0.4548, 0.4366, 0.1561, 0.4101, 0.5804, 0.2335, 0.1623, 0.3135, 0.2229,
        0.3166, 0.1172, 0.2485, 0.2171, 0.0988, 0.3117, 0.2581, 0.3288, 0.1753,
        0.2721, 0.4160, 0.5172, 0.2151, 0.1894, 0.2866, 0.2481, 0.1341, 0.6223,
        0.1805, 0.2393, 0.1425, 0.1771, 0.2822, 0.2004, 0.3798, 0.3765, 0.1281,
        0.3650, 0.4301, 0.4179, 0.2659, 0.2036, 0.5140, 0.1439, 0.4404, 0.3586,
        0.2543, 0.5663, 0.2484, 0.1364, 0.0602, 0.3418, 0.1309, 0.4598, 0.2926,
        0.1347, 0.3899], device='cuda:0')), ('layer2.1.bn2.bias', tensor([-0.1410, -0.0899, -0.4164, -0.2307, -0.0749, -0.3537, -0.3337, -0.0792,
        -0.1771,  0.0475, -0.2858, -0.1774, -0.1585, -0.0680, -0.1554, -0.1055,
        -0.2345, -0.0966, -0.0914, -0.0638, -0.1936, -0.2048, -0.2699, -0.1874,
        -0.3540, -0.1128, -0.1637, -0.0197, -0.1668, -0.2114, -0.1753, -0.0869,
        -0.2219, -0.1884, -0.2973, -0.4564, -0.0244, -0.0530,  0.0430, -0.0613,
        -0.0493, -0.1205, -0.0127,  0.0327, -0.2010, -0.0916, -0.0498, -0.1056,
        -0.0789, -0.1966, -0.1511, -0.3232, -0.3260, -0.2287, -0.0383, -0.1884,
        -0.1936, -0.0784,  0.2746, -0.0651, -0.0898, -0.2531, -0.2356, -0.0039,
        -0.0969, -0.3178,  0.1602, -0.0014, -0.2323, -0.4143, -0.1319, -0.3168,
        -0.2610, -0.5397,  0.0766, -0.2553, -0.4449, -0.0250, -0.0954, -0.2183,
        -0.1998, -0.0161, -0.0890, -0.2144,  0.1104, -0.0619, -0.1190, -0.1627,
        -0.1320, -0.1751, -0.3723, -0.3389, -0.3417,  0.0353, -0.2079, -0.1074,
         0.0155, -0.0352, -0.2130, -0.1138, -0.1645, -0.1987,  0.0926, -0.0044,
        -0.1331, -0.2938,  0.0154, -0.1096, -0.1303, -0.1699, -0.1730, -0.1833,
        -0.2280, -0.3559, -0.1755, -0.3561, -0.1564, -0.2682, -0.2622,  0.0058,
        -0.0331, -0.0041, -0.0830,  0.0377, -0.4879, -0.2753,  0.1261, -0.1240],
       device='cuda:0')), ('layer2.1.bn2.running_mean', tensor([-2.6180e-02,  3.7074e-02,  4.6314e-02, -6.6516e-02, -1.8632e-01,
        -7.8876e-02, -1.9980e-01, -8.0486e-02, -1.8586e-01,  1.1649e-01,
        -7.0083e-02, -2.7390e-02, -4.8387e-02, -1.8448e-01,  2.1076e-02,
         6.8333e-02, -5.9129e-02, -2.2890e-02,  3.8438e-02, -7.9369e-02,
        -6.8665e-02, -5.3180e-02,  1.1247e-01, -1.2527e-01,  4.3869e-02,
        -1.1384e-01, -8.1230e-03, -4.7890e-02,  1.2405e-02,  4.3000e-02,
        -1.6307e-01, -6.7978e-02, -6.9304e-02,  1.7014e-02,  6.2318e-02,
        -2.8087e-01, -2.8523e-01, -2.5127e-01, -8.3203e-02,  1.2534e-02,
         1.3852e-01, -2.7326e-01,  7.5937e-02, -5.1419e-02, -2.3061e-02,
        -1.9291e-02, -1.3541e-01,  4.0415e-04, -4.3178e-01, -6.6567e-02,
        -1.1399e-01, -8.8308e-02, -7.7567e-02,  6.7257e-02, -1.4127e-01,
        -2.7411e-02, -1.2367e-01, -4.6556e-02, -1.6358e-01,  8.0698e-02,
        -5.4021e-01,  7.1324e-02, -1.1248e-01, -1.9090e-02,  4.2581e-02,
        -8.0108e-02, -3.2980e-03, -2.6142e-01, -1.2120e-01, -3.2680e-02,
        -5.3567e-02, -1.6412e-01, -6.3791e-02, -6.3878e-02, -5.6909e-02,
        -1.0411e-01,  3.0006e-02,  3.3388e-02,  6.2715e-03, -1.7095e-02,
         2.0040e-01, -2.8385e-01,  6.1804e-02,  2.9030e-02, -1.3736e-01,
        -6.7355e-02, -7.7969e-02, -1.0925e-01, -2.4333e-01, -4.0611e-02,
         9.8466e-02, -2.0684e-01, -1.4248e-01, -1.2117e-01, -5.2812e-02,
        -8.4803e-02, -1.7509e-02,  1.7101e-02, -5.8859e-01,  9.4719e-03,
         3.6659e-02,  1.8208e-02, -1.4119e-01, -1.4567e-01,  5.3991e-03,
        -1.6598e-01, -2.4363e-01,  9.7503e-02,  3.5417e-02,  5.6359e-01,
        -1.0796e-02,  7.0374e-02,  4.9810e-02, -9.8544e-02, -4.7098e-02,
         1.1453e-01, -5.5566e-02, -9.3941e-03, -2.4262e-01, -4.2922e-02,
         5.6718e-02,  6.8540e-02, -2.5245e-01, -8.7196e-02, -1.7258e-01,
        -4.8932e-02, -1.3164e-01, -6.6836e-02], device='cuda:0')), ('layer2.1.bn2.running_var', tensor([0.0189, 0.0224, 0.0285, 0.0236, 0.0318, 0.0552, 0.0396, 0.0275, 0.0309,
        0.0456, 0.0322, 0.0205, 0.0172, 0.0303, 0.0325, 0.0317, 0.0228, 0.0269,
        0.0345, 0.0344, 0.0177, 0.0515, 0.0311, 0.0430, 0.0418, 0.0454, 0.0284,
        0.0178, 0.0316, 0.0330, 0.0381, 0.0480, 0.0345, 0.0304, 0.0239, 0.0610,
        0.0589, 0.0413, 0.0297, 0.0341, 0.0342, 0.0901, 0.0269, 0.0188, 0.0236,
        0.0227, 0.0203, 0.0174, 0.0657, 0.0428, 0.0208, 0.0423, 0.0357, 0.0230,
        0.0356, 0.0232, 0.0284, 0.0197, 0.0741, 0.0286, 0.0688, 0.0229, 0.0517,
        0.0279, 0.0239, 0.0141, 0.0532, 0.0608, 0.0350, 0.0520, 0.0211, 0.0372,
        0.0507, 0.0337, 0.0365, 0.0405, 0.0492, 0.0346, 0.0196, 0.0373, 0.0201,
        0.0578, 0.0144, 0.0313, 0.0398, 0.0169, 0.0466, 0.0345, 0.0363, 0.0173,
        0.0337, 0.0441, 0.0350, 0.0281, 0.0187, 0.0391, 0.0367, 0.0191, 0.0679,
        0.0389, 0.0253, 0.0247, 0.0298, 0.0331, 0.0248, 0.0473, 0.0742, 0.0190,
        0.0415, 0.0613, 0.0440, 0.0408, 0.0273, 0.0389, 0.0222, 0.0326, 0.0521,
        0.0194, 0.0620, 0.0350, 0.0269, 0.0169, 0.0363, 0.0165, 0.0336, 0.0285,
        0.0302, 0.0466], device='cuda:0')), ('layer2.1.bn2.num_batches_tracked', tensor(460, device='cuda:0')), ('layer3.0.conv1.weight', tensor([[[[-1.2273e-02, -1.3074e-02, -1.2191e-02],
          [-3.3442e-03,  1.5731e-02,  1.1428e-02],
          [-1.1146e-02,  4.7160e-03, -6.3250e-03]],

         [[-1.0345e-02, -1.7855e-02, -4.5180e-03],
          [ 1.0069e-02, -1.3503e-02, -5.7563e-03],
          [ 8.3082e-03, -1.3542e-02, -6.1509e-03]],

         [[-2.3175e-02, -3.9217e-02, -3.1494e-02],
          [-3.1659e-02, -5.6827e-02, -3.9966e-02],
          [-3.5709e-02, -3.7410e-02, -1.9121e-02]],

         ...,

         [[ 3.1277e-03,  8.0509e-03,  1.3125e-02],
          [-4.6411e-04,  2.4711e-02,  5.4706e-03],
          [-4.9075e-03,  4.9684e-03,  5.8460e-03]],

         [[ 1.1576e-02, -1.5862e-02, -6.1390e-03],
          [ 5.4251e-03,  2.1994e-03, -3.0741e-03],
          [-1.4658e-02, -1.7444e-02, -1.0589e-02]],

         [[ 5.3213e-02,  4.9058e-02,  2.6872e-02],
          [ 3.2262e-02, -1.2838e-03, -5.0356e-03],
          [-1.3856e-02, -3.0768e-03, -1.3843e-02]]],


        [[[ 2.3373e-03, -1.8545e-02, -3.1424e-02],
          [ 8.2733e-03, -1.1543e-02, -3.2960e-02],
          [ 1.0682e-02, -1.6238e-02, -1.3641e-02]],

         [[ 1.3591e-02,  1.4651e-02, -1.9723e-02],
          [ 6.5553e-03,  1.3700e-02,  8.3609e-03],
          [-1.2499e-02, -1.6765e-02,  1.0740e-03]],

         [[-1.8280e-02,  9.3705e-03,  1.7034e-02],
          [ 7.5120e-04,  7.8196e-03,  2.9478e-02],
          [ 4.5662e-03,  3.8118e-03,  1.4437e-02]],

         ...,

         [[-1.8507e-02, -6.4448e-03,  3.0146e-03],
          [-2.3911e-03, -1.0010e-02, -1.1121e-02],
          [-4.7740e-03, -5.5735e-03,  1.1694e-03]],

         [[ 1.2504e-03, -2.3125e-02,  4.4362e-03],
          [ 1.0349e-02, -1.8870e-02, -1.0770e-02],
          [-1.1095e-02, -3.3951e-02, -3.6494e-02]],

         [[ 4.9141e-03,  1.5148e-02,  7.6938e-03],
          [-5.2936e-03,  1.2928e-02,  1.6750e-02],
          [ 1.4014e-02,  2.9245e-02,  2.7478e-02]]],


        [[[-3.7992e-02, -2.0789e-02, -1.8410e-02],
          [-9.9063e-03, -2.3796e-02,  3.6453e-03],
          [-5.7650e-03, -1.8120e-02, -2.0962e-02]],

         [[-1.5666e-02, -3.2225e-02, -2.1994e-02],
          [-2.7968e-02, -4.4979e-02, -6.0237e-02],
          [ 2.8200e-02, -1.5986e-02, -2.2799e-02]],

         [[ 1.6263e-02,  2.0271e-02, -4.6750e-03],
          [ 1.7480e-02,  2.3672e-02,  1.3765e-02],
          [ 2.9779e-02,  4.7229e-02,  2.0787e-02]],

         ...,

         [[ 7.4486e-03, -1.2290e-02, -1.3645e-02],
          [-1.1559e-02, -3.0347e-02, -7.2119e-03],
          [-5.0491e-03, -1.5425e-02, -3.0465e-02]],

         [[-8.8309e-03, -1.0337e-02, -1.5930e-02],
          [-2.5306e-02, -1.4879e-03,  2.7710e-02],
          [-7.1185e-03,  6.3219e-03,  1.1301e-02]],

         [[ 1.2599e-02, -3.3696e-02, -2.1802e-02],
          [-1.5499e-02, -1.4917e-02,  9.4397e-03],
          [ 1.0407e-02,  7.3300e-03, -5.4749e-03]]],


        ...,


        [[[ 6.8634e-03,  2.6284e-02,  8.0200e-03],
          [ 1.7453e-02,  2.8967e-02,  4.3427e-02],
          [ 3.7848e-02,  2.1755e-02,  3.6511e-02]],

         [[ 5.2367e-04,  3.4468e-03,  9.4499e-03],
          [ 4.5965e-03,  1.9100e-02,  7.8925e-03],
          [ 1.5296e-02, -2.2081e-03, -1.7246e-02]],

         [[-4.0718e-03,  2.7639e-02,  1.8788e-03],
          [-1.6122e-02,  2.9462e-02,  9.6387e-03],
          [-3.3997e-03,  2.7017e-02,  3.3583e-03]],

         ...,

         [[ 3.6050e-03, -3.8605e-03,  1.7948e-02],
          [ 1.1502e-02,  2.6735e-03,  1.0429e-02],
          [ 5.3513e-03,  8.4608e-03,  1.9877e-02]],

         [[-1.8720e-02,  7.0218e-03, -1.4932e-02],
          [-1.1305e-02,  1.0313e-02, -1.2390e-02],
          [ 1.0240e-02,  5.0090e-02,  3.8375e-02]],

         [[ 1.1445e-02,  1.8780e-02, -1.8790e-02],
          [ 8.3885e-03, -1.0276e-03, -9.4034e-03],
          [ 5.3607e-03, -7.6070e-03, -3.9567e-02]]],


        [[[ 2.9906e-02,  7.6045e-02,  4.4282e-02],
          [ 9.3053e-02,  1.4725e-01,  1.5025e-01],
          [ 6.8033e-02,  1.3720e-01,  1.1229e-01]],

         [[-3.1433e-02, -5.4704e-03, -2.2812e-02],
          [-2.0534e-02, -8.5663e-04,  9.1266e-03],
          [-1.8062e-02, -4.1753e-03, -4.2402e-04]],

         [[-8.3931e-03, -3.0270e-02, -1.4599e-02],
          [ 1.5902e-03, -1.2932e-02, -4.5495e-03],
          [-1.7471e-02, -1.0529e-02, -1.9415e-02]],

         ...,

         [[-3.8408e-03,  8.2548e-03, -1.0651e-03],
          [ 1.6681e-02, -1.6321e-02,  1.6270e-02],
          [ 2.2355e-02,  1.6740e-02,  6.5791e-03]],

         [[ 3.9777e-03, -2.3203e-02,  1.0944e-02],
          [-2.5243e-02, -4.0449e-02, -4.3095e-02],
          [-3.7212e-02, -1.0042e-01, -6.8567e-02]],

         [[-1.1358e-02,  1.9784e-03,  3.5239e-03],
          [-4.6651e-04,  1.7313e-02,  8.0503e-03],
          [ 2.6623e-03,  6.1224e-03,  1.2480e-02]]],


        [[[-1.1846e-02, -6.0197e-03,  3.7005e-03],
          [-2.4566e-02, -1.7261e-02, -9.9232e-03],
          [ 4.7384e-03,  4.2661e-03,  9.5044e-03]],

         [[-1.2605e-03, -1.2690e-02, -2.7383e-02],
          [-9.1025e-04,  1.1458e-04, -2.3957e-02],
          [ 8.9650e-03, -7.4828e-04, -6.1330e-04]],

         [[-4.5440e-02, -4.1512e-02, -5.4798e-02],
          [-3.2237e-02, -3.1852e-02, -3.5102e-02],
          [-4.0940e-02, -3.3318e-02, -1.3190e-02]],

         ...,

         [[-1.2598e-02, -8.5383e-03, -1.9315e-02],
          [-2.9431e-02, -3.0009e-02,  5.3128e-03],
          [-2.1532e-02,  1.5756e-02,  7.7083e-03]],

         [[-2.8392e-02,  2.0627e-02,  2.2687e-02],
          [-3.7868e-02,  2.1208e-02,  1.9726e-02],
          [-4.3594e-02, -3.4602e-03, -1.6441e-02]],

         [[ 1.7922e-02,  2.6563e-02,  1.2070e-02],
          [ 2.5236e-02,  2.6018e-02,  4.8072e-03],
          [ 1.8886e-03, -1.0359e-02, -2.0546e-02]]]], device='cuda:0')), ('layer3.0.bn1.weight', tensor([0.2843, 0.2428, 0.3013, 0.3172, 0.2978, 0.3485, 0.3057, 0.3046, 0.3624,
        0.3264, 0.2226, 0.3179, 0.2651, 0.3105, 0.3030, 0.3417, 0.2918, 0.3348,
        0.2865, 0.2998, 0.3585, 0.3120, 0.2872, 0.2931, 0.3507, 0.3730, 0.3554,
        0.3164, 0.2734, 0.2998, 0.3368, 0.2892, 0.3118, 0.2489, 0.3458, 0.3610,
        0.2606, 0.3684, 0.2939, 0.3278, 0.3251, 0.3195, 0.3082, 0.3303, 0.3549,
        0.2953, 0.2711, 0.3056, 0.3181, 0.2830, 0.3022, 0.3373, 0.3052, 0.3078,
        0.3014, 0.3446, 0.2991, 0.2958, 0.3368, 0.3687, 0.3170, 0.3413, 0.3054,
        0.2806, 0.3777, 0.3083, 0.2787, 0.3342, 0.2268, 0.3259, 0.2785, 0.3077,
        0.2953, 0.3883, 0.3353, 0.2236, 0.2860, 0.3759, 0.2762, 0.3504, 0.3877,
        0.3291, 0.3351, 0.3346, 0.2756, 0.3483, 0.2882, 0.2773, 0.2900, 0.3216,
        0.3844, 0.3525, 0.3314, 0.3676, 0.3141, 0.3601, 0.3089, 0.2521, 0.2376,
        0.3240, 0.3202, 0.3346, 0.2767, 0.3347, 0.3157, 0.3243, 0.2248, 0.2967,
        0.3214, 0.2670, 0.3706, 0.2733, 0.3614, 0.3378, 0.2818, 0.2739, 0.4654,
        0.3099, 0.3469, 0.3152, 0.3228, 0.2784, 0.3280, 0.3221, 0.3148, 0.2818,
        0.2488, 0.3533, 0.3263, 0.3012, 0.2750, 0.3544, 0.3842, 0.3026, 0.2942,
        0.2807, 0.3073, 0.2351, 0.2693, 0.4153, 0.2992, 0.3782, 0.2751, 0.3072,
        0.3180, 0.2845, 0.2715, 0.3462, 0.3988, 0.3104, 0.2159, 0.2843, 0.3204,
        0.3365, 0.2452, 0.3341, 0.2874, 0.2955, 0.2395, 0.3450, 0.3095, 0.2766,
        0.2565, 0.2608, 0.3098, 0.2944, 0.3096, 0.3096, 0.3506, 0.3149, 0.2442,
        0.3373, 0.3429, 0.3182, 0.3113, 0.2997, 0.2685, 0.3718, 0.3209, 0.3018,
        0.2805, 0.3263, 0.3622, 0.2814, 0.3563, 0.3472, 0.3234, 0.3515, 0.3140,
        0.3452, 0.3205, 0.2784, 0.3311, 0.3667, 0.2894, 0.2503, 0.3321, 0.2487,
        0.3444, 0.2845, 0.2904, 0.2494, 0.5165, 0.3022, 0.2775, 0.2387, 0.3506,
        0.3401, 0.2294, 0.2629, 0.3747, 0.3787, 0.2450, 0.3065, 0.3081, 0.3804,
        0.3014, 0.3588, 0.2671, 0.2655, 0.2883, 0.3015, 0.2848, 0.3685, 0.3488,
        0.3833, 0.3264, 0.3556, 0.2645, 0.3348, 0.2920, 0.2991, 0.2646, 0.3001,
        0.3171, 0.2385, 0.3234, 0.2762, 0.2470, 0.2866, 0.3074, 0.3176, 0.3313,
        0.2987, 0.2978, 0.3308, 0.3711, 0.3233, 0.3485, 0.3320, 0.3032, 0.3593,
        0.2818, 0.2854, 0.2766, 0.3236], device='cuda:0')), ('layer3.0.bn1.bias', tensor([-0.0928,  0.0209, -0.1250, -0.0613, -0.1033, -0.1297, -0.1484, -0.1125,
        -0.2455, -0.1119,  0.1377, -0.1458,  0.0399, -0.0913,  0.0343, -0.1880,
        -0.1334, -0.1769, -0.0835, -0.1009, -0.3381, -0.1766, -0.0799, -0.1233,
        -0.2243, -0.1516, -0.2351, -0.2322, -0.0875, -0.0788, -0.0721, -0.0820,
        -0.0586,  0.0371, -0.0317, -0.2195,  0.0058, -0.1504, -0.0277, -0.1884,
        -0.2413, -0.1505, -0.1929, -0.1103, -0.2645, -0.1386, -0.0505, -0.1299,
        -0.0923, -0.0059, -0.1749, -0.1478, -0.1720,  0.0291, -0.1031, -0.1780,
        -0.1228, -0.0471, -0.3242, -0.1555, -0.0160, -0.2388, -0.1030, -0.1070,
        -0.2755, -0.1913, -0.0523, -0.1113,  0.1484, -0.2290, -0.0700, -0.1447,
        -0.1442, -0.3068, -0.2048,  0.0249, -0.0780, -0.0823, -0.0504, -0.1401,
        -0.3915,  0.0287, -0.1754, -0.0968, -0.0503, -0.2249, -0.0945, -0.0866,
        -0.0742, -0.1693, -0.2026, -0.1774, -0.1133, -0.2524, -0.0683, -0.0525,
        -0.0511, -0.0327,  0.1222, -0.0942, -0.1577, -0.3076, -0.0801, -0.0996,
        -0.1768, -0.0466,  0.0805, -0.0460, -0.1271, -0.0667, -0.1691,  0.0320,
        -0.1380, -0.2477, -0.0759, -0.0376, -0.1854, -0.0885, -0.1917, -0.1113,
        -0.1457, -0.0901, -0.0985, -0.2047, -0.1350, -0.0633, -0.0691, -0.1633,
        -0.1516, -0.1312, -0.0788, -0.2437, -0.1159, -0.1487, -0.0842, -0.0686,
        -0.1825,  0.0245, -0.0343, -0.3033, -0.1442, -0.0854, -0.0500, -0.0671,
        -0.1234, -0.1090,  0.0178, -0.1374, -0.1962, -0.0914,  0.2015, -0.1069,
        -0.2506, -0.1003,  0.0499, -0.1894, -0.0365, -0.1436,  0.1297, -0.1788,
        -0.1173, -0.0054,  0.0791, -0.0682, -0.0362, -0.1583, -0.1612, -0.0916,
        -0.1740, -0.1807,  0.0307, -0.1085, -0.1366, -0.2251, -0.0896, -0.1270,
        -0.0949, -0.1677, -0.1399, -0.0891, -0.0620, -0.1741, -0.2501, -0.0615,
        -0.1251, -0.1430, -0.0755, -0.2233, -0.2188, -0.2715, -0.1296, -0.0892,
        -0.1673, -0.2475, -0.1520,  0.0377, -0.1021,  0.0426, -0.1920, -0.0691,
        -0.1055, -0.0094, -0.3255, -0.1342, -0.0992,  0.0115, -0.2719, -0.1225,
         0.0294, -0.1070, -0.2419, -0.1448,  0.0981, -0.0220, -0.0956, -0.4391,
        -0.0734, -0.3175, -0.0295, -0.0725, -0.0603, -0.0427, -0.0884, -0.1270,
        -0.1586, -0.1508, -0.1730, -0.1715, -0.0513, -0.1491, -0.0577, -0.0785,
        -0.0270, -0.0967, -0.1133, -0.0484, -0.0879, -0.0325,  0.0128, -0.0859,
        -0.1419, -0.0701, -0.2172, -0.0961, -0.1281, -0.2004, -0.2136, -0.2215,
        -0.2387, -0.1807, -0.1393, -0.1881, -0.1008, -0.0827, -0.0803, -0.0608],
       device='cuda:0')), ('layer3.0.bn1.running_mean', tensor([-0.1065, -0.1981, -0.4717, -0.1456, -0.6948, -0.0312, -0.0543, -0.0794,
        -0.0623, -0.2211, -0.3354, -0.5568, -1.2798, -0.4667, -1.5481, -0.5179,
         0.2881, -0.8419,  0.1984, -0.4006, -0.5046, -0.8403,  0.0260, -0.1188,
        -0.6765, -0.8258, -0.5673,  0.3005, -0.1937,  0.1945, -0.6740, -0.4365,
         0.6073, -0.1036,  0.0109, -0.7794, -0.2855, -0.1829, -0.7070, -0.3419,
        -0.3166, -0.4745, -0.3245, -0.3268, -0.1737, -0.5813, -0.1354, -0.5262,
        -0.6783, -0.5594, -0.2117, -0.8014,  0.2593, -0.5997, -0.5113, -0.2924,
         0.0411, -0.3276,  0.1941, -0.0026, -0.7742, -0.7146, -0.2132, -0.1875,
        -0.7873,  0.5000, -0.4433, -0.1551,  0.1719, -0.3001, -0.4277, -0.5672,
        -0.4071, -0.7207, -0.2370,  0.4600, -0.4362,  0.0259, -0.1022, -0.5014,
         0.2890, -0.4451, -0.6475, -0.4120, -0.1176, -0.4995, -0.3446,  0.3080,
        -0.7725,  0.0552, -0.5197, -0.4736,  0.0252, -0.6604, -0.3421, -0.9984,
        -0.1571,  0.1931, -1.0054, -0.0652, -0.4820, -0.4620,  0.1148, -0.0415,
         0.0734, -0.7820, -0.0327, -0.7995, -0.4213, -0.2141, -0.6498, -0.2601,
        -0.3964, -1.0123,  0.1207,  0.2363, -0.5579, -0.3670,  0.0141, -0.1487,
        -0.6067, -0.6385, -0.0975, -0.0827, -0.2406, -0.5009,  0.1119,  0.5440,
        -0.1778, -0.3267, -0.4086, -0.6092, -0.1852, -0.3256, -0.7800, -0.2636,
        -0.8195, -0.2878,  0.2457, -0.3070, -0.1017, -0.5833, -0.1209, -0.8216,
        -0.2556, -0.2710, -0.1262, -0.2443, -0.1610, -0.3125, -0.2299,  0.6685,
         0.1054, -0.2690, -0.0346, -0.6752, -0.1589, -0.1132, -0.1330, -0.6761,
         0.0555, -0.2157, -0.3351, -0.1406, -1.3981, -0.5295, -0.2018, -0.4676,
        -0.2928, -0.6085,  0.1611, -0.5600, -0.5644,  0.0500, -0.5318, -0.3984,
        -0.2621, -0.3583, -0.1525, -0.3866, -0.3339, -0.9741, -0.9298, -0.2115,
        -0.3735, -0.2263, -0.2841, -0.1983, -0.3840, -0.5412, -0.2293, -0.3155,
        -0.1502, -0.4640, -0.5755,  0.0909, -0.6194, -0.4887, -0.1695, -0.0402,
        -0.4755, -0.4684, -0.3076, -0.3428, -0.5556, -0.0393, -0.3647, -0.4375,
        -0.0625,  0.1306, -0.1606, -0.3808, -0.6197, -0.2775, -0.5398, -0.5928,
        -0.1970,  0.0996,  0.0571, -0.0135, -0.8059, -0.9131, -0.3733, -0.2942,
        -0.5362, -0.2488, -0.4336, -0.4843,  0.0204, -1.0555, -0.4198, -0.1427,
        -0.3697, -0.2661, -0.1966, -0.1448, -0.3518, -0.5228, -0.2970, -0.4362,
        -0.4512, -0.0876, -0.7954, -0.3218,  0.1802, -0.5346, -0.7259, -0.2814,
        -0.4630, -0.3280, -0.0086, -0.3537, -0.7243, -0.4096, -0.2188, -0.7490],
       device='cuda:0')), ('layer3.0.bn1.running_var', tensor([0.2534, 0.3214, 0.2544, 0.2843, 0.2227, 0.3548, 0.1706, 0.2792, 0.2660,
        0.2906, 0.3229, 0.2039, 0.3618, 0.3274, 0.7117, 0.1858, 0.2161, 0.2536,
        0.1965, 0.2723, 0.2388, 0.2271, 0.2716, 0.2296, 0.2597, 0.2907, 0.2516,
        0.1929, 0.1800, 0.2378, 0.2716, 0.2391, 0.3049, 0.2691, 0.6095, 0.3014,
        0.2196, 0.2609, 0.3353, 0.2217, 0.1754, 0.2238, 0.1842, 0.2321, 0.2413,
        0.2128, 0.1843, 0.1927, 0.2151, 0.2513, 0.1635, 0.2132, 0.1643, 0.5453,
        0.1690, 0.3793, 0.1853, 0.2192, 0.1745, 0.2718, 0.2652, 0.2081, 0.2399,
        0.2610, 0.2944, 0.1646, 0.2001, 0.2175, 0.3601, 0.1919, 0.2834, 0.1841,
        0.1820, 0.2926, 0.1867, 0.2636, 0.1868, 0.3050, 0.1713, 0.2713, 0.1970,
        0.7566, 0.2516, 0.3253, 0.2935, 0.2192, 0.2385, 0.1822, 0.3031, 0.2660,
        0.2108, 0.2681, 0.1772, 0.2096, 0.2407, 0.4009, 0.2806, 0.2058, 0.4203,
        0.2284, 0.2367, 0.2096, 0.2432, 0.2767, 0.1929, 0.2578, 0.2236, 0.2702,
        0.2741, 0.2234, 0.3534, 0.3589, 0.3051, 0.1826, 0.2626, 0.2540, 0.5137,
        0.2121, 0.2440, 0.1697, 0.3172, 0.2005, 0.3699, 0.2781, 0.1888, 0.2947,
        0.1507, 0.4892, 0.2477, 0.1733, 0.2019, 0.3372, 0.4178, 0.1884, 0.3753,
        0.2101, 0.1466, 0.2095, 0.2601, 0.3393, 0.2141, 0.5496, 0.1909, 0.2660,
        0.2611, 0.1903, 0.4127, 0.2156, 0.2985, 0.2989, 0.4144, 0.2614, 0.2217,
        0.2805, 0.4498, 0.1862, 0.3872, 0.2016, 0.4774, 0.2438, 0.2371, 0.2965,
        0.2809, 0.2013, 0.2303, 0.2048, 0.1946, 0.2262, 0.2030, 0.1747, 0.4173,
        0.2662, 0.3506, 0.1619, 0.2484, 0.2081, 0.1806, 0.3470, 0.2055, 0.3823,
        0.2726, 0.2435, 0.1850, 0.1997, 0.3780, 0.2766, 0.2828, 0.2231, 0.2187,
        0.1773, 0.2148, 0.2116, 0.1772, 0.2048, 0.2141, 0.2593, 0.3472, 0.3077,
        0.2733, 0.2163, 0.2214, 0.4076, 0.5719, 0.2299, 0.2097, 0.3459, 0.1928,
        0.2796, 0.2523, 0.1619, 0.2820, 0.3889, 0.2931, 0.3450, 0.2726, 0.2135,
        0.3516, 0.2052, 0.2100, 0.2931, 0.2219, 0.3019, 0.2401, 0.3463, 0.2720,
        0.3859, 0.2437, 0.2885, 0.1961, 0.3267, 0.2557, 0.2178, 0.3282, 0.2324,
        0.2582, 0.1654, 0.3351, 0.2493, 0.2389, 0.1867, 0.1745, 0.2246, 0.2072,
        0.1351, 0.2181, 0.1849, 0.2527, 0.1624, 0.1936, 0.1954, 0.2478, 0.2904,
        0.2214, 0.2887, 0.2049, 0.6117], device='cuda:0')), ('layer3.0.bn1.num_batches_tracked', tensor(460, device='cuda:0')), ('layer3.0.conv2.weight', tensor([[[[-0.0075, -0.0360, -0.0118],
          [-0.0253, -0.0808, -0.0489],
          [-0.0424, -0.0788, -0.0638]],

         [[-0.0282,  0.0027, -0.0243],
          [ 0.0109,  0.0117, -0.0143],
          [-0.0086,  0.0048, -0.0091]],

         [[-0.0118,  0.0268,  0.0075],
          [ 0.0186,  0.0133, -0.0023],
          [-0.0187, -0.0165, -0.0153]],

         ...,

         [[-0.0022, -0.0039,  0.0012],
          [-0.0230, -0.0222, -0.0278],
          [ 0.0082,  0.0025, -0.0129]],

         [[ 0.0092,  0.0176,  0.0364],
          [ 0.0036,  0.0102,  0.0156],
          [ 0.0107,  0.0199,  0.0314]],

         [[ 0.0006,  0.0046,  0.0073],
          [ 0.0240,  0.0373,  0.0531],
          [ 0.0156,  0.0585,  0.0555]]],


        [[[ 0.0140,  0.0198,  0.0102],
          [ 0.0319,  0.0243,  0.0268],
          [ 0.0092,  0.0157,  0.0155]],

         [[-0.0128, -0.0180, -0.0077],
          [-0.0285, -0.0511, -0.0409],
          [-0.0059, -0.0403, -0.0425]],

         [[ 0.0013,  0.0399, -0.0010],
          [ 0.0149,  0.0344,  0.0159],
          [-0.0083, -0.0035, -0.0169]],

         ...,

         [[ 0.0430,  0.0055,  0.0121],
          [-0.0075, -0.0392, -0.0080],
          [-0.0234, -0.0611, -0.0293]],

         [[-0.0012, -0.0388, -0.0196],
          [-0.0181, -0.0283, -0.0558],
          [-0.0164, -0.0505, -0.0467]],

         [[ 0.0043,  0.0026,  0.0083],
          [ 0.0011, -0.0055, -0.0119],
          [-0.0129, -0.0085, -0.0139]]],


        [[[-0.0078, -0.0037, -0.0044],
          [-0.0057, -0.0053, -0.0135],
          [-0.0113, -0.0172, -0.0269]],

         [[ 0.0390,  0.0172,  0.0189],
          [ 0.0162, -0.0261, -0.0139],
          [ 0.0068, -0.0209, -0.0152]],

         [[-0.0007,  0.0197,  0.0167],
          [ 0.0027, -0.0070,  0.0135],
          [ 0.0089, -0.0283, -0.0080]],

         ...,

         [[-0.0103, -0.0013, -0.0141],
          [-0.0025,  0.0423,  0.0358],
          [ 0.0046,  0.0430,  0.0390]],

         [[ 0.0126,  0.0089,  0.0178],
          [ 0.0054,  0.0270,  0.0151],
          [-0.0016, -0.0029,  0.0030]],

         [[-0.0208, -0.0186, -0.0277],
          [-0.0236, -0.0196, -0.0216],
          [-0.0341, -0.0177, -0.0271]]],


        ...,


        [[[ 0.0041,  0.0073,  0.0270],
          [-0.0131, -0.0471, -0.0187],
          [-0.0164, -0.0132, -0.0180]],

         [[ 0.0122,  0.0348,  0.0189],
          [-0.0010, -0.0147,  0.0014],
          [ 0.0030, -0.0168,  0.0043]],

         [[-0.0118,  0.0106, -0.0101],
          [ 0.0108,  0.0339,  0.0448],
          [ 0.0012, -0.0018,  0.0217]],

         ...,

         [[-0.0011,  0.0279,  0.0132],
          [-0.0158, -0.0091, -0.0080],
          [ 0.0003, -0.0093, -0.0131]],

         [[-0.0066,  0.0011,  0.0041],
          [ 0.0084,  0.0508, -0.0050],
          [-0.0075, -0.0306, -0.0150]],

         [[-0.0066,  0.0031,  0.0008],
          [ 0.0023, -0.0254, -0.0164],
          [ 0.0022,  0.0082,  0.0179]]],


        [[[ 0.0146,  0.0090,  0.0027],
          [-0.0141, -0.0208, -0.0246],
          [-0.0089, -0.0247, -0.0226]],

         [[-0.0023,  0.0518,  0.0120],
          [ 0.0025,  0.0241,  0.0158],
          [-0.0187, -0.0217, -0.0222]],

         [[ 0.0046,  0.0298,  0.0009],
          [ 0.0024,  0.0236, -0.0127],
          [-0.0022, -0.0212, -0.0157]],

         ...,

         [[ 0.0171,  0.0226,  0.0313],
          [-0.0102, -0.0061,  0.0105],
          [-0.0271, -0.0416, -0.0233]],

         [[ 0.0146,  0.0495,  0.0467],
          [ 0.0041,  0.0160,  0.0324],
          [-0.0061, -0.0187, -0.0156]],

         [[-0.0123, -0.0325, -0.0342],
          [ 0.0045, -0.0116,  0.0011],
          [ 0.0385,  0.0209,  0.0339]]],


        [[[ 0.0153, -0.0019,  0.0094],
          [-0.0107, -0.0006, -0.0076],
          [ 0.0224,  0.0014, -0.0030]],

         [[-0.0146,  0.0039, -0.0079],
          [ 0.0158,  0.0616,  0.0249],
          [-0.0144,  0.0197,  0.0205]],

         [[ 0.0198,  0.0293,  0.0176],
          [-0.0033, -0.0163,  0.0195],
          [ 0.0024, -0.0023,  0.0153]],

         ...,

         [[ 0.0052, -0.0030,  0.0041],
          [-0.0046, -0.0097,  0.0121],
          [-0.0082,  0.0017,  0.0164]],

         [[-0.0054, -0.0370,  0.0042],
          [ 0.0102,  0.0268, -0.0010],
          [ 0.0117,  0.0591,  0.0259]],

         [[-0.0088, -0.0171,  0.0057],
          [-0.0328, -0.0284, -0.0133],
          [-0.0137, -0.0115, -0.0227]]]], device='cuda:0')), ('layer3.0.bn2.weight', tensor([0.3246, 0.2108, 0.2595, 0.3540, 0.2795, 0.2593, 0.3097, 0.3089, 0.3337,
        0.2990, 0.2490, 0.2481, 0.3146, 0.4147, 0.3043, 0.3052, 0.3118, 0.4427,
        0.3719, 0.2575, 0.2906, 0.3071, 0.2720, 0.3937, 0.2928, 0.3571, 0.3423,
        0.5391, 0.4219, 0.3897, 0.2721, 0.2812, 0.3206, 0.1941, 0.2735, 0.3160,
        0.3519, 0.2725, 0.1906, 0.3278, 0.2841, 0.3010, 0.2167, 0.2649, 0.2956,
        0.2117, 0.2191, 0.2945, 0.3255, 0.3755, 0.2559, 0.3777, 0.2903, 0.3345,
        0.3242, 0.3050, 0.3319, 0.2241, 0.3014, 0.3345, 0.2931, 0.2221, 0.3295,
        0.3213, 0.4007, 0.2978, 0.4867, 0.2868, 0.2721, 0.4345, 0.2814, 0.2312,
        0.2486, 0.3129, 0.3727, 0.3246, 0.3385, 0.3264, 0.2896, 0.2872, 0.3227,
        0.2331, 0.3368, 0.2756, 0.2956, 0.2704, 0.4415, 0.2936, 0.3768, 0.2787,
        0.3016, 0.3244, 0.3881, 0.2410, 0.2569, 0.2788, 0.3189, 0.3379, 0.2292,
        0.3586, 0.5037, 0.3559, 0.2465, 0.1867, 0.2266, 0.3602, 0.2851, 0.3927,
        0.4422, 0.2031, 0.2537, 0.2176, 0.4093, 0.3608, 0.4282, 0.2331, 0.3501,
        0.7003, 0.3787, 0.2849, 0.3693, 0.3158, 0.3588, 0.2888, 0.4167, 0.2489,
        0.2875, 0.3750, 0.4958, 0.2824, 0.2417, 0.3457, 0.1855, 0.2846, 0.3080,
        0.3593, 0.2814, 0.6858, 0.2877, 0.2926, 0.3124, 0.4913, 0.2153, 0.2891,
        0.2544, 0.4179, 0.3042, 0.3227, 0.3325, 0.4960, 0.3882, 0.2291, 0.2687,
        0.4203, 0.3454, 0.3545, 0.2875, 0.2566, 0.2449, 0.2813, 0.3808, 0.2965,
        0.3495, 0.1904, 0.3075, 0.3436, 0.3970, 0.3890, 0.3238, 0.2833, 0.4613,
        0.2675, 0.2671, 0.4446, 0.3187, 0.3652, 0.3344, 0.4412, 0.3958, 0.3706,
        0.3542, 0.3577, 0.3302, 0.4193, 0.2945, 0.3030, 0.3005, 0.4343, 0.2306,
        0.3843, 0.2254, 0.2217, 0.3205, 0.3251, 0.2597, 0.3072, 0.2916, 0.2335,
        0.4154, 0.4056, 0.3298, 0.3569, 0.3005, 0.3154, 0.4425, 0.4035, 0.2041,
        0.3854, 0.2558, 0.2343, 0.2344, 0.3316, 0.2296, 0.3736, 0.4729, 0.3577,
        0.2782, 0.1966, 0.3039, 0.3424, 0.2984, 0.2559, 0.2631, 0.3477, 0.3784,
        0.4394, 0.3758, 0.3145, 0.2562, 0.3988, 0.2537, 0.3121, 0.2962, 0.3022,
        0.2879, 0.2284, 0.2799, 0.2984, 0.1840, 0.2779, 0.2482, 0.3935, 0.3495,
        0.2458, 0.2167, 0.2690, 0.4075, 0.3468, 0.4240, 0.2650, 0.3333, 0.2858,
        0.3884, 0.3685, 0.2660, 0.3374], device='cuda:0')), ('layer3.0.bn2.bias', tensor([-2.4308e-02,  9.6742e-02, -1.1516e-02, -9.2507e-02,  9.0253e-03,
         4.2075e-02, -2.9930e-02,  6.1049e-03,  2.8001e-03,  4.5335e-02,
         6.1987e-02,  3.3267e-02, -4.7798e-02,  2.2238e-02, -5.1790e-03,
        -3.4034e-02, -4.7008e-02, -1.9350e-01, -7.1215e-02,  7.7436e-02,
        -3.6512e-02, -8.1302e-02,  1.2803e-01, -1.2794e-01, -6.3501e-02,
        -8.0185e-03, -9.2761e-02, -1.7469e-01, -1.0022e-02, -9.5815e-02,
         1.0776e-03, -3.2833e-02, -1.5651e-02,  1.4235e-01, -7.0428e-03,
         6.8355e-03, -5.1275e-02,  3.1382e-02,  8.0639e-02, -4.7317e-02,
        -4.9353e-02,  1.0163e-02,  6.7985e-02,  1.3871e-02, -4.6024e-02,
         5.5968e-02,  4.2539e-02, -5.3267e-02,  4.4177e-03, -1.0200e-01,
         9.4683e-03, -1.0514e-01, -1.9272e-02, -2.2126e-02, -3.4417e-02,
         1.8326e-02, -1.3692e-01,  3.6175e-02, -1.1818e-02, -1.4237e-02,
        -2.9867e-02,  7.4645e-02, -6.5275e-02, -7.6363e-03, -3.3185e-02,
        -2.8327e-02, -1.4211e-01,  1.1746e-01,  6.8474e-02, -2.1335e-01,
         4.0935e-02,  4.7402e-02,  3.1791e-02, -2.5093e-04, -1.4206e-01,
        -2.4039e-02, -7.4617e-02, -6.9284e-02, -1.8109e-02,  1.5854e-02,
        -3.9601e-02,  1.6385e-02, -7.1155e-02, -5.5672e-02,  1.1468e-02,
         2.3851e-02, -2.5782e-01,  6.4342e-03, -1.0086e-01,  2.7896e-02,
         1.4967e-02, -5.0355e-02, -1.5111e-01,  1.0051e-01,  5.1751e-02,
         6.2270e-02, -5.3067e-02,  6.4396e-03,  9.2388e-02, -2.1111e-02,
        -2.3428e-01, -6.4538e-02,  3.0714e-02,  1.0988e-01,  7.3580e-02,
        -3.3774e-02,  4.3193e-02, -1.4868e-01, -1.6360e-01,  1.2308e-01,
         7.1747e-02,  5.9007e-02, -4.8769e-02, -9.6657e-02, -1.8696e-01,
         8.5424e-02, -5.0788e-02, -3.0777e-01, -6.0680e-02, -8.0781e-02,
        -2.7409e-01,  2.6483e-02, -1.3821e-01,  1.7873e-02, -3.8427e-02,
         5.2067e-02, -3.9037e-02, -1.5363e-01, -1.7181e-01,  8.9513e-02,
         6.8695e-02, -8.3276e-02,  1.0745e-01, -5.0042e-02, -4.5335e-02,
        -4.1044e-02,  2.8284e-02, -3.7979e-01,  1.6447e-02,  5.9184e-03,
        -5.4498e-02, -2.9065e-01,  8.7038e-02,  2.9344e-02,  1.8137e-02,
        -8.3015e-02, -9.7326e-02, -2.3857e-02,  3.3650e-02, -2.6323e-01,
        -1.6498e-01,  7.5211e-02,  3.0819e-02, -1.0942e-01, -1.2634e-02,
        -9.8816e-02,  1.5162e-02,  9.6347e-03,  7.9140e-02,  1.3910e-02,
        -4.4925e-02,  2.4349e-02, -8.0919e-02, -2.9650e-02,  9.0065e-03,
        -4.0422e-02, -1.6259e-01, -9.7849e-02, -3.2656e-02,  4.3131e-02,
        -2.9704e-01, -5.9066e-03,  1.5645e-02, -2.6284e-01, -7.9243e-02,
        -1.0462e-01, -1.0070e-02, -6.9712e-02, -1.0421e-01, -3.0579e-02,
        -1.4155e-01, -5.4560e-02, -5.5522e-02, -5.1416e-02, -4.1988e-02,
        -9.4898e-03,  1.9746e-02, -6.1998e-02, -6.1402e-02, -1.4560e-01,
         3.8273e-02,  7.9736e-02, -8.6102e-03, -3.6789e-02,  3.1436e-02,
        -4.5495e-02, -7.0004e-02,  1.0266e-01, -1.7915e-01, -2.1172e-01,
        -5.4313e-02, -1.1872e-01,  3.7337e-02, -4.5678e-02, -1.8544e-01,
        -1.1240e-01,  5.6561e-02, -6.2924e-02,  1.5408e-02, -1.6713e-03,
         7.8887e-02, -6.5315e-02,  8.4428e-02, -5.6763e-03, -1.8836e-01,
         2.0153e-02,  7.5916e-02,  1.0048e-01, -2.7023e-02,  2.3507e-02,
        -4.7042e-02,  2.5379e-02,  2.1491e-02, -2.3993e-02,  5.5390e-03,
        -2.1193e-01, -1.3117e-01, -2.0412e-02, -4.1784e-03, -5.0172e-02,
         5.0728e-02, -5.6036e-02,  1.6084e-02, -5.2702e-02,  6.2222e-02,
         5.3927e-02, -3.9334e-03,  3.3968e-02,  7.8377e-02,  7.8167e-03,
         5.9706e-02, -2.0465e-01, -7.6746e-02,  4.5544e-02,  7.4837e-02,
         7.8238e-02, -1.6112e-01, -8.6155e-02, -1.6676e-01,  2.3911e-03,
        -6.8215e-02,  3.7624e-02, -1.0230e-01, -2.4813e-02,  1.3398e-02,
        -1.0182e-01], device='cuda:0')), ('layer3.0.bn2.running_mean', tensor([-1.1286e-01, -4.1283e-01, -7.0656e-02, -6.7949e-02, -3.3607e-01,
        -6.0158e-02, -1.1035e-01, -1.9568e-01, -6.9311e-02, -3.0581e-01,
         5.0637e-02, -2.0713e-01, -2.1968e-02, -3.5362e-01, -6.1679e-02,
         4.1841e-05, -3.0957e-01,  5.4333e-02, -2.0937e-01, -9.0919e-02,
        -2.7079e-01, -1.9839e-01, -1.4048e-01, -1.4860e-01, -2.8691e-01,
         2.8273e-02, -1.0559e-01, -3.5115e-01, -5.1835e-01, -9.4596e-02,
        -1.5759e-01, -2.3877e-01, -1.7725e-01, -3.1187e-01,  1.4995e-02,
        -5.8303e-02,  1.0009e-01, -1.1334e-01,  6.6027e-02, -2.1590e-01,
        -1.5970e-02, -1.1632e-01,  3.4445e-03, -2.2544e-01,  1.5094e-02,
         1.0033e-01,  2.2298e-01, -1.9142e-01, -1.9453e-01, -8.8307e-02,
        -1.3146e-01, -1.4089e-01, -5.3537e-02, -3.7730e-01, -6.5213e-02,
        -5.8103e-01, -1.2532e-01, -8.7373e-02, -3.0035e-01, -1.6252e-01,
         1.8283e-01, -4.3400e-02, -1.5563e-01, -4.3946e-01, -3.5405e-01,
         1.3523e-01, -2.7316e-01, -7.3142e-02, -9.2088e-02, -3.7115e-01,
        -2.8319e-02, -1.9458e-01, -4.1703e-02, -3.6301e-01, -8.1730e-02,
        -2.8205e-02, -3.1367e-01, -1.5914e-01,  1.4825e-01, -5.6291e-02,
         2.2558e-01,  1.9097e-01,  1.7434e-01, -2.3416e-01,  1.6868e-02,
        -2.1384e-01, -3.7744e-01, -1.1891e-01, -1.7790e-01,  1.5139e-01,
        -2.0372e-01, -1.3906e-01, -1.6344e-01, -2.2480e-01, -2.1886e-01,
        -2.1626e-01, -1.5738e-01,  1.3156e-02, -2.5772e-01, -9.7343e-03,
        -2.7688e-01, -1.5087e-01, -1.5400e-03, -2.2227e-02, -1.5673e-01,
         7.1486e-02, -4.3400e-01, -2.5658e-01, -2.7815e-01, -2.0992e-01,
        -5.8056e-02,  1.7852e-01, -6.1623e-01, -2.3926e-01, -2.3948e-01,
        -2.1099e-02, -2.5521e-01, -1.1803e-02, -1.8138e-01, -4.0836e-02,
        -6.4733e-02, -2.6841e-01, -3.7200e-01, -1.9982e-01, -7.4029e-03,
        -1.3617e-01, -2.4080e-01, -2.0458e-01, -1.4702e-01, -1.6198e-01,
        -2.1672e-03,  2.2597e-01, -1.0769e-01, -1.0226e-02,  8.7524e-02,
        -1.9155e-01,  3.4055e-02, -1.8691e-01, -1.4787e-01,  7.4205e-02,
         8.1902e-03, -3.1272e-01, -1.7014e-01,  1.8904e-01, -1.1691e-01,
        -2.2094e-01, -1.6814e-01, -3.6101e-01, -1.2591e-01, -3.1315e-01,
        -1.3527e-01,  2.5659e-02, -1.2005e-01, -2.7111e-01, -3.2204e-01,
        -9.7493e-02, -3.8848e-02, -6.4591e-02, -1.5649e-01,  7.0662e-02,
        -1.7431e-02, -3.5853e-01, -2.8091e-01, -2.9298e-02, -1.3115e-01,
        -1.8354e-01, -7.5939e-02, -2.5446e-01, -1.3347e-01, -1.7332e-01,
        -1.3697e-01,  6.6381e-02, -1.4315e-01, -3.0543e-01, -2.2723e-01,
        -9.3337e-02, -1.6165e-01, -2.7823e-01, -3.3151e-01,  1.5407e-02,
        -4.0275e-02, -4.7012e-01, -5.6870e-02, -1.0849e-02, -1.4107e-01,
        -1.6188e-01, -1.1739e-01,  1.1224e-01,  2.8990e-01, -1.6233e-01,
        -1.6733e-01, -1.3855e-01, -2.9065e-01, -1.3689e-01,  1.7098e-02,
        -6.3644e-02,  1.7349e-01, -2.6196e-02, -2.4664e-01, -3.2556e-01,
         1.1025e-01,  1.6806e-01,  1.6775e-01, -2.0812e-01, -2.1264e-01,
         8.8872e-02,  4.9535e-02, -1.7838e-01, -1.1129e-01, -2.3760e-01,
        -1.9928e-01,  3.1676e-02,  4.3010e-02, -2.3643e-01, -2.1386e-01,
        -2.3483e-01,  3.2667e-02,  1.7165e-02, -1.9192e-01, -9.4162e-02,
         1.3992e-01, -1.4780e-01,  1.1253e-01, -1.4691e-01, -8.3364e-02,
        -3.9294e-01,  1.7924e-01,  4.0123e-02, -3.2182e-01, -6.0482e-01,
        -1.7898e-01,  8.7557e-02, -9.3430e-02, -1.4317e-01, -3.8259e-02,
         1.9379e-01, -1.9809e-01, -3.1971e-01,  5.6965e-02,  1.8176e-01,
         8.6600e-02,  3.4723e-03, -1.3477e-01, -8.9840e-03,  9.2207e-03,
        -9.5404e-02, -2.7342e-01, -1.5327e-01, -1.4828e-01,  5.6197e-02,
        -2.4063e-01,  1.9156e-02,  1.9610e-01, -2.6070e-01, -1.2392e-01,
        -1.3495e-01], device='cuda:0')), ('layer3.0.bn2.running_var', tensor([0.0967, 0.1014, 0.0872, 0.0961, 0.0961, 0.1518, 0.0615, 0.0902, 0.1232,
        0.1269, 0.1515, 0.1086, 0.1145, 0.2852, 0.0879, 0.1029, 0.0987, 0.0731,
        0.0875, 0.1042, 0.0750, 0.0728, 0.2349, 0.0891, 0.0590, 0.1269, 0.0689,
        0.1101, 0.1805, 0.1458, 0.0766, 0.1018, 0.1006, 0.1326, 0.0906, 0.1071,
        0.0637, 0.1488, 0.0837, 0.0894, 0.0699, 0.1412, 0.1140, 0.0968, 0.0715,
        0.0962, 0.0779, 0.0916, 0.1059, 0.0859, 0.0861, 0.1007, 0.1358, 0.1620,
        0.0973, 0.1282, 0.0665, 0.0990, 0.1319, 0.2039, 0.0819, 0.1499, 0.0648,
        0.1453, 0.2071, 0.0887, 0.1493, 0.1854, 0.1520, 0.0867, 0.1816, 0.1679,
        0.1260, 0.1255, 0.0530, 0.1179, 0.0584, 0.0728, 0.1033, 0.1023, 0.0837,
        0.1068, 0.0628, 0.0697, 0.1135, 0.1413, 0.0865, 0.1068, 0.0642, 0.2201,
        0.2031, 0.0705, 0.0713, 0.1432, 0.1280, 0.1721, 0.0760, 0.1834, 0.1350,
        0.1447, 0.1039, 0.1526, 0.0849, 0.0727, 0.1267, 0.0681, 0.1666, 0.0678,
        0.1080, 0.1146, 0.1853, 0.1080, 0.1428, 0.0876, 0.0649, 0.1126, 0.1131,
        0.0829, 0.1222, 0.0597, 0.0586, 0.1557, 0.0668, 0.1006, 0.1951, 0.1120,
        0.0757, 0.0623, 0.1420, 0.1696, 0.0953, 0.1065, 0.1024, 0.0670, 0.0804,
        0.0863, 0.1773, 0.1098, 0.1027, 0.1200, 0.0973, 0.0814, 0.0866, 0.0913,
        0.0770, 0.1284, 0.0737, 0.1270, 0.0953, 0.0916, 0.0923, 0.1028, 0.1406,
        0.1043, 0.1002, 0.0872, 0.0778, 0.0970, 0.1428, 0.1737, 0.0870, 0.1133,
        0.1134, 0.0444, 0.1126, 0.1103, 0.0723, 0.0716, 0.0778, 0.1356, 0.0591,
        0.1067, 0.0737, 0.0567, 0.1092, 0.0832, 0.0918, 0.1633, 0.1076, 0.1217,
        0.0530, 0.0762, 0.0740, 0.1358, 0.0590, 0.1329, 0.1430, 0.1896, 0.0574,
        0.0692, 0.1041, 0.1141, 0.1322, 0.1120, 0.1088, 0.0745, 0.0657, 0.1281,
        0.0646, 0.0898, 0.1052, 0.0585, 0.1449, 0.0661, 0.0756, 0.0661, 0.1016,
        0.1241, 0.1168, 0.0752, 0.1229, 0.0716, 0.1273, 0.1774, 0.0944, 0.1527,
        0.1735, 0.0958, 0.1072, 0.0878, 0.0909, 0.1016, 0.0815, 0.1229, 0.1226,
        0.0661, 0.0618, 0.0807, 0.0722, 0.1221, 0.1432, 0.0710, 0.1038, 0.0642,
        0.1204, 0.0927, 0.0960, 0.1226, 0.0729, 0.0923, 0.1325, 0.0462, 0.0946,
        0.1118, 0.0915, 0.1442, 0.0928, 0.0927, 0.0685, 0.0846, 0.0734, 0.1037,
        0.1007, 0.1032, 0.1044, 0.0800], device='cuda:0')), ('layer3.0.bn2.num_batches_tracked', tensor(460, device='cuda:0')), ('layer3.0.downsample.0.weight', tensor([[[[ 0.0112]],

         [[-0.0212]],

         [[-0.0131]],

         ...,

         [[-0.0098]],

         [[ 0.0019]],

         [[ 0.0084]]],


        [[[-0.0107]],

         [[-0.0586]],

         [[-0.0346]],

         ...,

         [[ 0.0278]],

         [[ 0.0353]],

         [[ 0.0235]]],


        [[[ 0.0086]],

         [[ 0.0233]],

         [[-0.0108]],

         ...,

         [[-0.0287]],

         [[ 0.0070]],

         [[-0.0030]]],


        ...,


        [[[ 0.0342]],

         [[-0.0455]],

         [[ 0.0219]],

         ...,

         [[-0.0331]],

         [[-0.0036]],

         [[-0.0178]]],


        [[[-0.0156]],

         [[-0.0175]],

         [[ 0.0082]],

         ...,

         [[ 0.0151]],

         [[ 0.0340]],

         [[ 0.0020]]],


        [[[ 0.0025]],

         [[-0.0199]],

         [[ 0.0009]],

         ...,

         [[-0.0229]],

         [[ 0.0454]],

         [[ 0.0103]]]], device='cuda:0')), ('layer3.0.downsample.1.weight', tensor([0.0701, 0.0514, 0.0364, 0.1653, 0.0603, 0.0470, 0.1226, 0.1086, 0.0417,
        0.0438, 0.0397, 0.0721, 0.0797, 0.1128, 0.0982, 0.0525, 0.1006, 0.2168,
        0.0433, 0.0356, 0.1392, 0.0572, 0.0339, 0.0933, 0.1669, 0.0977, 0.1387,
        0.0573, 0.0576, 0.0715, 0.0881, 0.1126, 0.0481, 0.0497, 0.0809, 0.1132,
        0.0820, 0.0411, 0.0474, 0.1061, 0.1434, 0.0756, 0.0496, 0.0583, 0.1065,
        0.0462, 0.0403, 0.1300, 0.0633, 0.1047, 0.0918, 0.1510, 0.0887, 0.0721,
        0.1065, 0.0783, 0.1416, 0.0459, 0.0935, 0.0648, 0.1327, 0.0569, 0.1166,
        0.0966, 0.0928, 0.1567, 0.0502, 0.0239, 0.0391, 0.0961, 0.0307, 0.0637,
        0.0870, 0.1190, 0.1727, 0.0682, 0.1307, 0.0607, 0.0505, 0.0647, 0.1064,
        0.0626, 0.1099, 0.1119, 0.1078, 0.0450, 0.0739, 0.0985, 0.0704, 0.0466,
        0.0433, 0.1750, 0.0942, 0.0349, 0.0469, 0.0371, 0.0944, 0.0807, 0.0426,
        0.0483, 0.0989, 0.1050, 0.1086, 0.0520, 0.0407, 0.0752, 0.0417, 0.1056,
        0.1164, 0.0408, 0.0509, 0.0397, 0.0539, 0.1021, 0.0743, 0.0302, 0.1083,
        0.1739, 0.0784, 0.0698, 0.1087, 0.0463, 0.1014, 0.1128, 0.1002, 0.0457,
        0.0692, 0.0701, 0.1409, 0.0429, 0.0419, 0.1745, 0.0655, 0.1197, 0.0693,
        0.0841, 0.0421, 0.2883, 0.0701, 0.0392, 0.1183, 0.1081, 0.0618, 0.0464,
        0.0398, 0.0770, 0.1040, 0.1028, 0.0576, 0.1090, 0.1492, 0.0369, 0.0437,
        0.1013, 0.0928, 0.0874, 0.0929, 0.0453, 0.0258, 0.0465, 0.1144, 0.0763,
        0.1785, 0.0288, 0.0668, 0.0751, 0.1610, 0.0875, 0.1145, 0.0536, 0.1376,
        0.0419, 0.0824, 0.1157, 0.1171, 0.0931, 0.0904, 0.0350, 0.0991, 0.0456,
        0.0685, 0.0623, 0.1594, 0.0545, 0.1275, 0.0583, 0.0749, 0.1089, 0.0484,
        0.0910, 0.0871, 0.0195, 0.0285, 0.0974, 0.0598, 0.0588, 0.1104, 0.0494,
        0.0659, 0.1155, 0.0846, 0.1624, 0.0468, 0.1239, 0.1215, 0.1004, 0.0348,
        0.0762, 0.0413, 0.1186, 0.0309, 0.0849, 0.0585, 0.0941, 0.0971, 0.0315,
        0.0387, 0.0561, 0.0694, 0.0524, 0.0359, 0.0974, 0.0961, 0.0506, 0.0223,
        0.1129, 0.1874, 0.0701, 0.1371, 0.1186, 0.0292, 0.0685, 0.0645, 0.1119,
        0.0351, 0.0735, 0.0829, 0.0399, 0.0365, 0.0958, 0.0450, 0.1679, 0.1065,
        0.0726, 0.0409, 0.0271, 0.1520, 0.1162, 0.0879, 0.0552, 0.0747, 0.0722,
        0.0791, 0.0817, 0.0618, 0.1294], device='cuda:0')), ('layer3.0.downsample.1.bias', tensor([-2.4308e-02,  9.6742e-02, -1.1516e-02, -9.2507e-02,  9.0253e-03,
         4.2075e-02, -2.9930e-02,  6.1049e-03,  2.8001e-03,  4.5335e-02,
         6.1987e-02,  3.3267e-02, -4.7798e-02,  2.2238e-02, -5.1790e-03,
        -3.4034e-02, -4.7008e-02, -1.9350e-01, -7.1215e-02,  7.7436e-02,
        -3.6512e-02, -8.1302e-02,  1.2803e-01, -1.2794e-01, -6.3501e-02,
        -8.0185e-03, -9.2761e-02, -1.7469e-01, -1.0022e-02, -9.5815e-02,
         1.0776e-03, -3.2833e-02, -1.5651e-02,  1.4235e-01, -7.0428e-03,
         6.8355e-03, -5.1275e-02,  3.1382e-02,  8.0639e-02, -4.7317e-02,
        -4.9353e-02,  1.0163e-02,  6.7985e-02,  1.3871e-02, -4.6024e-02,
         5.5968e-02,  4.2539e-02, -5.3267e-02,  4.4177e-03, -1.0200e-01,
         9.4683e-03, -1.0514e-01, -1.9272e-02, -2.2126e-02, -3.4417e-02,
         1.8326e-02, -1.3692e-01,  3.6175e-02, -1.1818e-02, -1.4237e-02,
        -2.9867e-02,  7.4645e-02, -6.5275e-02, -7.6363e-03, -3.3185e-02,
        -2.8327e-02, -1.4211e-01,  1.1746e-01,  6.8474e-02, -2.1335e-01,
         4.0935e-02,  4.7402e-02,  3.1791e-02, -2.5093e-04, -1.4206e-01,
        -2.4039e-02, -7.4617e-02, -6.9284e-02, -1.8109e-02,  1.5854e-02,
        -3.9601e-02,  1.6385e-02, -7.1155e-02, -5.5672e-02,  1.1468e-02,
         2.3851e-02, -2.5782e-01,  6.4342e-03, -1.0086e-01,  2.7896e-02,
         1.4967e-02, -5.0355e-02, -1.5111e-01,  1.0051e-01,  5.1751e-02,
         6.2270e-02, -5.3067e-02,  6.4396e-03,  9.2388e-02, -2.1111e-02,
        -2.3428e-01, -6.4538e-02,  3.0714e-02,  1.0988e-01,  7.3580e-02,
        -3.3774e-02,  4.3193e-02, -1.4868e-01, -1.6360e-01,  1.2308e-01,
         7.1747e-02,  5.9007e-02, -4.8769e-02, -9.6657e-02, -1.8696e-01,
         8.5424e-02, -5.0788e-02, -3.0777e-01, -6.0680e-02, -8.0781e-02,
        -2.7409e-01,  2.6483e-02, -1.3821e-01,  1.7873e-02, -3.8427e-02,
         5.2067e-02, -3.9037e-02, -1.5363e-01, -1.7181e-01,  8.9513e-02,
         6.8695e-02, -8.3276e-02,  1.0745e-01, -5.0042e-02, -4.5335e-02,
        -4.1044e-02,  2.8284e-02, -3.7979e-01,  1.6447e-02,  5.9184e-03,
        -5.4498e-02, -2.9065e-01,  8.7038e-02,  2.9344e-02,  1.8137e-02,
        -8.3015e-02, -9.7326e-02, -2.3857e-02,  3.3650e-02, -2.6323e-01,
        -1.6498e-01,  7.5211e-02,  3.0819e-02, -1.0942e-01, -1.2634e-02,
        -9.8816e-02,  1.5162e-02,  9.6347e-03,  7.9140e-02,  1.3910e-02,
        -4.4925e-02,  2.4349e-02, -8.0919e-02, -2.9650e-02,  9.0065e-03,
        -4.0422e-02, -1.6259e-01, -9.7849e-02, -3.2656e-02,  4.3131e-02,
        -2.9704e-01, -5.9066e-03,  1.5645e-02, -2.6284e-01, -7.9243e-02,
        -1.0462e-01, -1.0070e-02, -6.9712e-02, -1.0421e-01, -3.0579e-02,
        -1.4155e-01, -5.4560e-02, -5.5522e-02, -5.1416e-02, -4.1988e-02,
        -9.4898e-03,  1.9746e-02, -6.1998e-02, -6.1402e-02, -1.4560e-01,
         3.8273e-02,  7.9736e-02, -8.6102e-03, -3.6789e-02,  3.1436e-02,
        -4.5495e-02, -7.0004e-02,  1.0266e-01, -1.7915e-01, -2.1172e-01,
        -5.4313e-02, -1.1872e-01,  3.7337e-02, -4.5678e-02, -1.8544e-01,
        -1.1240e-01,  5.6561e-02, -6.2924e-02,  1.5408e-02, -1.6713e-03,
         7.8887e-02, -6.5315e-02,  8.4428e-02, -5.6763e-03, -1.8836e-01,
         2.0153e-02,  7.5916e-02,  1.0048e-01, -2.7023e-02,  2.3507e-02,
        -4.7042e-02,  2.5379e-02,  2.1491e-02, -2.3993e-02,  5.5390e-03,
        -2.1193e-01, -1.3117e-01, -2.0412e-02, -4.1784e-03, -5.0172e-02,
         5.0728e-02, -5.6036e-02,  1.6084e-02, -5.2702e-02,  6.2222e-02,
         5.3927e-02, -3.9334e-03,  3.3968e-02,  7.8377e-02,  7.8167e-03,
         5.9706e-02, -2.0465e-01, -7.6746e-02,  4.5544e-02,  7.4837e-02,
         7.8238e-02, -1.6112e-01, -8.6155e-02, -1.6676e-01,  2.3911e-03,
        -6.8215e-02,  3.7624e-02, -1.0230e-01, -2.4813e-02,  1.3398e-02,
        -1.0182e-01], device='cuda:0')), ('layer3.0.downsample.1.running_mean', tensor([-0.1016, -0.1223, -0.0639, -0.2027, -0.0718, -0.0213, -0.0319, -0.2332,
        -0.0435,  0.0540,  0.0095,  0.0584, -0.0630, -0.0380,  0.0434, -0.0781,
        -0.2135, -0.1561, -0.0092, -0.0787, -0.1810, -0.0092,  0.0446, -0.1564,
        -0.0429, -0.1817,  0.0308, -0.0935, -0.0410, -0.2069, -0.0161,  0.1326,
        -0.0795, -0.1847, -0.0141, -0.0363, -0.1413, -0.0130,  0.0678, -0.0072,
        -0.1487, -0.0741, -0.1422,  0.0163,  0.0195,  0.1211, -0.0914,  0.0542,
        -0.1206, -0.1558,  0.1307, -0.0909, -0.1766, -0.2255, -0.0007,  0.0010,
         0.1157, -0.0904, -0.1724,  0.0319, -0.2556, -0.1272, -0.0882, -0.1820,
         0.0055, -0.2110, -0.0382, -0.0854, -0.0545, -0.0034, -0.0488,  0.1484,
         0.0561, -0.0741, -0.1035, -0.0194, -0.1685,  0.0123,  0.0317, -0.1004,
        -0.0724,  0.0052, -0.0125,  0.0525, -0.0663, -0.0667, -0.0147, -0.0905,
        -0.0241,  0.0832,  0.0179, -0.2853, -0.1908,  0.0547, -0.0405,  0.0200,
        -0.0212, -0.1535, -0.0228,  0.0337,  0.0227, -0.1628, -0.0244, -0.0138,
        -0.0219, -0.0097, -0.0854,  0.0061,  0.0166, -0.1296, -0.0540,  0.0925,
        -0.0793, -0.0150, -0.0394,  0.0427, -0.0955, -0.0634, -0.0671, -0.1404,
        -0.0606, -0.0532,  0.1020, -0.0829, -0.0881, -0.0921, -0.0283, -0.1366,
        -0.0499, -0.0377, -0.0451, -0.0840, -0.1792,  0.0361,  0.0398, -0.0131,
        -0.0412, -0.0753, -0.0015,  0.0950, -0.2244,  0.0185, -0.0239, -0.0293,
         0.0638, -0.2102, -0.2191, -0.0116,  0.0308, -0.0072, -0.1532,  0.0257,
         0.0084, -0.1735,  0.0639, -0.1543, -0.0972,  0.0730, -0.0358,  0.0184,
        -0.0696, -0.1005, -0.2074, -0.0440,  0.0745, -0.1309, -0.1066, -0.0742,
         0.0515, -0.1216, -0.1478, -0.0768,  0.0189, -0.0783,  0.0554,  0.0708,
        -0.1064, -0.0328,  0.0356, -0.0017, -0.1270, -0.1066, -0.2875, -0.1032,
        -0.0352, -0.0338, -0.0544, -0.0617, -0.1181, -0.0443,  0.0695, -0.0258,
        -0.0495,  0.0046, -0.0508, -0.0136,  0.0521, -0.0540,  0.0251, -0.1482,
        -0.1226,  0.0506,  0.0210, -0.0148, -0.0998, -0.0467,  0.0729, -0.1398,
        -0.0182, -0.0996,  0.0634,  0.0603, -0.0026,  0.0496, -0.0272,  0.0760,
         0.0170,  0.1317, -0.0129, -0.0196,  0.0210, -0.0118, -0.0255, -0.0988,
         0.0757, -0.1313, -0.2000, -0.0678, -0.1490, -0.0130, -0.0249,  0.0249,
        -0.0411,  0.0712, -0.1186, -0.1562,  0.0380, -0.1840,  0.0644,  0.0117,
        -0.0836,  0.0911, -0.0373,  0.0024,  0.0066, -0.0275, -0.1632, -0.1115,
        -0.1171,  0.0353, -0.1264, -0.0075, -0.0760, -0.0412,  0.0091, -0.1180],
       device='cuda:0')), ('layer3.0.downsample.1.running_var', tensor([0.0135, 0.0149, 0.0065, 0.0206, 0.0107, 0.0132, 0.0167, 0.0203, 0.0063,
        0.0081, 0.0097, 0.0187, 0.0127, 0.0454, 0.0172, 0.0091, 0.0153, 0.0228,
        0.0081, 0.0054, 0.0264, 0.0045, 0.0075, 0.0155, 0.0229, 0.0270, 0.0221,
        0.0065, 0.0120, 0.0122, 0.0133, 0.0228, 0.0103, 0.0173, 0.0135, 0.0190,
        0.0092, 0.0113, 0.0115, 0.0121, 0.0206, 0.0162, 0.0142, 0.0128, 0.0107,
        0.0108, 0.0069, 0.0259, 0.0102, 0.0146, 0.0196, 0.0221, 0.0218, 0.0184,
        0.0224, 0.0155, 0.0187, 0.0129, 0.0184, 0.0220, 0.0269, 0.0163, 0.0147,
        0.0238, 0.0295, 0.0318, 0.0097, 0.0061, 0.0111, 0.0103, 0.0109, 0.0213,
        0.0231, 0.0203, 0.0190, 0.0119, 0.0170, 0.0087, 0.0108, 0.0134, 0.0225,
        0.0134, 0.0171, 0.0177, 0.0221, 0.0100, 0.0050, 0.0159, 0.0088, 0.0134,
        0.0123, 0.0295, 0.0153, 0.0063, 0.0089, 0.0090, 0.0134, 0.0217, 0.0133,
        0.0096, 0.0134, 0.0146, 0.0204, 0.0090, 0.0117, 0.0111, 0.0098, 0.0152,
        0.0177, 0.0093, 0.0162, 0.0108, 0.0116, 0.0150, 0.0078, 0.0055, 0.0205,
        0.0108, 0.0124, 0.0078, 0.0118, 0.0104, 0.0150, 0.0226, 0.0248, 0.0096,
        0.0108, 0.0070, 0.0236, 0.0150, 0.0064, 0.0338, 0.0204, 0.0221, 0.0095,
        0.0123, 0.0113, 0.0369, 0.0117, 0.0067, 0.0227, 0.0084, 0.0157, 0.0097,
        0.0074, 0.0120, 0.0147, 0.0222, 0.0070, 0.0105, 0.0231, 0.0073, 0.0093,
        0.0133, 0.0153, 0.0105, 0.0144, 0.0051, 0.0062, 0.0114, 0.0142, 0.0159,
        0.0273, 0.0033, 0.0155, 0.0139, 0.0195, 0.0111, 0.0214, 0.0130, 0.0135,
        0.0059, 0.0144, 0.0095, 0.0198, 0.0140, 0.0158, 0.0064, 0.0136, 0.0062,
        0.0059, 0.0069, 0.0222, 0.0081, 0.0196, 0.0102, 0.0210, 0.0224, 0.0080,
        0.0128, 0.0243, 0.0067, 0.0091, 0.0142, 0.0135, 0.0090, 0.0116, 0.0202,
        0.0084, 0.0112, 0.0160, 0.0202, 0.0095, 0.0234, 0.0143, 0.0102, 0.0053,
        0.0156, 0.0113, 0.0280, 0.0110, 0.0120, 0.0145, 0.0210, 0.0124, 0.0111,
        0.0074, 0.0154, 0.0144, 0.0071, 0.0041, 0.0200, 0.0144, 0.0105, 0.0033,
        0.0118, 0.0335, 0.0079, 0.0263, 0.0184, 0.0076, 0.0065, 0.0092, 0.0163,
        0.0070, 0.0183, 0.0142, 0.0065, 0.0086, 0.0178, 0.0159, 0.0149, 0.0179,
        0.0170, 0.0091, 0.0068, 0.0239, 0.0194, 0.0088, 0.0092, 0.0162, 0.0120,
        0.0108, 0.0094, 0.0111, 0.0207], device='cuda:0')), ('layer3.0.downsample.1.num_batches_tracked', tensor(460, device='cuda:0')), ('layer3.1.conv1.weight', tensor([[[[ 5.1832e-02,  5.1485e-02,  4.3461e-02],
          [ 5.2602e-02,  5.8580e-02,  6.1907e-02],
          [ 2.4645e-02,  1.5193e-02,  2.8375e-02]],

         [[-2.3460e-03, -6.8895e-04,  6.5981e-03],
          [-3.4403e-04,  5.7290e-03,  2.1642e-02],
          [-2.2357e-02, -2.0618e-02, -2.3429e-03]],

         [[-1.3995e-02, -2.1766e-02, -2.4393e-02],
          [-1.6006e-02, -2.6890e-02, -2.8471e-02],
          [ 8.9427e-03,  5.3903e-03, -7.3700e-03]],

         ...,

         [[-4.4447e-02, -2.0308e-02, -5.1354e-02],
          [ 1.6297e-02,  4.9459e-02,  2.1804e-02],
          [-1.8532e-02, -9.3266e-03, -1.9195e-02]],

         [[-7.3817e-03, -1.5770e-02,  9.2495e-04],
          [-7.1620e-03, -1.3152e-02,  6.4838e-03],
          [-6.2047e-03, -1.2296e-03,  1.1047e-03]],

         [[-8.6557e-03,  2.7565e-03, -1.1839e-03],
          [-2.6269e-02, -7.9433e-03, -2.1252e-03],
          [-2.1099e-02, -9.5021e-03, -5.8108e-03]]],


        [[[-2.4142e-02, -9.6032e-03, -1.1138e-02],
          [-2.4765e-02, -1.5740e-02, -3.0768e-02],
          [-3.6441e-04,  1.3870e-02, -1.9203e-03]],

         [[-3.2827e-02, -4.3618e-02, -2.4985e-02],
          [-6.0704e-03, -1.8223e-02, -1.9937e-02],
          [ 5.1165e-02,  5.2304e-02,  3.8499e-02]],

         [[-4.1385e-02, -4.6868e-02, -3.4277e-02],
          [-9.3909e-03, -1.7987e-03, -1.2408e-02],
          [ 3.6223e-02,  5.1826e-02,  2.2900e-02]],

         ...,

         [[-2.4963e-02, -4.4447e-02, -4.0389e-02],
          [ 1.1572e-02,  1.8341e-02,  1.2155e-02],
          [-8.9688e-03, -3.5577e-02, -1.7047e-02]],

         [[ 1.8194e-02,  1.4895e-02,  1.1423e-02],
          [ 2.9228e-03,  9.9737e-03,  6.3583e-03],
          [ 2.0219e-02,  4.0668e-02,  1.8982e-02]],

         [[ 3.4146e-03,  4.5383e-03, -3.9185e-03],
          [ 2.7988e-02,  2.8686e-02, -8.9140e-06],
          [-1.2296e-02, -9.3876e-03, -4.3966e-03]]],


        [[[-1.8630e-02, -1.9663e-02, -2.4629e-02],
          [-1.2164e-02, -1.0601e-02, -1.2214e-02],
          [-9.1650e-04, -1.7126e-02, -8.0020e-03]],

         [[-5.2095e-03, -4.6028e-03,  1.7607e-02],
          [-7.8176e-03, -1.3708e-02,  2.6057e-03],
          [ 1.1570e-02,  1.2887e-02,  4.3111e-03]],

         [[-5.6841e-03, -7.5897e-03, -1.5545e-02],
          [-7.2851e-03, -1.4705e-02, -1.5257e-02],
          [-1.8354e-02, -3.1535e-02, -1.9565e-02]],

         ...,

         [[ 1.6438e-02, -2.0475e-03,  6.5086e-03],
          [-1.8399e-03, -1.2314e-02,  8.3603e-03],
          [-4.3135e-03, -1.5833e-02,  1.6415e-02]],

         [[-5.0801e-05,  3.3520e-03,  9.5024e-03],
          [-5.0854e-03, -8.6118e-04,  7.7966e-03],
          [ 1.0333e-02,  1.5501e-02,  7.0429e-03]],

         [[ 5.2565e-03, -6.3118e-04,  1.2925e-02],
          [ 1.5374e-02,  3.2937e-03,  1.6467e-02],
          [ 3.5388e-03,  2.0291e-02,  1.1541e-02]]],


        ...,


        [[[ 1.5741e-02,  3.2037e-03, -9.4340e-03],
          [-2.3014e-02, -1.2046e-02, -3.5007e-03],
          [-1.0222e-02,  9.8588e-03,  9.6692e-03]],

         [[-7.6072e-03, -9.2927e-03,  1.1399e-02],
          [-8.3652e-03, -9.2860e-03,  7.7828e-03],
          [ 3.1824e-03, -9.3440e-03, -1.1661e-02]],

         [[-4.4631e-03, -8.2039e-03, -1.1807e-02],
          [-4.4989e-03, -1.2231e-03,  3.1571e-03],
          [-1.0599e-02, -1.2861e-02, -8.5611e-04]],

         ...,

         [[ 1.9441e-02,  2.9152e-03,  3.7630e-04],
          [-3.5114e-02, -2.8108e-03, -7.7436e-03],
          [-1.1624e-02, -3.3632e-02, -5.1331e-02]],

         [[ 9.4942e-03,  1.0207e-02, -6.7580e-03],
          [-2.5535e-02,  4.3992e-03,  5.1770e-03],
          [-1.8284e-02,  1.2502e-02,  1.6534e-02]],

         [[-1.3348e-02, -2.6062e-03,  1.3533e-02],
          [-1.1731e-03,  7.1531e-03, -8.0537e-03],
          [ 6.2155e-04, -1.1616e-02, -2.9900e-02]]],


        [[[-1.2368e-02, -6.2499e-02, -4.1425e-02],
          [-1.9345e-02, -4.8034e-02, -3.5871e-02],
          [ 4.1904e-02,  4.1902e-02,  5.9380e-02]],

         [[ 2.6492e-03, -1.2587e-02, -2.4655e-02],
          [-5.6300e-03,  4.9719e-03, -1.1771e-02],
          [ 1.5420e-03, -1.7802e-02, -2.1332e-02]],

         [[-7.1690e-03,  4.7337e-04,  4.9569e-03],
          [-1.7203e-02,  3.1804e-03, -1.7852e-05],
          [-6.2952e-03, -2.9540e-03, -2.0615e-02]],

         ...,

         [[ 1.1137e-02, -1.3820e-03,  3.6067e-03],
          [ 1.4520e-02, -4.9356e-03, -2.8288e-02],
          [ 3.0873e-02,  6.7344e-03, -1.4290e-02]],

         [[-1.2128e-02, -3.6525e-03,  5.8881e-03],
          [-7.4418e-03, -2.2398e-02, -2.3070e-03],
          [ 5.1905e-03, -2.0597e-03,  5.9786e-03]],

         [[-1.4285e-02, -9.3413e-03, -2.7125e-02],
          [-4.2451e-02, -4.0393e-02, -3.9252e-02],
          [-2.1416e-02, -3.5050e-02, -1.8505e-02]]],


        [[[-2.3169e-02, -1.8921e-02, -3.3670e-02],
          [ 2.1912e-02,  4.4681e-02,  2.5458e-02],
          [ 3.4839e-02,  3.1096e-02,  2.5023e-02]],

         [[ 1.5158e-02,  1.3721e-02,  1.3147e-02],
          [ 2.2001e-02,  2.9217e-02,  1.6272e-02],
          [ 5.9011e-04, -9.0592e-03, -3.1884e-03]],

         [[-3.3512e-03, -1.2071e-03,  3.0044e-03],
          [ 4.0375e-03, -6.4997e-03,  8.7066e-03],
          [ 1.3352e-02, -4.2627e-03,  1.5149e-02]],

         ...,

         [[ 1.4472e-03,  2.6828e-02,  7.8304e-03],
          [-4.3359e-02, -4.0942e-03, -3.2320e-02],
          [-1.7727e-02, -1.2695e-02, -3.7585e-02]],

         [[ 2.9569e-02,  5.8734e-02,  2.2756e-02],
          [ 8.9405e-04,  2.4246e-02, -1.6162e-02],
          [ 1.5867e-02,  1.6323e-02, -2.1131e-02]],

         [[-2.7292e-03, -4.6303e-02, -2.0973e-02],
          [-3.8639e-03, -2.7916e-02, -2.3692e-02],
          [ 5.9369e-03, -6.4579e-04,  2.2098e-02]]]], device='cuda:0')), ('layer3.1.bn1.weight', tensor([0.2494, 0.1976, 0.2276, 0.2750, 0.3275, 0.2599, 0.2695, 0.3474, 0.2384,
        0.2898, 0.2797, 0.3042, 0.2266, 0.2624, 0.3005, 0.2390, 0.2734, 0.2706,
        0.2147, 0.3806, 0.2756, 0.2411, 0.2399, 0.2896, 0.2678, 0.2305, 0.2351,
        0.3147, 0.2952, 0.3356, 0.2219, 0.1908, 0.3155, 0.2603, 0.2919, 0.2919,
        0.3427, 0.2536, 0.2428, 0.2293, 0.3316, 0.3493, 0.2046, 0.2449, 0.2479,
        0.2461, 0.3256, 0.2565, 0.2637, 0.1939, 0.2516, 0.4085, 0.2492, 0.2105,
        0.2273, 0.2657, 0.2101, 0.2055, 0.2031, 0.3558, 0.2363, 0.3272, 0.1943,
        0.2434, 0.2847, 0.3779, 0.2773, 0.2100, 0.3869, 0.4786, 0.3020, 0.2846,
        0.3719, 0.2935, 0.2081, 0.1788, 0.2757, 0.3880, 0.3104, 0.1967, 0.2686,
        0.2308, 0.2442, 0.2337, 0.2667, 0.2793, 0.2278, 0.3182, 0.3825, 0.2507,
        0.2251, 0.2705, 0.3409, 0.3773, 0.3792, 0.2969, 0.3017, 0.2585, 0.2996,
        0.1949, 0.1960, 0.3191, 0.3615, 0.2158, 0.2466, 0.2257, 0.2114, 0.2853,
        0.2707, 0.2701, 0.3113, 0.2161, 0.2691, 0.2367, 0.3435, 0.2766, 0.2090,
        0.2977, 0.3178, 0.2791, 0.2880, 0.3481, 0.2688, 0.2644, 0.3181, 0.2856,
        0.1879, 0.2966, 0.3619, 0.2541, 0.1784, 0.2766, 0.2601, 0.2455, 0.2582,
        0.2244, 0.3420, 0.2901, 0.2892, 0.2897, 0.2396, 0.2387, 0.3645, 0.2667,
        0.3816, 0.2951, 0.2741, 0.4648, 0.3141, 0.2404, 0.3484, 0.3004, 0.2000,
        0.2294, 0.2529, 0.2668, 0.3262, 0.1622, 0.2256, 0.2214, 0.3601, 0.3199,
        0.2021, 0.2198, 0.2669, 0.2860, 0.2599, 0.3694, 0.2735, 0.2960, 0.1884,
        0.2135, 0.2495, 0.3156, 0.2452, 0.3712, 0.2336, 0.2452, 0.2951, 0.2488,
        0.2761, 0.2674, 0.2879, 0.3865, 0.1385, 0.2825, 0.3352, 0.2546, 0.2834,
        0.2335, 0.2295, 0.3278, 0.4075, 0.2649, 0.2557, 0.3400, 0.3243, 0.2424,
        0.2885, 0.3603, 0.2602, 0.2306, 0.2467, 0.2189, 0.2334, 0.4126, 0.2599,
        0.2842, 0.1997, 0.2365, 0.2735, 0.3009, 0.2435, 0.2732, 0.3579, 0.2533,
        0.3682, 0.2894, 0.2594, 0.3023, 0.2866, 0.3480, 0.2071, 0.2907, 0.3231,
        0.2944, 0.2565, 0.2967, 0.3883, 0.2215, 0.2233, 0.3241, 0.3178, 0.2976,
        0.2328, 0.3301, 0.2805, 0.2710, 0.2314, 0.2849, 0.3320, 0.2281, 0.3503,
        0.2648, 0.3573, 0.4006, 0.2938, 0.3094, 0.3456, 0.2834, 0.2756, 0.2013,
        0.2434, 0.2961, 0.2052, 0.2686], device='cuda:0')), ('layer3.1.bn1.bias', tensor([-0.1323, -0.0635, -0.3253, -0.2347, -0.3282, -0.1828, -0.2102, -0.3198,
        -0.1880, -0.2991, -0.2077, -0.2290, -0.2136, -0.2472, -0.2766, -0.1348,
        -0.2492, -0.2419, -0.1229, -0.4595, -0.2193, -0.1221, -0.2109, -0.1801,
        -0.2435, -0.1554, -0.1591, -0.3704, -0.2842, -0.3884, -0.1555, -0.0690,
        -0.3417, -0.2269, -0.1948, -0.2251, -0.3009, -0.1412, -0.2268, -0.1646,
        -0.4538, -0.3203, -0.0967, -0.1373, -0.2622, -0.1450, -0.3954, -0.1640,
        -0.2143, -0.1202, -0.1480, -0.5488, -0.2176, -0.1227,  0.0495, -0.1924,
        -0.1035, -0.0993, -0.1385, -0.3131, -0.2209, -0.3067, -0.1265, -0.1574,
        -0.2961, -0.3785, -0.1916, -0.1396, -0.5739, -0.3881, -0.2800, -0.2544,
        -0.3508, -0.2440, -0.1138, -0.0557, -0.1852, -0.4949, -0.3091, -0.0981,
        -0.2245, -0.1952, -0.1353, -0.1736, -0.2258, -0.1957, -0.0947, -0.3440,
        -0.5475, -0.2426, -0.1955, -0.1603, -0.2522, -0.3298, -0.3997, -0.2826,
        -0.2705, -0.1926, -0.2420, -0.0321, -0.0865, -0.3437, -0.3104, -0.1102,
        -0.1555, -0.1241, -0.1795, -0.2713, -0.2005, -0.1862, -0.2838, -0.1128,
        -0.1799, -0.2143, -0.3300, -0.2266, -0.1406, -0.3384, -0.2664, -0.2550,
        -0.2512, -0.4753, -0.2332, -0.2110, -0.3257, -0.1981, -0.1089, -0.2631,
        -0.4201, -0.1402, -0.0853, -0.3058, -0.1574, -0.1481, -0.1612, -0.1640,
        -0.3754, -0.2625, -0.2382, -0.2502, -0.1493, -0.1488, -0.4321, -0.1408,
        -0.2776, -0.2264, -0.2078, -0.4170, -0.3570, -0.1423, -0.3585, -0.2669,
        -0.2064, -0.0209, -0.1266, -0.2806, -0.3625,  0.0445, -0.2239, -0.1280,
        -0.3227, -0.3020, -0.1108, -0.0842, -0.2454, -0.1969, -0.1905, -0.4694,
        -0.1994, -0.3400, -0.0721, -0.1991, -0.3518, -0.1957, -0.3511, -0.3531,
        -0.1462, -0.2031, -0.2703, -0.1545, -0.2783, -0.1948, -0.2475, -0.4902,
         0.1318, -0.2378, -0.5167, -0.3936, -0.2347, -0.1300, -0.0818, -0.4134,
        -0.5568, -0.2245, -0.1540, -0.3938, -0.3298, -0.0842, -0.3085, -0.3142,
        -0.1495, -0.1373, -0.0983, -0.1600, -0.1652, -0.6362, -0.1353, -0.2396,
        -0.1027, -0.1653, -0.2905, -0.2476, -0.1489, -0.2041, -0.5320, -0.1703,
        -0.5496, -0.2495, -0.1223, -0.2320, -0.1938, -0.3774, -0.1024, -0.1738,
        -0.3996, -0.2965, -0.3029, -0.1612, -0.4668, -0.1163, -0.1658, -0.3405,
        -0.2970, -0.3113, -0.3012, -0.3261, -0.2545, -0.2029, -0.0947, -0.2068,
        -0.4363, -0.2077, -0.4187, -0.3093, -0.4857, -0.3531, -0.2599, -0.2840,
        -0.3987, -0.2121, -0.1753, -0.1098, -0.1238, -0.3052,  0.0510, -0.1942],
       device='cuda:0')), ('layer3.1.bn1.running_mean', tensor([-0.1757, -0.2373, -0.0140, -0.2657, -0.7239, -0.6571, -0.2835, -0.9290,
        -0.4588, -0.6318, -0.1980, -0.3883, -0.3659, -0.6464, -0.5313, -0.1166,
        -0.3880, -0.4664, -0.3075, -0.8428, -0.3757, -0.6164, -0.4815, -0.4273,
        -0.4498, -0.1057, -0.4502, -0.2853, -0.7439, -0.8398, -0.3198, -0.2537,
        -0.7936, -0.1104, -0.4328, -0.7240, -0.5576, -0.6664, -0.1162, -0.4974,
        -1.1311, -0.4450, -0.0691, -0.3671,  0.5771, -0.8212, -0.4846, -0.3827,
        -0.8571,  0.0443, -0.1856, -0.8905, -0.4687, -0.0506,  0.1345, -0.4848,
        -0.9902, -0.3434, -0.3978, -0.6315, -0.0239, -0.2702, -0.2973, -0.1477,
        -0.5150, -0.7478, -0.4868, -0.5621, -0.5844, -0.0527, -0.9146, -0.2855,
        -1.1941, -0.4605, -0.0836, -0.4551, -0.3679, -0.9337, -0.4337, -0.2322,
        -1.0268, -0.1948, -0.5336, -0.2736, -0.2952, -0.6786, -0.6045, -0.7088,
        -0.7390, -0.0188, -0.2535, -0.1005, -0.8593, -0.8044, -0.6991, -0.9332,
        -0.3934, -0.3345, -0.4959,  0.0604, -0.1589, -0.5496, -0.8316,  0.0824,
        -0.4939, -0.1848,  0.3316, -0.3873, -0.3515, -0.4837, -0.8817, -0.3484,
        -0.2561,  0.3401, -0.4021, -0.5004, -0.0395,  0.0452, -0.8365, -0.3588,
        -0.3540, -0.6146, -0.3068, -0.8192, -0.5446, -0.1112, -0.2398, -0.0819,
        -0.5530, -0.4305, -0.4707,  0.0547, -0.6435, -0.4460, -0.2560, -0.4071,
        -0.7110, -0.7265,  0.0454, -0.5510, -0.6380, -0.1563, -0.6265, -0.3309,
        -0.5149, -0.4394, -0.4335, -0.3242, -0.5879, -0.3072, -0.7095, -0.6010,
         0.4066, -0.4007, -0.7213, -0.1911, -0.2318, -0.7387,  0.2264,  0.1537,
        -0.2528, -0.6740, -0.1816,  0.1037, -0.6421, -0.1903, -0.4680, -0.8490,
        -0.0445, -0.3718, -0.2185,  0.1030, -0.0162, -0.6579,  0.3449, -0.2344,
        -0.3339, -0.4587, -0.6959, -0.7874, -0.7488, -0.9138, -0.1424, -0.6533,
        -0.3868, -0.4749, -0.8968,  0.3282, -0.4933,  0.1654, -0.9216, -0.8638,
        -0.7380, -0.4686, -0.5524, -0.6337, -0.3367, -0.0798, -0.2029, -0.4344,
         0.1527, -0.0177,  0.1088, -0.2900, -0.1268, -0.7321, -0.4624, -0.4161,
         1.5613, -0.2701, -0.7712, -0.7044, -0.2993, -0.6292, -0.5969, -0.3232,
        -0.7796, -0.0944, -0.0078, -0.4484, -0.5125, -0.8628, -0.3018, -0.6887,
        -0.7449, -0.6364,  0.1412, -0.6886, -1.2128, -0.3257,  0.7165, -0.3744,
        -0.4091, -0.5889, -0.1684, -0.9669, -0.3752, -0.3545, -0.5353, -0.4147,
        -0.4719, -0.4978, -0.0020,  0.0761, -0.8424, -0.5904, -0.5373, -0.2921,
        -0.8160, -0.4194, -0.2685, -0.3966, -0.1961, -0.3276, -0.8178, -0.3209],
       device='cuda:0')), ('layer3.1.bn1.running_var', tensor([0.1831, 0.3088, 0.1310, 0.1451, 0.1395, 0.1681, 0.1998, 0.1472, 0.1343,
        0.1092, 0.1530, 0.1604, 0.1209, 0.1240, 0.1434, 0.1449, 0.0802, 0.1324,
        0.1733, 0.1924, 0.1313, 0.1475, 0.1262, 0.2887, 0.1423, 0.1610, 0.2109,
        0.1511, 0.1564, 0.1119, 0.1366, 0.1553, 0.1324, 0.1233, 0.2076, 0.1654,
        0.1476, 0.1793, 0.1478, 0.1073, 0.1252, 0.1509, 0.1810, 0.1786, 0.1306,
        0.1508, 0.1257, 0.2593, 0.2191, 0.0880, 0.1530, 0.1423, 0.1739, 0.1089,
        0.2849, 0.1680, 0.1646, 0.1509, 0.1020, 0.1283, 0.1526, 0.1152, 0.1438,
        0.1023, 0.2007, 0.2288, 0.1919, 0.1529, 0.0931, 0.4584, 0.1805, 0.1218,
        0.1512, 0.1238, 0.1981, 0.1320, 0.2010, 0.1197, 0.2122, 0.2186, 0.1279,
        0.1520, 0.1751, 0.0979, 0.1438, 0.2305, 0.2648, 0.1623, 0.1186, 0.1422,
        0.1489, 0.2359, 0.1688, 0.1933, 0.1710, 0.1341, 0.1620, 0.1445, 0.1472,
        0.2184, 0.1835, 0.1126, 0.1981, 0.1907, 0.1542, 0.2111, 0.1015, 0.1341,
        0.1757, 0.2420, 0.1407, 0.2228, 0.1556, 0.1287, 0.2324, 0.1464, 0.1218,
        0.1060, 0.1420, 0.1592, 0.1596, 0.0963, 0.2101, 0.1161, 0.1512, 0.2756,
        0.1684, 0.1624, 0.1459, 0.1786, 0.1984, 0.1045, 0.1354, 0.2000, 0.1814,
        0.2036, 0.1601, 0.1700, 0.2166, 0.1790, 0.1333, 0.1706, 0.1376, 0.2029,
        0.1835, 0.1690, 0.1745, 0.3100, 0.1075, 0.2033, 0.1407, 0.2266, 0.1558,
        0.2910, 0.1636, 0.1103, 0.1687, 0.2151, 0.1467, 0.1827, 0.1847, 0.1836,
        0.1648, 0.2173, 0.1578, 0.2043, 0.1342, 0.1309, 0.1922, 0.3188, 0.1249,
        0.0978, 0.1047, 0.1509, 0.1800, 0.1539, 0.2065, 0.1099, 0.1234, 0.2113,
        0.1496, 0.2262, 0.2147, 0.1073, 0.2178, 0.1594, 0.0893, 0.1227, 0.1023,
        0.1875, 0.2633, 0.1324, 0.1303, 0.1098, 0.1164, 0.1364, 0.1564, 0.2185,
        0.0931, 0.1702, 0.1607, 0.1219, 0.1899, 0.1032, 0.1370, 0.1154, 0.3330,
        0.1775, 0.2271, 0.1695, 0.1295, 0.2455, 0.2379, 0.2372, 0.1119, 0.1927,
        0.1244, 0.1543, 0.2627, 0.1810, 0.1745, 0.1504, 0.1612, 0.2069, 0.1439,
        0.1346, 0.1554, 0.4810, 0.1817, 0.1726, 0.1410, 0.1616, 0.1483, 0.1194,
        0.1002, 0.1693, 0.2209, 0.1267, 0.1654, 0.1847, 0.1237, 0.1292, 0.1243,
        0.2224, 0.1193, 0.3096, 0.1578, 0.1234, 0.1327, 0.2111, 0.2351, 0.1995,
        0.1891, 0.1576, 0.2953, 0.2169], device='cuda:0')), ('layer3.1.bn1.num_batches_tracked', tensor(460, device='cuda:0')), ('layer3.1.conv2.weight', tensor([[[[-4.1551e-02, -2.5932e-02, -2.1971e-02],
          [-1.5218e-02, -5.9309e-03, -5.5188e-03],
          [-3.5269e-04,  2.5033e-02,  1.6485e-02]],

         [[-6.3228e-03, -8.7925e-03, -8.9302e-03],
          [-2.4790e-03,  1.1388e-02,  1.3847e-02],
          [ 1.0250e-02,  2.9256e-02,  4.7172e-02]],

         [[-2.6377e-03, -3.2395e-03,  2.3737e-03],
          [ 1.6805e-02,  2.9117e-02,  2.7857e-02],
          [ 4.0840e-02,  5.1080e-02,  4.8795e-02]],

         ...,

         [[ 1.9069e-02,  1.3983e-02, -2.4842e-02],
          [ 2.5504e-02,  3.0597e-02,  1.0483e-02],
          [-1.9812e-03,  5.6912e-03, -5.0260e-03]],

         [[-2.2060e-02, -3.7049e-02, -1.3447e-02],
          [ 1.8062e-02,  1.3606e-02, -7.1196e-03],
          [ 2.2448e-02,  3.3645e-02,  9.9044e-03]],

         [[ 3.4230e-02,  3.5984e-02,  3.3108e-02],
          [-6.3701e-03, -1.1056e-02,  1.1358e-02],
          [ 1.2097e-02,  1.8571e-03,  1.4886e-02]]],


        [[[ 2.3262e-02,  2.5096e-03,  4.3267e-03],
          [-7.2617e-03, -3.8582e-02, -2.9776e-02],
          [ 1.8961e-02, -9.5765e-04,  4.9567e-03]],

         [[-4.1142e-03, -8.9286e-04, -8.4295e-03],
          [ 4.3238e-03, -1.0921e-03, -6.8585e-03],
          [-1.3624e-02, -2.6716e-02, -4.4717e-02]],

         [[ 8.7282e-03,  3.5470e-03,  7.2637e-04],
          [ 6.0886e-03,  1.0690e-02, -3.4484e-03],
          [-1.0589e-02, -2.6018e-03, -2.1111e-02]],

         ...,

         [[-6.3573e-03,  3.1398e-03,  5.0093e-03],
          [-6.8608e-06,  6.8480e-03,  2.9889e-03],
          [ 1.0600e-02,  9.4902e-03,  2.3919e-03]],

         [[-6.4823e-02, -5.8490e-02, -3.2567e-02],
          [ 2.2426e-02,  3.1284e-02,  3.6930e-02],
          [ 9.5562e-03,  3.6437e-02,  1.3537e-02]],

         [[-3.5711e-03,  9.9578e-03, -4.1223e-03],
          [-5.7855e-03,  1.3358e-02, -2.0845e-02],
          [-1.6810e-02,  1.2143e-02, -2.3212e-02]]],


        [[[-3.4917e-03, -4.6954e-03, -1.0605e-03],
          [-1.4758e-02, -8.3518e-03, -1.8992e-02],
          [ 5.2391e-04, -1.0084e-03, -1.5778e-02]],

         [[-3.0520e-02, -3.4770e-02, -2.7366e-02],
          [-3.9725e-05,  1.5809e-02,  3.4014e-02],
          [ 3.9592e-02,  7.2442e-02,  7.6443e-02]],

         [[ 8.3955e-03, -1.2413e-03, -9.9262e-03],
          [ 1.0079e-02, -8.1742e-03, -7.4942e-03],
          [-7.6930e-04, -1.1318e-02, -1.4106e-02]],

         ...,

         [[ 1.7611e-02,  1.0825e-02,  4.5053e-03],
          [ 1.7852e-02,  9.7799e-03, -8.4550e-03],
          [ 8.6167e-03,  8.6773e-03, -2.7693e-03]],

         [[-5.7272e-03, -5.4787e-03,  1.1724e-02],
          [ 1.5500e-02,  2.4936e-02,  5.0538e-02],
          [ 2.2388e-02,  3.7834e-02,  4.8801e-02]],

         [[ 1.8290e-02,  3.6099e-02,  2.9012e-02],
          [ 1.4178e-02,  2.1716e-02,  5.6226e-03],
          [ 1.0663e-02,  2.4751e-02,  1.4838e-02]]],


        ...,


        [[[-2.0321e-02, -1.2599e-02, -1.7055e-02],
          [ 9.1593e-03,  1.3457e-02,  1.6231e-02],
          [ 1.7704e-02,  2.3644e-02,  2.3444e-02]],

         [[ 8.7367e-03, -3.5805e-03, -3.6864e-03],
          [-6.4208e-03, -2.1568e-02, -5.8807e-03],
          [ 6.4689e-03, -1.2892e-03, -1.8800e-02]],

         [[-6.3913e-03, -5.2445e-03, -2.5525e-03],
          [-1.8042e-02,  5.0237e-03, -3.1041e-03],
          [-1.0688e-02,  2.6245e-03,  3.7877e-03]],

         ...,

         [[ 1.8842e-02, -3.0443e-03,  1.5729e-02],
          [ 5.9334e-02,  3.6284e-02,  8.8750e-03],
          [ 2.3796e-02, -2.3341e-02, -2.4574e-02]],

         [[-1.5885e-02, -6.8424e-02, -2.0724e-02],
          [ 8.0825e-03,  9.2387e-03,  4.3999e-02],
          [-1.2159e-02, -4.4247e-03,  2.2975e-02]],

         [[-1.1640e-02, -2.9527e-03, -7.1259e-03],
          [ 2.8620e-02,  5.0414e-02,  2.2862e-02],
          [ 3.3697e-02,  5.7477e-02,  4.4057e-02]]],


        [[[-1.9958e-02, -1.6181e-02, -1.6403e-02],
          [-2.1145e-02, -2.3708e-02, -1.8753e-02],
          [-4.1450e-03,  9.7053e-04,  1.0794e-02]],

         [[ 2.0888e-02,  2.4551e-02,  2.7434e-02],
          [-1.8662e-02, -1.8213e-02, -1.6392e-02],
          [-4.7715e-03,  5.9054e-03, -3.8539e-03]],

         [[ 1.6924e-02,  3.8790e-02,  2.5403e-02],
          [-5.1567e-03,  1.0140e-02,  1.2661e-02],
          [-1.3109e-02, -6.0944e-03, -3.3513e-03]],

         ...,

         [[-2.8543e-03, -1.4456e-02, -1.5363e-02],
          [-2.1229e-03, -6.0913e-03, -1.0952e-03],
          [-8.6026e-03, -4.6040e-03,  8.0455e-03]],

         [[-5.8872e-03, -2.1781e-02, -3.3887e-02],
          [-2.6896e-02, -2.9032e-02, -4.5449e-02],
          [-5.0044e-02, -3.4380e-02, -5.2889e-02]],

         [[ 1.1323e-02,  3.0279e-02,  2.5305e-02],
          [ 1.2859e-02,  2.6658e-02,  2.8659e-02],
          [ 2.7568e-02,  3.6041e-02,  2.8541e-02]]],


        [[[ 3.9873e-03, -4.4466e-03,  3.0853e-04],
          [ 1.6212e-03, -8.9482e-03,  4.4152e-03],
          [ 1.7218e-02,  1.5711e-02,  1.9537e-02]],

         [[-1.1189e-02,  1.3733e-02,  8.9047e-03],
          [ 2.2265e-03,  9.7444e-03,  6.2066e-03],
          [ 8.4296e-03,  1.8587e-02, -6.0379e-03]],

         [[-3.8798e-02,  1.9302e-02, -2.4333e-02],
          [-5.0664e-02, -1.0699e-02, -4.1867e-02],
          [-6.0139e-03, -5.1384e-03, -1.8606e-02]],

         ...,

         [[ 6.0885e-03, -1.4386e-02, -1.5410e-02],
          [-1.2710e-02, -2.0599e-02, -2.6986e-03],
          [-1.3593e-02,  2.7329e-03,  6.3387e-03]],

         [[-1.8552e-02, -8.8777e-03,  2.4321e-02],
          [ 3.4015e-02,  5.1703e-02,  5.8261e-02],
          [-1.3015e-02, -3.5815e-03, -7.0211e-03]],

         [[-1.4259e-02, -4.3986e-02, -6.0719e-04],
          [-2.0197e-02, -4.7822e-02, -1.4834e-02],
          [-4.0470e-02, -5.8232e-02, -2.9279e-02]]]], device='cuda:0')), ('layer3.1.bn2.weight', tensor([0.1957, 0.1738, 0.1300, 0.1968, 0.1830, 0.0933, 0.2347, 0.2245, 0.1665,
        0.1287, 0.0870, 0.1072, 0.3173, 0.2062, 0.3258, 0.2147, 0.3194, 0.2783,
        0.3389, 0.3329, 0.3333, 0.5555, 0.2801, 0.3060, 0.2085, 0.2951, 0.2333,
        0.5483, 0.1212, 0.3349, 0.1526, 0.1548, 0.2005, 0.0574, 0.1782, 0.2538,
        0.1963, 0.0737, 0.0894, 0.1360, 0.2621, 0.1992, 0.0698, 0.1522, 0.1922,
        0.0803, 0.1124, 0.2495, 0.2854, 0.3031, 0.1452, 0.3683, 0.1880, 0.2095,
        0.1924, 0.2351, 0.1667, 0.1091, 0.2469, 0.1695, 0.1282, 0.0797, 0.2418,
        0.2608, 0.2663, 0.2158, 0.4990, 0.2357, 0.0771, 0.2911, 0.1785, 0.0885,
        0.1097, 0.1828, 0.2824, 0.1977, 0.2018, 0.3447, 0.1413, 0.1349, 0.2666,
        0.1598, 0.2734, 0.2686, 0.2520, 0.0973, 0.4696, 0.2271, 0.3661, 0.1966,
        0.0808, 0.2522, 0.3331, 0.1566, 0.2337, 0.1293, 0.2561, 0.1703, 0.1380,
        0.2215, 0.5035, 0.3158, 0.1475, 0.1165, 0.0879, 0.2103, 0.1351, 0.3037,
        0.5614, 0.1026, 0.1006, 0.0491, 0.4387, 0.3150, 0.3994, 0.1320, 0.2161,
        0.5528, 0.2800, 0.2761, 0.4316, 0.2614, 0.3780, 0.1836, 0.2669, 0.1036,
        0.3018, 0.2417, 0.5156, 0.0809, 0.1233, 0.1978, 0.1397, 0.2277, 0.1468,
        0.3714, 0.0814, 0.5400, 0.2037, 0.2093, 0.1316, 0.5011, 0.1829, 0.1888,
        0.4141, 0.3824, 0.2061, 0.2217, 0.1478, 0.4989, 0.4204, 0.0817, 0.0641,
        0.3536, 0.2762, 0.3838, 0.1628, 0.1419, 0.2678, 0.0824, 0.2303, 0.2242,
        0.2145, 0.4146, 0.2788, 0.2943, 0.3434, 0.4623, 0.3052, 0.3700, 0.5850,
        0.0595, 0.2771, 0.3082, 0.2139, 0.3539, 0.2100, 0.2448, 0.3433, 0.2860,
        0.3505, 0.4689, 0.3211, 0.3811, 0.2658, 0.2147, 0.1943, 0.4099, 0.4962,
        0.3655, 0.1659, 0.1296, 0.2370, 0.2093, 0.1511, 0.1611, 0.3825, 0.0961,
        0.3734, 0.3931, 0.4365, 0.2258, 0.1504, 0.3154, 0.3861, 0.5770, 0.1921,
        0.2826, 0.0919, 0.2339, 0.0958, 0.2364, 0.0660, 0.2935, 0.5091, 0.3337,
        0.2333, 0.1173, 0.2185, 0.2235, 0.2819, 0.2343, 0.1903, 0.2897, 0.2677,
        0.3899, 0.3909, 0.1843, 0.1884, 0.4397, 0.1338, 0.3454, 0.2730, 0.2541,
        0.2780, 0.1146, 0.1570, 0.1738, 0.0899, 0.1592, 0.1264, 0.2334, 0.2839,
        0.0768, 0.1404, 0.1712, 0.3983, 0.2686, 0.6382, 0.1091, 0.3195, 0.1781,
        0.3626, 0.2597, 0.1964, 0.2549], device='cuda:0')), ('layer3.1.bn2.bias', tensor([-0.0180, -0.2070,  0.0240, -0.1751, -0.1841, -0.0344, -0.2041, -0.1422,
        -0.0442, -0.0898, -0.0649, -0.1007, -0.0357, -0.2043, -0.3025,  0.1441,
        -0.3093, -0.1274, -0.1650, -0.0990, -0.2467, -0.2848, -0.1243, -0.2918,
        -0.2338, -0.3581, -0.0846, -0.3515,  0.0713, -0.1334, -0.1085, -0.1448,
         0.0240,  0.0227, -0.1909, -0.2502, -0.2448,  0.0589, -0.0078, -0.1211,
        -0.2586, -0.1673, -0.0204, -0.1191, -0.2082, -0.0168,  0.0078, -0.1350,
        -0.3159, -0.2292, -0.1541, -0.3516,  0.2087,  0.0769, -0.1581, -0.2000,
         0.0357,  0.0388, -0.1335,  0.1018,  0.1003, -0.0395, -0.2523, -0.1348,
        -0.1843, -0.2428, -0.4552, -0.3134, -0.0166, -0.2620, -0.1562,  0.0204,
        -0.0779, -0.1415, -0.2752,  0.0070, -0.1889, -0.2313, -0.1285, -0.1200,
        -0.1920, -0.1032, -0.1908, -0.1699, -0.2720,  0.1266, -0.4616, -0.2259,
        -0.2289,  0.1962,  0.0276, -0.3324, -0.3190, -0.1334, -0.0698,  0.0034,
        -0.2593, -0.0150, -0.0586, -0.1251, -0.4792, -0.2362, -0.1381, -0.0591,
        -0.0582, -0.2778, -0.0888, -0.1930, -0.3490, -0.0344, -0.1095,  0.0151,
        -0.1941, -0.2601, -0.3272, -0.0835, -0.1849, -0.1629, -0.3180, -0.0275,
        -0.1698, -0.1682, -0.3094, -0.2220, -0.1833, -0.0585, -0.0615, -0.1765,
        -0.5198, -0.1879, -0.1106, -0.2311, -0.0478, -0.1745, -0.1304, -0.2532,
        -0.0467, -0.6325, -0.1352, -0.2129,  0.0407, -0.5274, -0.2025, -0.1424,
        -0.1931, -0.3009,  0.1027, -0.1493, -0.2294, -0.5260, -0.2538, -0.0407,
         0.0443, -0.3213, -0.1620, -0.2572, -0.1206, -0.1018,  0.0214,  0.1007,
        -0.2159, -0.2038,  0.0797, -0.0152, -0.2400, -0.3222, -0.1448, -0.4873,
        -0.3428, -0.1405, -0.6686,  0.0412, -0.2823, -0.0960, -0.2440, -0.1845,
        -0.1904, -0.0361, -0.3038, -0.1860, -0.1356, -0.3019, -0.2673, -0.4122,
        -0.2612, -0.1754, -0.1830, -0.2414, -0.1096, -0.2221, -0.1276, -0.1116,
         0.0637, -0.1456, -0.1186, -0.1651, -0.0360, -0.0215, -0.1990,  0.0467,
        -0.1865, -0.2798, -0.0964, -0.4097, -0.3351, -0.7250,  0.0252, -0.1850,
         0.0522, -0.2256, -0.0053, -0.3213, -0.0077, -0.2835, -0.5118, -0.2354,
        -0.0826, -0.0841, -0.1296, -0.2094,  0.0171, -0.1878, -0.1897, -0.3084,
        -0.3108, -0.2954, -0.4730, -0.1834, -0.1894, -0.3128, -0.0938, -0.1166,
        -0.2984, -0.0855, -0.3440, -0.0765, -0.1471, -0.1615,  0.0183, -0.0679,
        -0.0617, -0.2593, -0.1354,  0.0468, -0.0333, -0.1612, -0.3329, -0.1756,
        -0.6313, -0.0763, -0.2113, -0.1544, -0.0485, -0.2448, -0.0168, -0.2059],
       device='cuda:0')), ('layer3.1.bn2.running_mean', tensor([-0.1075, -0.0250, -0.0282, -0.0037, -0.0663, -0.1183, -0.0338, -0.0566,
         0.0726,  0.0016,  0.0008,  0.0313, -0.0504, -0.0664, -0.0856,  0.2173,
        -0.0722, -0.1113, -0.1797, -0.0809, -0.0432, -0.5613, -0.0693, -0.2028,
        -0.0901, -0.0630, -0.2048, -0.1259,  0.1050, -0.2519, -0.0395, -0.0782,
        -0.0151,  0.0608, -0.0868, -0.1286, -0.0409,  0.0615,  0.0327,  0.0119,
        -0.0646, -0.0989,  0.0059, -0.0420, -0.0392, -0.0469, -0.0552, -0.0902,
        -0.0762, -0.0825, -0.0869, -0.1882,  0.0404,  0.4173,  0.0097, -0.0659,
        -0.0694, -0.0841, -0.0276,  0.0258,  0.0374, -0.0477, -0.1331, -0.0678,
        -0.1104, -0.0346, -0.1415, -0.0210, -0.0265, -0.1509,  0.0477, -0.0625,
        -0.0544, -0.0506, -0.0744, -0.0785, -0.0463, -0.1717, -0.1010,  0.0076,
         0.0595, -0.0209, -0.1128, -0.2111, -0.1069,  0.0165, -0.2487, -0.1219,
        -0.0756,  0.1275, -0.0668, -0.0728, -0.1138,  0.0300, -0.0922,  0.0184,
        -0.0962,  0.0013, -0.0271, -0.1320, -0.2076,  0.0577, -0.0439, -0.0099,
        -0.0638, -0.0927, -0.0591, -0.1075, -0.1020, -0.0550, -0.0214, -0.0389,
        -0.1559, -0.1045, -0.1734, -0.1595, -0.1227, -0.2502, -0.0751, -0.2703,
        -0.2094, -0.0548, -0.2663, -0.1692, -0.0898, -0.1323, -0.0977, -0.1046,
        -0.1926,  0.0403, -0.0357, -0.0927, -0.0597, -0.0730, -0.0226, -0.1361,
        -0.0175, -0.1947, -0.1497, -0.0088, -0.0788, -0.2076, -0.0462, -0.0135,
        -0.4002, -0.0718, -0.0902, -0.1066, -0.0702, -0.1735, -0.1257,  0.0180,
        -0.0410, -0.2274, -0.1347, -0.1296, -0.1267,  0.1191, -0.1021,  0.0490,
        -0.0517, -0.0809,  0.0430, -0.3977, -0.0646, -0.1131, -0.2437, -0.1834,
        -0.1283, -0.2324, -0.1745, -0.0262, -0.1341, -0.1609, -0.0276, -0.1384,
        -0.0598, -0.0444, -0.1148, -0.0813, -0.3818,  0.3905, -0.0643, -0.1423,
        -0.1571,  0.0650, -0.0278, -0.1002, -0.2676, -0.2288,  0.0342,  0.0158,
        -0.0174, -0.0568, -0.0504, -0.0639, -0.3175, -0.0457, -0.1784, -0.1451,
        -0.3375, -0.1225, -0.0304, -0.1537, -0.0943, -0.2740, -0.0114, -0.0419,
         0.0049, -0.0433, -0.1006, -0.0256, -0.0290, -0.0925, -0.1581, -0.1982,
        -0.1449,  0.0160, -0.0911, -0.0574, -0.2895, -0.0216, -0.0580, -0.0934,
        -0.0999, -0.1754, -0.1026, -0.0522, -0.1039, -0.2130, -0.0233, -0.4046,
        -0.1142, -0.1608, -0.1569,  0.0336, -0.0571, -0.0343, -0.0939, -0.0437,
         0.0481, -0.1435, -0.1488, -0.0621, -0.0505, -0.1302, -0.1253, -0.1356,
        -0.2493, -0.0609, -0.1017, -0.0561, -0.2526, -0.0806, -0.1691, -0.1321],
       device='cuda:0')), ('layer3.1.bn2.running_var', tensor([0.0188, 0.0214, 0.0131, 0.0144, 0.0151, 0.0167, 0.0124, 0.0190, 0.0151,
        0.0105, 0.0093, 0.0129, 0.0424, 0.0194, 0.0241, 0.0229, 0.0268, 0.0289,
        0.0281, 0.0420, 0.0199, 0.0682, 0.0390, 0.0182, 0.0153, 0.0250, 0.0210,
        0.0367, 0.0165, 0.0285, 0.0189, 0.0118, 0.0197, 0.0086, 0.0167, 0.0152,
        0.0134, 0.0156, 0.0111, 0.0075, 0.0180, 0.0174, 0.0113, 0.0134, 0.0120,
        0.0101, 0.0134, 0.0249, 0.0165, 0.0184, 0.0131, 0.0172, 0.0263, 0.0320,
        0.0158, 0.0221, 0.0143, 0.0132, 0.0239, 0.0332, 0.0172, 0.0124, 0.0127,
        0.0244, 0.0234, 0.0123, 0.0309, 0.0163, 0.0129, 0.0216, 0.0436, 0.0196,
        0.0110, 0.0168, 0.0157, 0.0225, 0.0128, 0.0335, 0.0133, 0.0127, 0.0221,
        0.0201, 0.0174, 0.0192, 0.0214, 0.0162, 0.0274, 0.0141, 0.0272, 0.0385,
        0.0129, 0.0130, 0.0213, 0.0211, 0.0267, 0.0190, 0.0163, 0.0249, 0.0202,
        0.0191, 0.0229, 0.0599, 0.0144, 0.0137, 0.0166, 0.0115, 0.0165, 0.0168,
        0.0576, 0.0140, 0.0139, 0.0047, 0.0338, 0.0180, 0.0231, 0.0123, 0.0147,
        0.0595, 0.0160, 0.0342, 0.0488, 0.0199, 0.0323, 0.0184, 0.0223, 0.0091,
        0.0305, 0.0145, 0.0278, 0.0157, 0.0095, 0.0142, 0.0184, 0.0191, 0.0091,
        0.0238, 0.0089, 0.0401, 0.0160, 0.0137, 0.0242, 0.0253, 0.0123, 0.0128,
        0.0503, 0.0211, 0.0229, 0.0154, 0.0093, 0.0223, 0.0366, 0.0109, 0.0085,
        0.0209, 0.0227, 0.0293, 0.0131, 0.0123, 0.0401, 0.0129, 0.0113, 0.0157,
        0.0258, 0.0623, 0.0163, 0.0190, 0.0273, 0.0243, 0.0171, 0.0371, 0.0345,
        0.0063, 0.0213, 0.0216, 0.0271, 0.0233, 0.0143, 0.0210, 0.0179, 0.0218,
        0.0278, 0.0600, 0.0201, 0.0242, 0.0152, 0.0330, 0.0316, 0.0735, 0.0857,
        0.0239, 0.0238, 0.0180, 0.0286, 0.0224, 0.0175, 0.0102, 0.0498, 0.0159,
        0.0251, 0.0706, 0.0476, 0.0108, 0.0265, 0.0180, 0.0169, 0.0298, 0.0241,
        0.0208, 0.0114, 0.0234, 0.0116, 0.0138, 0.0133, 0.0196, 0.0282, 0.0270,
        0.0383, 0.0144, 0.0147, 0.0119, 0.0351, 0.0244, 0.0152, 0.0192, 0.0119,
        0.0194, 0.0220, 0.0136, 0.0164, 0.0256, 0.0161, 0.0352, 0.0143, 0.0202,
        0.0183, 0.0131, 0.0094, 0.0218, 0.0123, 0.0171, 0.0161, 0.0121, 0.0203,
        0.0105, 0.0158, 0.0133, 0.0227, 0.0188, 0.0433, 0.0080, 0.0256, 0.0130,
        0.0310, 0.0164, 0.0183, 0.0171], device='cuda:0')), ('layer3.1.bn2.num_batches_tracked', tensor(460, device='cuda:0')), ('layer4.0.conv1.weight', tensor([[[[-0.0121, -0.0211, -0.0203],
          [ 0.0207,  0.0213,  0.0289],
          [ 0.0438,  0.0316,  0.0483]],

         [[-0.0084,  0.0020, -0.0068],
          [ 0.0092,  0.0167, -0.0043],
          [-0.0027,  0.0128,  0.0004]],

         [[ 0.0188, -0.0113, -0.0166],
          [ 0.0100, -0.0017, -0.0156],
          [ 0.0010, -0.0258, -0.0086]],

         ...,

         [[-0.0167,  0.0162,  0.0017],
          [ 0.0061,  0.0072,  0.0114],
          [ 0.0234,  0.0103,  0.0023]],

         [[ 0.0168,  0.0105,  0.0150],
          [-0.0052,  0.0058,  0.0195],
          [-0.0037,  0.0234,  0.0334]],

         [[ 0.0238,  0.0188,  0.0420],
          [ 0.0189,  0.0012,  0.0122],
          [-0.0023,  0.0012, -0.0086]]],


        [[[-0.0014, -0.0048,  0.0075],
          [ 0.0135,  0.0121,  0.0291],
          [ 0.0213,  0.0189,  0.0239]],

         [[-0.0179, -0.0298, -0.0065],
          [-0.0048, -0.0091,  0.0029],
          [-0.0105, -0.0180, -0.0164]],

         [[-0.0126,  0.0006, -0.0056],
          [-0.0233, -0.0016, -0.0213],
          [-0.0196, -0.0057, -0.0040]],

         ...,

         [[-0.0121, -0.0220, -0.0095],
          [-0.0085, -0.0048, -0.0176],
          [-0.0142, -0.0256, -0.0179]],

         [[ 0.0051,  0.0058,  0.0044],
          [-0.0036,  0.0053, -0.0101],
          [-0.0024, -0.0109, -0.0208]],

         [[ 0.0019,  0.0091,  0.0064],
          [ 0.0040,  0.0244,  0.0226],
          [ 0.0180,  0.0233,  0.0246]]],


        [[[-0.0045,  0.0077,  0.0022],
          [ 0.0098,  0.0148,  0.0158],
          [ 0.0059,  0.0145,  0.0263]],

         [[-0.0135,  0.0078,  0.0100],
          [-0.0236, -0.0134, -0.0068],
          [-0.0269, -0.0089,  0.0007]],

         [[ 0.0302,  0.0170,  0.0085],
          [ 0.0281,  0.0223,  0.0136],
          [-0.0089, -0.0196, -0.0118]],

         ...,

         [[ 0.0166,  0.0093,  0.0033],
          [ 0.0136, -0.0073, -0.0095],
          [ 0.0264,  0.0103,  0.0130]],

         [[ 0.0359,  0.0385,  0.0371],
          [ 0.0003,  0.0152,  0.0207],
          [-0.0194, -0.0036,  0.0026]],

         [[ 0.0025,  0.0037,  0.0111],
          [ 0.0085,  0.0008,  0.0126],
          [ 0.0149,  0.0124,  0.0203]]],


        ...,


        [[[-0.0196, -0.0083, -0.0105],
          [-0.0105,  0.0033,  0.0066],
          [ 0.0123,  0.0126,  0.0188]],

         [[ 0.0162,  0.0330,  0.0258],
          [ 0.0339,  0.0457,  0.0319],
          [ 0.0291,  0.0436,  0.0390]],

         [[-0.0040, -0.0102, -0.0048],
          [-0.0059,  0.0123,  0.0025],
          [-0.0079, -0.0071, -0.0152]],

         ...,

         [[-0.0170, -0.0021, -0.0130],
          [-0.0235, -0.0025, -0.0071],
          [-0.0158, -0.0149, -0.0164]],

         [[-0.0007, -0.0045, -0.0211],
          [-0.0006,  0.0055, -0.0005],
          [-0.0115, -0.0080, -0.0249]],

         [[ 0.0158,  0.0078,  0.0146],
          [ 0.0160,  0.0392,  0.0199],
          [ 0.0256,  0.0307,  0.0180]]],


        [[[-0.0093, -0.0114, -0.0214],
          [-0.0186,  0.0024, -0.0020],
          [-0.0178, -0.0029, -0.0065]],

         [[-0.0005,  0.0029,  0.0020],
          [-0.0027,  0.0102, -0.0081],
          [-0.0018,  0.0083,  0.0039]],

         [[-0.0138, -0.0184,  0.0022],
          [-0.0220, -0.0244, -0.0151],
          [-0.0096, -0.0150, -0.0053]],

         ...,

         [[-0.0007, -0.0008,  0.0096],
          [-0.0186, -0.0096, -0.0083],
          [-0.0016, -0.0358, -0.0267]],

         [[-0.0010,  0.0002,  0.0128],
          [-0.0121, -0.0174, -0.0132],
          [-0.0359, -0.0424, -0.0356]],

         [[ 0.0219,  0.0026,  0.0007],
          [ 0.0104,  0.0324,  0.0298],
          [ 0.0123,  0.0310,  0.0130]]],


        [[[-0.0117, -0.0289, -0.0265],
          [-0.0197, -0.0052, -0.0044],
          [-0.0232, -0.0136,  0.0021]],

         [[-0.0114, -0.0291, -0.0189],
          [-0.0223, -0.0233, -0.0033],
          [-0.0215, -0.0054,  0.0244]],

         [[-0.0117, -0.0071,  0.0016],
          [ 0.0026, -0.0076, -0.0270],
          [ 0.0035, -0.0219, -0.0199]],

         ...,

         [[ 0.0189,  0.0214,  0.0012],
          [-0.0146,  0.0105, -0.0016],
          [ 0.0031,  0.0287,  0.0239]],

         [[-0.0282, -0.0146, -0.0398],
          [-0.0301, -0.0291, -0.0122],
          [-0.0578, -0.0039,  0.0511]],

         [[ 0.0225,  0.0002, -0.0023],
          [ 0.0160,  0.0045,  0.0282],
          [ 0.0039,  0.0157, -0.0002]]]], device='cuda:0')), ('layer4.0.bn1.weight', tensor([0.2426, 0.2192, 0.2503, 0.2277, 0.2052, 0.2935, 0.2486, 0.3099, 0.2790,
        0.2875, 0.2423, 0.1754, 0.2473, 0.2768, 0.2306, 0.2617, 0.3358, 0.2793,
        0.2550, 0.2979, 0.2290, 0.2825, 0.3498, 0.2784, 0.2278, 0.2508, 0.3022,
        0.2481, 0.2496, 0.2956, 0.2543, 0.3180, 0.2368, 0.2738, 0.2526, 0.2654,
        0.3349, 0.2615, 0.1825, 0.2853, 0.2178, 0.2667, 0.2844, 0.2482, 0.2902,
        0.2345, 0.2676, 0.2664, 0.2420, 0.2393, 0.2356, 0.2498, 0.2562, 0.2449,
        0.2510, 0.2527, 0.2790, 0.3197, 0.2327, 0.2678, 0.2556, 0.1897, 0.2614,
        0.2203, 0.2313, 0.2311, 0.2801, 0.1866, 0.2293, 0.3476, 0.2733, 0.3211,
        0.2453, 0.2741, 0.2744, 0.2248, 0.3426, 0.2629, 0.2704, 0.2840, 0.2046,
        0.2944, 0.2784, 0.2762, 0.2641, 0.2426, 0.2752, 0.2712, 0.3092, 0.2902,
        0.2569, 0.2162, 0.3100, 0.3405, 0.2234, 0.2819, 0.2343, 0.2697, 0.2620,
        0.2334, 0.3294, 0.2698, 0.2991, 0.2781, 0.2534, 0.2403, 0.2694, 0.2815,
        0.2869, 0.2378, 0.2535, 0.2049, 0.2404, 0.2842, 0.3313, 0.2780, 0.2180,
        0.2732, 0.2539, 0.2755, 0.3212, 0.1862, 0.3975, 0.2663, 0.2378, 0.2162,
        0.3234, 0.3595, 0.2827, 0.2646, 0.2717, 0.2465, 0.2484, 0.2522, 0.2581,
        0.2689, 0.2364, 0.2703, 0.2056, 0.2694, 0.2831, 0.2775, 0.2533, 0.2008,
        0.2352, 0.2089, 0.3068, 0.1644, 0.2672, 0.2191, 0.2778, 0.2691, 0.2736,
        0.2272, 0.2967, 0.2699, 0.2988, 0.2413, 0.3018, 0.2319, 0.2771, 0.2631,
        0.2881, 0.2478, 0.3029, 0.2563, 0.2915, 0.3057, 0.2989, 0.2584, 0.2102,
        0.2683, 0.2940, 0.2673, 0.2956, 0.2773, 0.2581, 0.2583, 0.2642, 0.2293,
        0.2449, 0.2924, 0.2378, 0.2655, 0.2860, 0.2836, 0.2243, 0.2403, 0.2672,
        0.2650, 0.2639, 0.2734, 0.2801, 0.2168, 0.2654, 0.2769, 0.2524, 0.3151,
        0.2905, 0.2605, 0.2181, 0.2468, 0.2398, 0.2786, 0.2870, 0.2753, 0.2550,
        0.2387, 0.2424, 0.3307, 0.3027, 0.2925, 0.2645, 0.3026, 0.2637, 0.2739,
        0.2101, 0.2347, 0.2282, 0.1971, 0.2829, 0.2560, 0.2362, 0.2763, 0.2426,
        0.2700, 0.2736, 0.2787, 0.2493, 0.2233, 0.2784, 0.2406, 0.2651, 0.2608,
        0.2917, 0.2656, 0.2678, 0.2552, 0.2815, 0.2500, 0.2553, 0.2036, 0.2290,
        0.2615, 0.2755, 0.3045, 0.2436, 0.2736, 0.2265, 0.2309, 0.2631, 0.2331,
        0.2690, 0.2757, 0.2733, 0.2596, 0.2409, 0.2682, 0.3373, 0.3048, 0.1395,
        0.3682, 0.2943, 0.2420, 0.2491, 0.2879, 0.2698, 0.2571, 0.2230, 0.2598,
        0.2645, 0.2342, 0.2701, 0.2842, 0.3034, 0.2672, 0.2780, 0.2781, 0.2384,
        0.2523, 0.2195, 0.3499, 0.2851, 0.2163, 0.2823, 0.2336, 0.2904, 0.2807,
        0.2293, 0.2757, 0.2448, 0.2506, 0.2484, 0.2396, 0.2873, 0.2900, 0.2612,
        0.2511, 0.2721, 0.2426, 0.3004, 0.3079, 0.2824, 0.2365, 0.2441, 0.2857,
        0.2540, 0.2628, 0.2445, 0.2144, 0.2888, 0.2274, 0.2313, 0.2244, 0.2737,
        0.2466, 0.2392, 0.3044, 0.2834, 0.2744, 0.2281, 0.2867, 0.2644, 0.3243,
        0.2608, 0.2771, 0.3194, 0.2911, 0.3173, 0.2915, 0.3111, 0.2564, 0.2979,
        0.3666, 0.3069, 0.2226, 0.2330, 0.2335, 0.2575, 0.2592, 0.2387, 0.3015,
        0.2784, 0.2716, 0.3153, 0.2744, 0.2735, 0.2650, 0.2719, 0.3623, 0.2885,
        0.2688, 0.3410, 0.2570, 0.2748, 0.2748, 0.2849, 0.2737, 0.2601, 0.2006,
        0.2346, 0.3033, 0.3175, 0.3003, 0.2763, 0.2481, 0.2935, 0.1554, 0.2834,
        0.2987, 0.2170, 0.2058, 0.2322, 0.2334, 0.2628, 0.2539, 0.2941, 0.2210,
        0.2528, 0.2850, 0.1995, 0.2469, 0.2551, 0.2656, 0.2741, 0.2650, 0.2430,
        0.2966, 0.2328, 0.3043, 0.1917, 0.3039, 0.2794, 0.3631, 0.2947, 0.2755,
        0.2464, 0.2165, 0.2572, 0.2855, 0.2396, 0.2446, 0.2440, 0.2372, 0.2643,
        0.2430, 0.3188, 0.1840, 0.2328, 0.2598, 0.2829, 0.2427, 0.1993, 0.2371,
        0.2953, 0.2892, 0.2768, 0.2766, 0.3318, 0.2502, 0.2678, 0.2550, 0.2320,
        0.2341, 0.2688, 0.2733, 0.2644, 0.2519, 0.2706, 0.2355, 0.2623, 0.2762,
        0.2879, 0.1982, 0.2670, 0.2198, 0.2515, 0.2597, 0.2797, 0.3008, 0.2996,
        0.2583, 0.2763, 0.2544, 0.2952, 0.2448, 0.2902, 0.3026, 0.2426, 0.2432,
        0.2728, 0.3687, 0.2871, 0.2526, 0.2250, 0.2046, 0.2273, 0.2372, 0.3064,
        0.2971, 0.2893, 0.2768, 0.4251, 0.2674, 0.2934, 0.2424, 0.2802, 0.3227,
        0.2647, 0.2214, 0.2755, 0.2417, 0.2074, 0.2301, 0.2243, 0.2664, 0.3668,
        0.1995, 0.2567, 0.2148, 0.2671, 0.1375, 0.2667, 0.2499, 0.2561, 0.2228,
        0.2379, 0.2694, 0.2366, 0.2843, 0.2309, 0.2651, 0.2244, 0.2693, 0.2681,
        0.2451, 0.2643, 0.2442, 0.2576, 0.1835, 0.2944, 0.3681, 0.2218, 0.3023,
        0.1805, 0.3466, 0.2163, 0.3713, 0.2366, 0.3049, 0.2661, 0.2243],
       device='cuda:0')), ('layer4.0.bn1.bias', tensor([-0.1984, -0.1615, -0.2065, -0.1606, -0.1285, -0.3204, -0.1595, -0.3493,
        -0.2451, -0.2749, -0.2356, -0.0293, -0.1849, -0.2824, -0.1744, -0.2417,
        -0.3724, -0.2741, -0.2036, -0.2588, -0.1584, -0.2746, -0.3228, -0.2522,
        -0.1904, -0.2281, -0.3440, -0.2202, -0.1689, -0.2731, -0.1962, -0.3411,
        -0.2052, -0.2962, -0.2620, -0.2214, -0.2476, -0.2608, -0.0888, -0.3565,
        -0.1302, -0.2572, -0.2470, -0.1517, -0.3169, -0.1440, -0.2485, -0.1985,
        -0.1813, -0.1065, -0.1638, -0.2105, -0.2530, -0.1437, -0.2538, -0.2055,
        -0.2822, -0.3348, -0.1387, -0.2346, -0.2564, -0.0197, -0.2168, -0.1761,
        -0.1472, -0.2142, -0.2000, -0.0773, -0.2082, -0.3569, -0.2578, -0.3593,
        -0.1520, -0.2080, -0.2962, -0.1857, -0.3990, -0.1268, -0.2584, -0.2415,
        -0.0851, -0.3043, -0.2655, -0.3399, -0.2502, -0.1940, -0.2953, -0.2262,
        -0.3594, -0.2758, -0.2505, -0.1200, -0.3394, -0.2691, -0.1716, -0.2473,
        -0.2127, -0.2609, -0.1947, -0.1532, -0.4140, -0.1581, -0.2363, -0.2971,
        -0.2117, -0.2033, -0.1855, -0.3089, -0.3426, -0.1856, -0.1960, -0.0926,
        -0.2319, -0.3551, -0.1919, -0.3278, -0.1348, -0.2141, -0.1653, -0.1883,
        -0.3114, -0.1079, -0.4242, -0.2425, -0.1298, -0.1629, -0.3360, -0.3299,
        -0.3197, -0.2270, -0.2795, -0.1954, -0.1930, -0.1490, -0.2454, -0.2297,
        -0.1312, -0.2161, -0.1158, -0.2455, -0.2617, -0.2647, -0.1946, -0.1198,
        -0.1650, -0.1352, -0.2699, -0.0564, -0.2248, -0.1317, -0.2360, -0.2746,
        -0.2059, -0.1752, -0.2901, -0.2602, -0.3349, -0.1760, -0.2333, -0.1472,
        -0.2692, -0.1907, -0.2645, -0.2017, -0.3551, -0.1948, -0.2797, -0.3387,
        -0.2907, -0.2249, -0.1133, -0.2499, -0.2478, -0.2578, -0.3131, -0.2303,
        -0.2260, -0.2062, -0.2084, -0.1390, -0.1307, -0.2542, -0.1724, -0.2530,
        -0.2275, -0.2109, -0.1810, -0.1872, -0.2405, -0.2193, -0.2202, -0.2845,
        -0.3059, -0.1537, -0.1067, -0.2194, -0.2437, -0.3311, -0.2681, -0.1578,
        -0.1454, -0.2618, -0.1835, -0.2656, -0.3149, -0.2939, -0.2670, -0.2158,
        -0.2204, -0.4493, -0.2991, -0.3029, -0.2277, -0.3102, -0.2646, -0.2666,
        -0.1438, -0.1680, -0.1568, -0.1449, -0.2229, -0.1742, -0.1463, -0.2573,
        -0.2078, -0.1713, -0.2372, -0.1765, -0.2165, -0.2009, -0.3014, -0.1560,
        -0.2081, -0.2848, -0.2734, -0.2307, -0.1283, -0.2500, -0.2623, -0.2454,
        -0.1710, -0.1032, -0.1693, -0.2344, -0.2005, -0.3348, -0.1667, -0.2404,
        -0.1710, -0.1678, -0.1820, -0.1624, -0.2424, -0.2685, -0.2314, -0.2039,
        -0.2218, -0.2237, -0.2691, -0.3256,  0.1479, -0.4734, -0.2401, -0.1515,
        -0.1457, -0.3086, -0.2239, -0.1694, -0.1938, -0.2116, -0.2345, -0.2057,
        -0.3095, -0.2610, -0.3488, -0.2166, -0.2743, -0.2898, -0.1760, -0.2325,
        -0.1082, -0.3556, -0.2911, -0.1772, -0.2022, -0.1720, -0.3020, -0.3063,
        -0.1712, -0.2592, -0.2049, -0.1812, -0.1818, -0.1729, -0.3743, -0.1791,
        -0.1808, -0.1892, -0.2625, -0.2076, -0.2368, -0.1970, -0.3087, -0.2003,
        -0.1846, -0.3684, -0.1223, -0.1489, -0.1772, -0.0785, -0.2064, -0.1364,
        -0.1414, -0.1681, -0.2389, -0.1807, -0.1723, -0.2484, -0.2689, -0.3118,
        -0.1413, -0.2253, -0.2609, -0.3582, -0.2312, -0.2874, -0.3849, -0.3500,
        -0.3903, -0.1897, -0.2859, -0.2426, -0.2842, -0.4375, -0.3365, -0.1822,
        -0.2006, -0.1536, -0.1968, -0.2530, -0.1934, -0.2667, -0.2794, -0.2506,
        -0.3086, -0.2374, -0.2198, -0.1920, -0.2205, -0.4188, -0.3140, -0.2650,
        -0.3570, -0.1953, -0.2362, -0.2435, -0.1840, -0.2277, -0.1832, -0.0800,
        -0.1496, -0.3351, -0.4109, -0.3128, -0.2751, -0.1274, -0.3113,  0.0006,
        -0.1964, -0.3290, -0.2068, -0.1059, -0.1661, -0.1655, -0.1148, -0.2320,
        -0.3161, -0.1822, -0.2665, -0.2191, -0.1014, -0.1980, -0.2737, -0.2143,
        -0.2267, -0.2649, -0.1648, -0.3311, -0.1605, -0.3469,  0.0302, -0.2437,
        -0.3164, -0.3594, -0.2884, -0.2510, -0.2035, -0.1558, -0.2208, -0.3492,
        -0.1679, -0.1441, -0.1631, -0.1561, -0.3086, -0.2446, -0.3530, -0.0506,
        -0.1019, -0.2263, -0.2633, -0.2042, -0.0899, -0.1985, -0.3039, -0.2733,
        -0.3178, -0.2083, -0.3371, -0.1773, -0.1499, -0.1837, -0.1837, -0.1151,
        -0.2186, -0.1994, -0.2683, -0.2204, -0.2576, -0.1649, -0.2194, -0.2672,
        -0.2941, -0.1088, -0.2495, -0.1167, -0.2205, -0.2247, -0.2935, -0.2161,
        -0.3588, -0.2378, -0.2398, -0.2257, -0.2263, -0.1403, -0.2001, -0.2965,
        -0.2199, -0.2028, -0.2216, -0.3620, -0.2934, -0.2484, -0.1452, -0.0952,
        -0.1690, -0.2151, -0.2893, -0.2998, -0.2779, -0.2512, -0.3557, -0.2858,
        -0.3253, -0.1837, -0.3072, -0.3887, -0.2645, -0.1348, -0.1831, -0.1636,
        -0.0628, -0.1756, -0.1452, -0.1855, -0.4588, -0.1436, -0.1947, -0.1388,
        -0.1612, -0.0102, -0.2603, -0.2649, -0.2319, -0.1780, -0.1948, -0.2064,
        -0.1903, -0.2618, -0.1652, -0.2498, -0.1682, -0.1913, -0.2448, -0.1822,
        -0.2620, -0.1925, -0.2371, -0.0584, -0.2765, -0.2594, -0.1465, -0.3604,
        -0.0470, -0.3438, -0.1081, -0.4219, -0.1514, -0.2822, -0.3008, -0.1154],
       device='cuda:0')), ('layer4.0.bn1.running_mean', tensor([-0.1852, -0.1235, -0.0548, -0.4525, -0.3575, -0.3190, -0.5636, -0.1055,
        -0.5823, -0.7394, -0.2548, -0.3463, -0.3437, -0.2823, -0.5118, -0.5169,
        -0.4754, -0.4222, -0.1281, -0.4152, -0.4355, -0.5241, -0.7576, -0.4539,
        -0.2535, -0.4951, -0.1501, -0.4265, -0.3278, -0.5294, -0.5455, -0.7917,
        -0.5045, -0.3069, -0.1480, -0.4896, -1.0360, -0.0527, -0.5287, -0.3645,
        -0.5891, -0.6749, -0.5095, -0.5850, -0.4694, -0.3513, -0.5339, -0.3556,
        -0.7863, -1.3502, -0.5325, -0.4851, -0.2774, -0.1679, -0.3437, -0.2377,
        -0.4226, -0.4893, -0.5355, -0.5196, -0.3292,  0.1974,  0.2063, -0.3049,
        -0.3809, -0.3977, -0.4640, -0.3001, -0.1669, -0.6009, -0.4390, -0.3787,
        -0.3049, -0.2276, -0.2660, -0.1293, -0.9751, -0.9691, -0.4372, -0.5894,
        -0.6757, -0.4458, -0.0541, -0.1465, -0.1627, -0.6142, -0.6822, -0.1265,
        -0.1401,  0.1189, -0.2555, -0.2585,  0.2129, -0.7944, -0.5376, -0.2842,
        -0.5615, -0.2720, -0.3747, -0.4495, -0.6884, -0.7322, -0.1399, -0.3355,
        -0.4816, -0.6641, -0.4539, -0.5746, -0.2888, -0.3528, -0.1276, -0.1155,
        -0.3096,  0.0919,  0.0171, -0.0619, -0.1561, -0.0104, -0.3852, -0.3778,
        -0.1351, -0.6800, -0.8340, -0.4803, -0.4006, -0.3373, -0.3856,  0.1016,
        -0.9444,  0.0845,  0.0527, -0.3332, -0.5873, -0.6358, -0.4519, -0.5548,
        -0.5669, -0.2908, -0.6010, -0.5631, -0.6529, -0.4015, -0.3500, -0.1170,
        -0.2233, -0.4395, -0.1364, -0.1366, -0.3074, -0.4228, -0.1854, -0.4811,
        -0.2088, -0.2212, -0.4600, -0.1688, -0.4544, -0.5340, -0.6572, -0.3542,
        -0.3101, -0.6430, -0.7261, -0.1243, -0.7587, -0.6495, -0.3864, -0.5622,
        -0.8296, -0.4347, -0.3331, -0.0228, -0.3036, -0.7601, -0.3448, -0.2344,
        -0.4977, -0.3629, -0.7436, -1.1050, -0.3064, -0.7516, -0.5064, -0.4718,
        -0.2783, -0.6004, -0.1651, -0.0095, -0.2282, -0.1681, -0.2414, -0.5377,
        -0.4483, -0.6708, -0.7346, -0.3357, -0.5175, -0.2813, -0.0205, -1.0037,
        -0.4472, -0.7832, -0.4667, -0.6696, -0.4766, -0.4966, -0.2375, -0.7724,
        -0.3629, -0.6704, -0.7298, -0.4527, -0.3449, -0.0533, -0.5608, -0.4505,
        -0.3174, -0.4947, -0.5583, -0.5578, -0.0562, -0.4921, -0.2716, -0.2684,
        -0.1859, -0.5838, -0.3321, -0.9506, -0.4505, -0.1572, -0.3785, -0.8043,
        -0.4232, -0.2308, -0.4917, -0.3510, -0.5283, -0.4275, -0.5905, -0.4441,
        -0.4032, -0.2884, -0.6337,  0.1510, -0.9219, -0.3223, -0.0332, -0.6170,
        -0.1602, -0.1295, -0.7348, -0.2031,  0.0626, -0.5207,  0.0318, -0.4743,
        -0.1517, -0.3965, -0.5779, -0.6798, -0.2437, -0.7128, -0.6094, -0.4582,
        -0.4333, -0.5208, -0.8580, -0.2977,  0.1807, -0.2971, -0.5524, -0.4525,
        -0.3262, -0.5824, -0.6505, -0.6275, -0.7928, -0.6692, -0.4495, -0.5074,
        -0.6301, -0.7707, -0.6623, -0.2852,  0.4645, -0.6188, -0.5500,  0.1630,
        -0.0704, -0.3822, -0.7378, -0.4743, -0.5356, -0.4845, -0.4788, -0.4205,
         0.0905, -0.6886, -0.3015, -0.4339, -0.4157, -0.1061, -0.5807, -0.3876,
        -0.5127, -0.3210, -0.8943,  0.0989, -0.3966, -0.2658, -0.9491, -0.4436,
        -0.6774, -0.4646, -0.3999, -0.4082, -0.9902, -0.4517, -0.3071,  0.1558,
        -0.4745, -0.9297, -0.6342, -0.5413, -0.1135, -0.3517, -0.4821, -0.4735,
        -0.3266, -0.5125, -0.5522,  0.1795, -0.4556, -0.8090, -0.5852, -0.5318,
        -0.2715, -0.4404, -0.4547, -0.5779, -0.2034, -0.5067, -0.2668, -0.5700,
        -0.4141, -1.0121, -0.5217, -0.6629, -0.4620, -0.9594, -0.5251,  0.1419,
        -0.8118, -0.2393, -0.1694, -0.5579, -0.2238, -0.1496, -0.7541, -0.8228,
        -0.0584, -0.3064, -0.4188, -0.2940, -0.5420, -0.7069, -0.3741, -0.1366,
        -0.8778, -0.4326, -0.1141, -0.1176, -0.0740, -0.3283, -0.8595,  0.1454,
        -0.6871, -0.3553, -0.2961, -0.0660, -0.2471, -0.1896, -0.4546, -0.2916,
        -0.8830, -0.1065, -0.1943,  0.0544, -0.2747, -0.7206, -0.1579, -0.2688,
        -0.3507, -0.7985, -0.4849, -0.6584, -0.4214, -0.4202, -0.2109, -0.4399,
        -0.7106, -0.0144, -0.4653, -0.2868, -0.3383, -0.3749, -0.3132, -0.2601,
        -0.6828, -0.2747, -0.4199, -0.1432, -0.2575, -0.1844, -0.7104, -0.3591,
        -0.2694, -0.2595, -0.7667, -0.3026, -0.8161, -0.2573, -0.1949, -0.1623,
        -0.3951, -0.2004, -0.7210, -0.3602, -0.5240, -0.7376,  0.1032, -0.5542,
        -0.7207, -0.4565, -0.3417, -1.0140, -0.2823, -0.2191, -0.6228, -0.4356,
        -0.2181, -0.3764, -0.7885, -0.0771, -0.5521, -0.8274, -0.3528, -0.3330,
        -0.3858, -0.3152, -0.5431, -0.5628, -0.4439, -0.3178, -0.3521, -0.2823,
        -0.3965, -0.1134, -0.3603, -0.2587, -0.1629, -0.2260, -0.1377, -0.3848,
        -0.3600, -0.3143, -0.4903, -0.7818, -0.2003, -0.3685, -0.4488, -0.2907,
        -0.2318, -0.4028, -0.6740, -0.7330, -0.3657, -0.3442, -0.6292, -0.4171,
        -0.7759,  0.8890, -0.5318, -0.0390, -0.2732, -0.3592, -0.8949, -0.3779,
        -0.3227, -0.3503, -0.5605, -0.5579, -0.5823, -0.4918, -0.5179, -0.3423,
        -0.6729, -0.5240, -0.6672, -0.8709, -0.3950, -0.0309, -0.5681, -0.8398,
        -0.7368, -0.3314, -0.3801, -0.6705, -0.4959, -0.3619, -0.2527, -0.4574],
       device='cuda:0')), ('layer4.0.bn1.running_var', tensor([0.1135, 0.1034, 0.1486, 0.1030, 0.0949, 0.1214, 0.1693, 0.1099, 0.1150,
        0.1248, 0.1183, 0.1651, 0.1274, 0.1123, 0.1284, 0.1092, 0.1464, 0.1325,
        0.1473, 0.1734, 0.1380, 0.1721, 0.1573, 0.1390, 0.1156, 0.1363, 0.1213,
        0.1178, 0.1490, 0.1243, 0.1215, 0.2030, 0.1463, 0.1307, 0.1157, 0.1184,
        0.2379, 0.1063, 0.1006, 0.1035, 0.1279, 0.0751, 0.1319, 0.1218, 0.1221,
        0.1844, 0.1285, 0.1362, 0.2064, 0.1959, 0.1154, 0.1595, 0.1471, 0.1636,
        0.0920, 0.1233, 0.1098, 0.1379, 0.1331, 0.1181, 0.1176, 0.3356, 0.1699,
        0.0784, 0.1194, 0.1147, 0.2537, 0.0800, 0.1336, 0.1185, 0.0974, 0.1256,
        0.1977, 0.1411, 0.1765, 0.1442, 0.1351, 0.2375, 0.1779, 0.1955, 0.1047,
        0.0847, 0.1214, 0.1341, 0.1261, 0.0976, 0.1130, 0.1114, 0.1193, 0.1620,
        0.1369, 0.1148, 0.1240, 0.1889, 0.1053, 0.1284, 0.1090, 0.1515, 0.1212,
        0.1150, 0.1006, 0.2301, 0.1968, 0.1413, 0.0943, 0.1097, 0.1897, 0.1324,
        0.1114, 0.1171, 0.1410, 0.1420, 0.1339, 0.2121, 0.7111, 0.0858, 0.0992,
        0.1293, 0.1495, 0.3879, 0.1915, 0.1110, 0.1433, 0.1362, 0.1118, 0.1114,
        0.1518, 0.2185, 0.1325, 0.1317, 0.1272, 0.1331, 0.1223, 0.1741, 0.1112,
        0.1763, 0.1696, 0.1348, 0.1031, 0.1054, 0.2183, 0.1402, 0.1092, 0.0960,
        0.1213, 0.0977, 0.1491, 0.1271, 0.1077, 0.1228, 0.1642, 0.1600, 0.1524,
        0.1132, 0.1136, 0.1034, 0.1146, 0.1193, 0.2673, 0.1655, 0.1190, 0.1364,
        0.1644, 0.1325, 0.1635, 0.1408, 0.2009, 0.1028, 0.1990, 0.1186, 0.0897,
        0.1797, 0.3882, 0.1118, 0.1101, 0.1068, 0.1236, 0.0932, 0.1359, 0.2019,
        0.1567, 0.1542, 0.1331, 0.1461, 0.1588, 0.2884, 0.1286, 0.1628, 0.1032,
        0.1313, 0.1228, 0.1162, 0.1502, 0.1476, 0.3025, 0.2173, 0.1063, 0.1670,
        0.1437, 0.1787, 0.1140, 0.1456, 0.1412, 0.1385, 0.1457, 0.1231, 0.0958,
        0.1286, 0.1575, 0.1870, 0.1848, 0.1455, 0.1417, 0.1314, 0.1153, 0.1671,
        0.0771, 0.0884, 0.1677, 0.0886, 0.1578, 0.1229, 0.1174, 0.1247, 0.1205,
        0.1379, 0.1227, 0.3498, 0.1543, 0.0762, 0.1546, 0.1976, 0.1388, 0.1283,
        0.3301, 0.1217, 0.2749, 0.1158, 0.2188, 0.1028, 0.1419, 0.1223, 0.0924,
        0.1202, 0.1156, 0.2067, 0.1017, 0.1141, 0.1462, 0.1262, 0.1513, 0.1299,
        0.1082, 0.1024, 0.1171, 0.1369, 0.1164, 0.1384, 0.2203, 0.1149, 0.2218,
        0.1972, 0.1491, 0.1811, 0.1354, 0.1390, 0.1205, 0.1675, 0.0851, 0.1496,
        0.1224, 0.1186, 0.1174, 0.1370, 0.1160, 0.1095, 0.3142, 0.1039, 0.1032,
        0.1210, 0.1740, 0.1016, 0.1558, 0.0998, 0.2693, 0.1280, 0.1433, 0.1433,
        0.1397, 0.1191, 0.1295, 0.1389, 0.1790, 0.1597, 0.1233, 0.1431, 0.2310,
        0.1389, 0.1214, 0.1218, 0.1137, 0.1888, 0.1030, 0.1300, 0.1343, 0.1317,
        0.1937, 0.2121, 0.1569, 0.1728, 0.1604, 0.1177, 0.1264, 0.1318, 0.1259,
        0.2324, 0.1521, 0.1745, 0.1135, 0.0972, 0.1267, 0.1621, 0.1285, 0.1275,
        0.1381, 0.1315, 0.1329, 0.1372, 0.0923, 0.1534, 0.1233, 0.1328, 0.1887,
        0.1189, 0.1677, 0.0961, 0.1227, 0.0922, 0.1553, 0.1874, 0.1281, 0.1627,
        0.1806, 0.1364, 0.1782, 0.2425, 0.1316, 0.1171, 0.1720, 0.1640, 0.1730,
        0.1279, 0.1209, 0.1233, 0.1153, 0.1422, 0.1716, 0.1287, 0.1709, 0.1391,
        0.1369, 0.1562, 0.1462, 0.2243, 0.1352, 0.1791, 0.1071, 0.1169, 0.1748,
        0.1318, 0.1053, 0.1636, 0.1685, 0.1609, 0.1431, 0.1359, 0.1459, 0.1313,
        0.0723, 0.1277, 0.0786, 0.1185, 0.1307, 0.1648, 0.1257, 0.1163, 0.1200,
        0.1527, 0.1555, 0.1770, 0.3520, 0.2033, 0.1404, 0.1802, 0.1174, 0.1310,
        0.1104, 0.1368, 0.1447, 0.0843, 0.1294, 0.1253, 0.1641, 0.1579, 0.1244,
        0.1115, 0.1308, 0.1477, 0.2510, 0.1320, 0.1247, 0.1607, 0.1066, 0.1330,
        0.1806, 0.0902, 0.1136, 0.2706, 0.1571, 0.1211, 0.1689, 0.1329, 0.1474,
        0.2075, 0.1767, 0.1601, 0.1332, 0.1787, 0.1719, 0.1099, 0.1653, 0.1470,
        0.1165, 0.1212, 0.1747, 0.2946, 0.1429, 0.1196, 0.1306, 0.1693, 0.1439,
        0.1147, 0.1508, 0.1162, 0.1358, 0.1746, 0.2958, 0.1596, 0.1152, 0.1387,
        0.1473, 0.2177, 0.1626, 0.0998, 0.1284, 0.1365, 0.1072, 0.1565, 0.2839,
        0.1404, 0.1205, 0.1641, 0.2275, 0.0926, 0.1397, 0.1376, 0.0940, 0.1330,
        0.1398, 0.2108, 0.1195, 0.1514, 0.1645, 0.1823, 0.1616, 0.1099, 0.1304,
        0.0741, 0.1563, 0.1106, 0.1667, 0.1563, 0.1758, 0.1163, 0.0983, 0.1110,
        0.1230, 0.1387, 0.1197, 0.1421, 0.1599, 0.1802, 0.1081, 0.1459, 0.1716,
        0.1093, 0.1133, 0.1098, 0.1719, 0.1336, 0.1417, 0.7621, 0.1192, 0.1647,
        0.1484, 0.1287, 0.1222, 0.1695, 0.1232, 0.1765, 0.1172, 0.1315],
       device='cuda:0')), ('layer4.0.bn1.num_batches_tracked', tensor(460, device='cuda:0')), ('layer4.0.conv2.weight', tensor([[[[-7.4088e-04, -1.5411e-02, -2.0320e-02],
          [-1.2548e-02, -3.0505e-02, -3.8429e-02],
          [ 2.7374e-02,  2.0903e-02, -1.8586e-02]],

         [[ 1.3847e-02,  3.3750e-02,  2.4740e-02],
          [-1.1764e-02, -2.5697e-02, -9.0070e-03],
          [-1.3425e-02, -1.2291e-02, -3.0405e-02]],

         [[-6.5898e-03, -2.7562e-02,  6.1625e-03],
          [-1.1665e-02, -1.0352e-02,  4.1324e-03],
          [ 9.4552e-04,  7.6207e-03,  4.7400e-03]],

         ...,

         [[-2.8333e-04, -1.0510e-02, -3.0496e-02],
          [-1.7126e-03, -5.6186e-04, -1.7025e-02],
          [-3.3468e-03,  6.4842e-03, -8.2815e-03]],

         [[-1.8724e-02, -1.3447e-02, -1.6789e-02],
          [ 2.2986e-02,  5.7491e-02,  1.9431e-02],
          [-2.4081e-02, -3.0965e-02, -6.6964e-03]],

         [[ 1.6595e-03,  4.8254e-03, -9.7059e-03],
          [-1.6824e-02, -3.3579e-04, -1.2880e-03],
          [-6.2506e-04,  5.0524e-04,  6.1904e-04]]],


        [[[ 1.3248e-02,  2.3672e-03,  2.0102e-03],
          [ 8.1843e-04,  5.7446e-04, -4.4200e-03],
          [-1.0645e-02, -1.6970e-02, -1.7820e-02]],

         [[-1.2736e-02, -1.9463e-02, -2.9485e-02],
          [ 4.6078e-03, -1.5503e-02, -4.7406e-03],
          [ 1.5694e-03, -1.8619e-02, -6.7112e-03]],

         [[-1.3980e-02, -3.6313e-02, -1.2195e-02],
          [-1.4930e-02, -5.3354e-02, -2.0034e-02],
          [-2.6751e-02, -4.3519e-02, -2.1968e-02]],

         ...,

         [[-1.8163e-02, -1.6321e-02, -3.6829e-03],
          [-2.2889e-02, -1.4421e-02,  4.0130e-04],
          [ 6.0361e-04, -6.3593e-03,  5.9353e-04]],

         [[-1.8709e-02, -1.9308e-02, -2.8928e-02],
          [-3.8582e-02, -6.9095e-02, -5.3846e-02],
          [-1.4676e-02, -2.7578e-02, -2.0109e-02]],

         [[-2.1015e-02, -2.6944e-02, -4.8604e-04],
          [-1.0563e-02,  1.7286e-02,  8.0855e-03],
          [-1.4601e-02,  1.2166e-02, -1.5820e-02]]],


        [[[-2.7456e-03, -1.3960e-03, -1.2752e-03],
          [ 1.9370e-02, -1.6852e-02, -8.2379e-03],
          [ 2.4337e-02,  1.0370e-02, -2.3859e-03]],

         [[ 4.9105e-03, -1.0619e-02, -2.6137e-03],
          [-4.2331e-03, -1.2551e-03, -1.1981e-02],
          [ 2.0610e-04,  1.0973e-03, -7.0730e-03]],

         [[ 1.7047e-02,  2.7276e-03,  1.0348e-02],
          [ 1.8603e-02, -1.8266e-03, -6.8828e-05],
          [ 8.0742e-03, -4.1702e-03,  7.9364e-03]],

         ...,

         [[ 3.2403e-02,  2.4514e-02,  2.5511e-02],
          [ 2.1407e-02,  2.3940e-02,  2.9786e-02],
          [ 1.0973e-02,  2.0242e-02,  2.3328e-02]],

         [[-1.1705e-02, -1.1000e-02, -4.5754e-03],
          [-3.2366e-02, -3.9646e-02, -1.5802e-02],
          [-3.6821e-03, -2.3337e-03,  7.7152e-03]],

         [[-8.1297e-03, -2.6332e-02, -2.3280e-02],
          [-1.9905e-02, -1.6568e-02, -1.4861e-02],
          [-2.0981e-02,  4.5273e-03, -1.1466e-02]]],


        ...,


        [[[-1.9311e-02, -2.0726e-02,  6.6101e-05],
          [-7.0806e-03, -6.1599e-03, -1.8193e-02],
          [ 2.5097e-02,  3.8064e-02,  2.0663e-02]],

         [[ 3.6661e-03, -1.1341e-02, -1.1107e-02],
          [ 2.4286e-02, -1.1099e-03,  9.7434e-03],
          [ 2.0521e-02,  1.7999e-02,  7.1698e-03]],

         [[-1.2667e-02, -2.9123e-02, -3.7121e-03],
          [-1.8328e-02, -4.3554e-02,  4.3030e-04],
          [-3.7308e-03, -8.7997e-03,  1.0312e-02]],

         ...,

         [[-1.7605e-02, -3.5026e-02, -1.5786e-02],
          [-1.8540e-02, -5.0877e-02, -2.5105e-02],
          [ 1.6036e-03, -3.5024e-03, -1.0652e-02]],

         [[-6.2385e-03, -1.1178e-03,  2.1960e-03],
          [-2.8648e-03, -2.5292e-02,  1.4995e-02],
          [ 2.6965e-02,  1.0239e-02,  4.3206e-02]],

         [[-1.5990e-02, -1.6265e-02, -9.9331e-03],
          [-2.0750e-02, -8.5831e-03, -3.2696e-02],
          [-6.2902e-03, -4.8584e-03, -9.2141e-03]]],


        [[[-8.2620e-03, -4.6799e-03, -1.2031e-02],
          [-2.7245e-03, -1.4434e-02, -2.5654e-02],
          [-1.0880e-02,  8.4363e-04, -9.4321e-03]],

         [[ 1.3455e-02, -2.0025e-03,  1.4263e-02],
          [ 4.6108e-03, -2.1492e-02, -5.7226e-04],
          [ 4.3204e-03,  9.2715e-03,  7.9294e-03]],

         [[ 5.5104e-03,  3.2613e-03, -4.4130e-03],
          [ 1.5286e-03,  1.3567e-02,  9.5153e-03],
          [ 4.7003e-03,  1.5797e-02,  1.8957e-02]],

         ...,

         [[ 6.3021e-03, -1.2368e-02,  5.3117e-03],
          [-1.9523e-03, -2.4236e-02, -1.0582e-02],
          [ 1.1264e-02, -1.2870e-02,  3.1853e-03]],

         [[ 1.2361e-02,  5.6067e-03, -2.5366e-04],
          [ 8.4884e-03, -1.0113e-02, -7.4038e-03],
          [ 7.0869e-04,  1.4903e-02,  8.1633e-03]],

         [[-1.5076e-02, -2.0254e-02, -1.6893e-02],
          [-1.2490e-03,  3.5651e-03, -7.7916e-03],
          [-5.2345e-03,  1.0758e-02, -1.4455e-03]]],


        [[[ 2.7123e-02, -8.4161e-03,  1.9487e-02],
          [ 1.5731e-02, -1.2694e-02, -2.0744e-02],
          [ 5.6835e-03, -1.6559e-02, -4.8031e-02]],

         [[-5.7726e-03, -1.7723e-02, -8.7049e-03],
          [ 1.8813e-03, -4.6114e-02,  4.3921e-03],
          [ 9.2652e-03, -2.7925e-03,  1.6172e-02]],

         [[ 1.7796e-02,  3.0567e-02,  1.7616e-03],
          [-2.9071e-03,  4.7036e-03, -1.2833e-02],
          [-8.5572e-03, -1.5845e-02,  3.9756e-03]],

         ...,

         [[ 5.1373e-03,  1.9564e-02,  1.7999e-02],
          [-4.4013e-03,  3.3738e-03,  1.9888e-02],
          [-1.2571e-02, -1.7086e-02,  5.9491e-03]],

         [[ 4.4465e-03,  7.4793e-03,  1.8032e-02],
          [ 1.7965e-02,  7.3983e-03,  1.6435e-02],
          [ 1.1446e-02,  1.5212e-02, -1.0536e-03]],

         [[ 1.8628e-02, -1.7487e-02, -2.9440e-02],
          [ 3.1632e-03, -2.8560e-02,  4.9488e-03],
          [-2.7666e-03, -2.4099e-03,  1.0140e-02]]]], device='cuda:0')), ('layer4.0.bn2.weight', tensor([0.4480, 0.5105, 0.4319, 0.3423, 0.3829, 0.3498, 0.3750, 0.5857, 0.4268,
        0.5058, 0.4621, 0.3843, 0.3526, 0.4797, 0.3265, 0.3880, 0.3891, 0.5187,
        0.3944, 0.3286, 0.4111, 0.4493, 0.3983, 0.3593, 0.3876, 0.4602, 0.3457,
        0.3637, 0.3281, 0.4562, 0.4236, 0.4544, 0.4023, 0.4640, 0.4216, 0.4015,
        0.4255, 0.3859, 0.4189, 0.3435, 0.3505, 0.3715, 0.4568, 0.2881, 0.4603,
        0.4779, 0.4460, 0.5100, 0.4029, 0.4260, 0.3539, 0.3086, 0.4439, 0.4700,
        0.4241, 0.3898, 0.4483, 0.3673, 0.4629, 0.3966, 0.3536, 0.3653, 0.3846,
        0.5049, 0.4001, 0.3440, 0.4767, 0.5401, 0.4242, 0.4302, 0.4574, 0.4733,
        0.3658, 0.5375, 0.3211, 0.5162, 0.4741, 0.3507, 0.3750, 0.4335, 0.3836,
        0.4592, 0.3802, 0.4970, 0.5271, 0.3953, 0.4561, 0.3200, 0.4665, 0.4797,
        0.4316, 0.4216, 0.3259, 0.3844, 0.4119, 0.4431, 0.4043, 0.4390, 0.4394,
        0.5105, 0.5060, 0.4597, 0.4566, 0.3301, 0.3416, 0.4183, 0.5163, 0.4555,
        0.5222, 0.4251, 0.4233, 0.5000, 0.4078, 0.5351, 0.4875, 0.3696, 0.4629,
        0.4297, 0.3243, 0.3744, 0.4319, 0.4834, 0.4367, 0.3711, 0.4174, 0.5144,
        0.5000, 0.4371, 0.3651, 0.4042, 0.4513, 0.4675, 0.3903, 0.3251, 0.3198,
        0.3224, 0.4290, 0.4004, 0.3925, 0.3768, 0.4361, 0.4119, 0.3255, 0.4335,
        0.3710, 0.4159, 0.4281, 0.3068, 0.4236, 0.3363, 0.4341, 0.4408, 0.3794,
        0.5867, 0.4511, 0.5019, 0.2991, 0.4963, 0.4150, 0.3720, 0.5476, 0.4102,
        0.4709, 0.1381, 0.4992, 0.4181, 0.4230, 0.4431, 0.5116, 0.4461, 0.4560,
        0.3881, 0.4146, 0.4528, 0.4247, 0.3958, 0.3952, 0.4071, 0.5260, 0.5019,
        0.3795, 0.4268, 0.3437, 0.4146, 0.3763, 0.4048, 0.3813, 0.4497, 0.5099,
        0.4057, 0.4109, 0.3642, 0.4378, 0.3463, 0.4216, 0.4828, 0.3483, 0.4374,
        0.3790, 0.4288, 0.4845, 0.3872, 0.6285, 0.4321, 0.5399, 0.4112, 0.4273,
        0.3176, 0.3559, 0.3568, 0.4259, 0.4498, 0.4298, 0.3642, 0.4094, 0.4020,
        0.4081, 0.3910, 0.3872, 0.5446, 0.3641, 0.4046, 0.4585, 0.4221, 0.3929,
        0.4023, 0.3817, 0.4330, 0.3533, 0.4194, 0.4133, 0.3890, 0.4126, 0.5159,
        0.4029, 0.3589, 0.4432, 0.5634, 0.3812, 0.6110, 0.4483, 0.6180, 0.5362,
        0.3493, 0.5429, 0.6041, 0.4043, 0.3449, 0.4226, 0.4603, 0.5944, 0.3510,
        0.3680, 0.3638, 0.3162, 0.5482, 0.3435, 0.5377, 0.4033, 0.3344, 0.4178,
        0.5186, 0.3903, 0.3169, 0.3506, 0.3721, 0.4254, 0.4732, 0.3319, 0.5079,
        0.4293, 0.5354, 0.4381, 0.5502, 0.5663, 0.4133, 0.3982, 0.4300, 0.4099,
        0.4241, 0.4363, 0.3742, 0.4290, 0.3900, 0.3042, 0.3407, 0.3776, 0.4518,
        0.3133, 0.4609, 0.4287, 0.3956, 0.3128, 0.3854, 0.3578, 0.4041, 0.4721,
        0.4330, 0.3903, 0.3499, 0.4456, 0.4325, 0.4376, 0.4674, 0.4786, 0.2527,
        0.4158, 0.4382, 0.4145, 0.3998, 0.4068, 0.4949, 0.4775, 0.3489, 0.4389,
        0.4149, 0.4627, 0.3289, 0.5987, 0.4972, 0.4139, 0.4972, 0.4527, 0.4567,
        0.4919, 0.3386, 0.4676, 0.4348, 0.3963, 0.5433, 0.4600, 0.5101, 0.4676,
        0.4470, 0.4787, 0.3481, 0.3942, 0.3594, 0.4043, 0.3876, 0.3941, 0.5004,
        0.2789, 0.5450, 0.4437, 0.4913, 0.4617, 0.3422, 0.3472, 0.5053, 0.3630,
        0.3759, 0.3251, 0.4513, 0.3931, 0.3372, 0.4646, 0.4098, 0.3640, 0.4185,
        0.3894, 0.5098, 0.4207, 0.4114, 0.4224, 0.3620, 0.4985, 0.3666, 0.4712,
        0.4207, 0.5575, 0.4696, 0.7248, 0.5847, 0.4741, 0.4399, 0.3925, 0.3926,
        0.4592, 0.3601, 0.4131, 0.4139, 0.5068, 0.3663, 0.3665, 0.4246, 0.2963,
        0.4121, 0.3136, 0.4289, 0.4225, 0.3498, 0.4268, 0.5117, 0.3247, 0.4324,
        0.3590, 0.3697, 0.4172, 0.3774, 0.4408, 0.4223, 0.4162, 0.4725, 0.4973,
        0.4052, 0.4065, 0.4757, 0.3873, 0.4669, 0.4144, 0.4541, 0.3511, 0.4785,
        0.3819, 0.3772, 0.3363, 0.4338, 0.6536, 0.4284, 0.4118, 0.3748, 0.3674,
        0.4321, 0.4161, 0.3887, 0.4527, 0.4452, 0.4087, 0.4580, 0.7059, 0.4437,
        0.3529, 0.4802, 0.4211, 0.5749, 0.4323, 0.4029, 0.4028, 0.4736, 0.5494,
        0.4445, 0.5581, 0.3735, 0.3926, 0.4378, 0.4733, 0.4331, 0.4383, 0.3586,
        0.4101, 0.3955, 0.4585, 0.4340, 0.3466, 0.4628, 0.4405, 0.4285, 0.3832,
        0.3207, 0.4878, 0.3433, 0.3980, 0.4314, 0.3368, 0.4002, 0.4721, 0.3486,
        0.4707, 0.4221, 0.4597, 0.3282, 0.4334, 0.4355, 0.3770, 0.4201, 0.3862,
        0.4194, 0.4543, 0.7195, 0.3942, 0.5209, 0.3751, 0.3522, 0.5292, 0.4131,
        0.3237, 0.3227, 0.3630, 0.4758, 0.3980, 0.2823, 0.4541, 0.4498, 0.4816,
        0.4317, 0.4373, 0.4649, 0.3550, 0.4728, 0.3056, 0.4349, 0.3781, 0.4259,
        0.4241, 0.3706, 0.3328, 0.3933, 0.3622, 0.4338, 0.5204, 0.3823],
       device='cuda:0')), ('layer4.0.bn2.bias', tensor([-0.1763, -0.2178, -0.2055, -0.1692, -0.1649, -0.1481, -0.2147, -0.2885,
        -0.1177, -0.2179, -0.1036, -0.1585, -0.1979, -0.0449, -0.1530, -0.1940,
        -0.2089, -0.1694, -0.1879, -0.1743, -0.1329, -0.2361, -0.1947, -0.1985,
        -0.1805, -0.1801, -0.1757, -0.1578, -0.1649, -0.2622, -0.1798, -0.2489,
        -0.1753, -0.2426, -0.2508, -0.2909, -0.1490, -0.1599, -0.1823, -0.1868,
        -0.1529, -0.1365, -0.2740, -0.1285, -0.2235, -0.2553, -0.2382, -0.1864,
        -0.1753, -0.2379, -0.1228, -0.1831, -0.2766, -0.2635, -0.1866, -0.2315,
        -0.2342, -0.1911, -0.2100, -0.0701, -0.1892, -0.2069, -0.1091, -0.2836,
        -0.1313, -0.1682, -0.2150, -0.3638, -0.2951, -0.2357, -0.1648, -0.1892,
        -0.1801, -0.2053, -0.1806, -0.2746, -0.3317, -0.1725, -0.1812, -0.2628,
        -0.2219, -0.1609, -0.1555, -0.1404, -0.2999, -0.1450, -0.1866, -0.1770,
        -0.1413, -0.2202, -0.1887, -0.1582, -0.1685, -0.2519, -0.1589, -0.1762,
        -0.1650, -0.1988, -0.2257, -0.2370, -0.2246, -0.1573, -0.2043, -0.1445,
        -0.1375, -0.2008, -0.1794, -0.2129, -0.2967, -0.1976, -0.2668, -0.2211,
        -0.2184, -0.3425, -0.2660, -0.1920, -0.1757, -0.2242, -0.1825, -0.1687,
        -0.1135, -0.2181, -0.1197, -0.1688, -0.1886, -0.3533, -0.3113, -0.2175,
        -0.1488, -0.1685, -0.2829, -0.2241, -0.1531, -0.1805, -0.2135, -0.1870,
        -0.1376, -0.1771, -0.1876, -0.1973, -0.1708, -0.3039, -0.0801, -0.2019,
        -0.1995, -0.2266, -0.2461, -0.1065, -0.1433, -0.1260, -0.1231, -0.1774,
        -0.2117, -0.3302, -0.3514, -0.2375, -0.1188, -0.2161, -0.1747, -0.1915,
        -0.3395, -0.1631, -0.2540,  0.0620, -0.2858, -0.1204, -0.1593, -0.2319,
        -0.3344, -0.2019, -0.2689, -0.1643, -0.2472, -0.2864, -0.2428, -0.1446,
        -0.1907, -0.2148, -0.1585, -0.2881, -0.2446, -0.2209, -0.0474, -0.1576,
        -0.1524, -0.1520, -0.1736, -0.1940, -0.2008, -0.2256, -0.2125, -0.2685,
        -0.1843, -0.1829, -0.1838, -0.3874, -0.1560, -0.1578, -0.1560, -0.2254,
        -0.1572, -0.2535, -0.2857, -0.1823, -0.2710, -0.2357, -0.2150, -0.2401,
        -0.1061, -0.1531, -0.1993, -0.1746, -0.2278, -0.0991, -0.1863, -0.1792,
        -0.1588, -0.1937, -0.1705, -0.2807, -0.1885, -0.2787, -0.2273, -0.2158,
        -0.1377, -0.2174, -0.1095, -0.2176, -0.1357, -0.1926, -0.2123, -0.1903,
        -0.2376, -0.1394, -0.2231, -0.2348, -0.1634, -0.1905, -0.1453, -0.1170,
        -0.2428, -0.2755, -0.2949, -0.1592, -0.3518, -0.3683, -0.2236, -0.1528,
        -0.2135, -0.0898, -0.2060, -0.2041, -0.2006, -0.2323, -0.0764, -0.1762,
        -0.1400, -0.2185, -0.1460, -0.1463, -0.1466, -0.2927, -0.0890, -0.1387,
        -0.2012, -0.1134, -0.2595, -0.2011, -0.2034, -0.2436, -0.0885, -0.3369,
        -0.2606, -0.2353, -0.3527, -0.1849, -0.1179, -0.1726, -0.1768, -0.1946,
        -0.2019, -0.1898, -0.2729, -0.1485,  0.1154, -0.1892, -0.1837, -0.2020,
        -0.0342, -0.3462, -0.1954, -0.1942, -0.1536, -0.1920, -0.1438, -0.3028,
        -0.1791, -0.2010, -0.2120, -0.0973, -0.1677, -0.2390, -0.2175, -0.2126,
        -0.2045, -0.0598, -0.0711, -0.2061, -0.1901, -0.2069, -0.1556, -0.2276,
        -0.2034, -0.1654, -0.2028, -0.2029, -0.1090, -0.1691, -0.2131,  0.0388,
        -0.1100, -0.2760, -0.2685, -0.2596, -0.2835, -0.1958, -0.1941, -0.2939,
        -0.1852, -0.2901, -0.1105, -0.2104, -0.2640, -0.3017, -0.2897, -0.1581,
        -0.0081, -0.2147, -0.2043, -0.1516, -0.1130,  0.0238, -0.0977, -0.1404,
        -0.1814, -0.3190, -0.2176, -0.1363, -0.0821,  0.0100, -0.1841, -0.1941,
        -0.1612, -0.2788, -0.1930, -0.2111, -0.2302, -0.2061, -0.2022, -0.2765,
        -0.0996, -0.3174, -0.1137, -0.1699, -0.1380, -0.2150, -0.2689, -0.1591,
        -0.2001, -0.1780, -0.1882, -0.2326, -0.2073, -0.3369, -0.2275, -0.2376,
        -0.2146, -0.2328, -0.2397, -0.2389, -0.1272, -0.2332, -0.1897, -0.1665,
        -0.1444, -0.1893, -0.1084, -0.3060, -0.1161, -0.1670, -0.2066, -0.1838,
        -0.3081, -0.1776, -0.1578, -0.2707, -0.1811, -0.1591, -0.1746, -0.1903,
        -0.3016, -0.1439, -0.2172, -0.2223, -0.1590, -0.1423, -0.2707, -0.2895,
        -0.1738, -0.2083, -0.1924, -0.2692, -0.1994, -0.1956, -0.1698, -0.2300,
        -0.1889, -0.2659, -0.3984, -0.2552, -0.1830, -0.2049, -0.1617, -0.2495,
        -0.0623, -0.2208, -0.2114, -0.1591, -0.1232, -0.1807, -0.3468, -0.1672,
        -0.2515, -0.2419, -0.2883, -0.2801, -0.1903, -0.2131, -0.1968, -0.2077,
        -0.1688, -0.2239, -0.2955, -0.1349, -0.1442, -0.2387, -0.1603, -0.1995,
        -0.3263, -0.1887, -0.1810, -0.2673, -0.2115, -0.2400, -0.1122, -0.1914,
        -0.1903, -0.1816, -0.2642, -0.2091, -0.1885, -0.0603, -0.1925, -0.2180,
        -0.2099, -0.1742, -0.2732, -0.2014, -0.2146, -0.2511, -0.1708, -0.1586,
        -0.1678, -0.3018, -0.1678, -0.2396, -0.2301, -0.1952, -0.2881, -0.3300,
        -0.2212, -0.1868, -0.1772, -0.0955, -0.1761, -0.1317, -0.1561, -0.1691,
        -0.2230, -0.2843, -0.2673, -0.0968, -0.2417, -0.2693, -0.2552, -0.2567,
        -0.2958, -0.2460, -0.1839, -0.2784, -0.1380, -0.1710, -0.1920, -0.1825,
        -0.2346, -0.1382, -0.1121, -0.2160, -0.1546, -0.2035, -0.3266, -0.1736],
       device='cuda:0')), ('layer4.0.bn2.running_mean', tensor([-2.4131e-01, -2.3585e-01, -1.2979e-01, -7.8485e-02, -7.4878e-02,
        -9.2416e-02, -1.7948e-01, -1.6873e-01, -1.8235e-01, -1.8259e-01,
        -1.5942e-01, -1.8566e-01, -1.2113e-01, -1.5315e-01, -1.5907e-01,
        -1.0147e-01, -2.1191e-01, -2.2924e-01, -1.7238e-01, -1.4329e-01,
        -1.6139e-01, -1.7811e-01, -1.7532e-01, -8.4887e-02, -2.3524e-01,
        -2.0118e-01, -1.8723e-01, -1.6044e-01, -1.2940e-01, -1.1331e-01,
        -1.8508e-01, -1.1807e-01, -1.4073e-01, -2.0855e-01, -1.1547e-01,
        -9.2999e-02, -2.1382e-01, -9.3347e-02, -6.5861e-02, -1.3189e-01,
        -1.5313e-01, -2.8016e-01, -1.6730e-01, -1.1241e-01, -1.1677e-01,
        -2.3788e-01, -1.9997e-01, -1.8866e-01, -8.9767e-02, -2.0931e-01,
        -1.5646e-01, -1.1579e-01, -1.6238e-01, -1.5899e-01, -1.5837e-01,
        -1.1964e-01, -1.1028e-01, -2.4293e-01, -1.8670e-01, -1.2490e-01,
        -1.7145e-01, -1.5018e-01, -2.5978e-01, -2.5500e-01, -1.9842e-01,
        -8.1534e-02, -1.9980e-01, -1.6674e-01, -8.6849e-02, -1.9960e-01,
        -1.3597e-01, -2.1210e-01, -2.1990e-01, -2.5949e-01, -7.2929e-02,
        -1.7015e-01, -1.8756e-01, -1.2226e-01, -1.9384e-01, -1.2614e-01,
        -1.7978e-01, -9.8200e-02, -1.1781e-01, -1.4779e-01, -1.8031e-01,
        -1.7182e-01, -2.0953e-01, -9.7069e-02, -1.5626e-01,  4.0266e-02,
        -1.0854e-01, -9.3603e-02, -2.0008e-01, -1.4975e-01, -1.5628e-01,
        -1.4313e-01, -4.3637e-02, -1.5727e-01, -7.2973e-02, -1.6966e-01,
        -1.9891e-01, -2.0866e-01, -3.3775e-01, -1.0842e-01, -8.8834e-02,
        -8.8304e-02, -2.0683e-01, -2.6382e-01, -1.6502e-01, -2.2238e-01,
        -2.0307e-01, -1.5955e-01, -2.0668e-02, -2.2231e-01, -2.7907e-01,
        -1.5451e-01, -1.8485e-01, -3.0264e-02, -2.1531e-01, -9.2806e-02,
        -1.8097e-01, -1.7684e-01, -1.7439e-01, -1.7732e-01, -2.1629e-01,
        -2.5175e-01, -2.9585e-01,  5.2971e-02, -1.4296e-01, -9.0283e-02,
        -1.5057e-01, -2.0722e-01, -1.4624e-01, -4.7793e-02, -9.9504e-02,
        -1.4093e-01, -1.5705e-01, -1.1380e-01, -1.3153e-01, -1.5572e-01,
        -1.7042e-01, -1.0049e-01, -9.5103e-02, -1.1137e-01, -9.8875e-02,
        -2.8378e-01, -1.5480e-01, -1.4355e-01, -1.5692e-01, -1.3505e-01,
        -1.9865e-01, -1.8929e-01, -1.6224e-01, -1.6971e-01, -1.4416e-01,
        -1.2752e-01, -1.8994e-01, -2.4502e-02, -8.9599e-02, -8.6912e-02,
        -1.5236e-01, -8.7051e-02, -7.8952e-02, -2.8053e-02, -1.8520e-01,
        -1.6172e-01, -2.3347e-01, -1.8402e-01, -1.3749e-01, -1.6505e-01,
        -2.2856e-01, -2.1731e-01, -4.0497e-02, -1.3357e-01, -1.4528e-01,
        -1.2805e-01, -1.4952e-01, -8.4818e-02, -2.9954e-01, -1.1868e-01,
        -1.3252e-01, -1.8870e-01, -7.3993e-02, -1.4842e-01, -1.4767e-01,
        -1.5109e-01, -2.6114e-01, -5.5529e-02, -3.3680e-01, -1.9787e-01,
        -3.0807e-01, -6.1260e-02, -1.8225e-01, -1.3739e-01, -1.6355e-01,
        -2.0370e-01, -1.8572e-01, -1.3957e-01, -1.3898e-01, -1.1027e-01,
        -2.4286e-01, -1.7586e-01, -1.6490e-01, -1.3529e-01, -1.9087e-01,
        -1.3876e-01, -1.7136e-01, -1.3129e-01, -1.9779e-01, -6.5924e-02,
        -1.6854e-01, -2.0493e-01, -1.5038e-01, -1.2169e-01, -1.7557e-01,
        -8.4867e-02, -1.3132e-01, -9.8077e-02, -3.0068e-01, -1.7263e-01,
        -1.6970e-01, -1.4438e-01, -7.9247e-02, -7.4823e-02, -2.3533e-01,
        -1.2254e-01, -1.8279e-01, -1.4828e-01, -1.1102e-01, -1.7778e-01,
        -1.0910e-01, -1.6519e-01, -2.1009e-01,  3.9309e-01, -1.8050e-01,
        -4.5723e-02, -1.8462e-01,  4.7664e-01, -2.0294e-01, -2.5977e-01,
        -1.6541e-01, -3.0284e-01, -6.4051e-02, -3.4945e-02, -1.5335e-01,
        -2.3398e-01, -1.5468e-01, -1.8482e-01, -2.2640e-01, -5.4288e-02,
        -2.0921e-01, -1.3713e-01, -8.9463e-02, -5.3294e-02, -1.7052e-01,
        -2.9126e-01, -9.9152e-02, -1.3391e-01, -8.9921e-03, -2.3579e-01,
        -1.3097e-01, -7.5795e-02, -2.0909e-01, -1.5246e-01, -2.2783e-02,
        -9.5050e-02, -6.0396e-02, -1.4089e-01, -1.3428e-01, -8.4468e-05,
        -2.5916e-01, -2.0013e-01, -7.9683e-02, -7.0011e-02, -2.3578e-01,
        -2.0909e-01, -2.1085e-01, -1.7881e-01, -1.1405e-01, -2.6122e-01,
        -1.9925e-01, -1.0899e-01, -1.5278e-01, -1.9159e-01,  1.1364e-01,
        -4.7596e-02, -1.2145e-01, -1.4344e-01, -1.2716e-01, -2.4624e-01,
        -2.6574e-01, -1.7785e-02, -1.1544e-01, -1.5644e-01, -1.6246e-01,
        -1.4327e-01, -9.9532e-02, -1.4637e-01, -7.3985e-02, -1.2736e-01,
        -1.7899e-01, -2.1286e-01, -1.4356e-01, -1.6342e-01, -1.9427e-01,
        -1.5999e-01, -1.5910e-01, -1.4716e-01, -3.4951e-02, -1.1150e-01,
        -1.8221e-01, -2.9947e-01, -1.3181e-01, -4.8331e-02, -8.7986e-02,
        -1.8191e-01, -1.4457e-01, -1.3249e-01, -2.5599e-01, -7.7923e-02,
        -1.5903e-01, -1.4758e-01, -1.8224e-01, -1.0326e-01, -2.0923e-01,
        -1.5244e-01, -1.0604e-01, -2.1569e-01, -1.1965e-01, -1.7209e-01,
        -1.9518e-01, -2.3128e-01, -2.2587e-01, -1.6881e-01, -1.5556e-01,
        -2.3797e-01, -2.2031e-01, -1.0274e-01, -1.0206e-01, -1.0330e-01,
        -1.5398e-01, -1.4001e-01, -1.6208e-01, -2.3126e-01, -2.1117e-01,
        -2.0384e-01, -2.3938e-01, -1.4169e-01, -1.5635e-01, -2.0363e-01,
        -2.4709e-01, -1.7722e-01, -1.0774e-01, -1.4542e-01, -1.1328e-01,
        -7.0153e-02, -2.1060e-01, -1.5271e-01, -1.4745e-01, -3.7543e-02,
        -1.8397e-01, -1.6230e-01, -1.8207e-01, -1.5096e-01, -8.0592e-02,
        -1.0285e-01, -1.4728e-01, -1.5652e-01, -6.7972e-02, -1.2175e-01,
        -2.4980e-01, -1.4970e-01, -3.2684e-01, -2.2341e-01, -1.5019e-01,
        -2.2525e-01, -1.5606e-01, -1.2740e-01, -9.5864e-02, -1.7922e-01,
        -8.2853e-02, -1.4097e-01, -9.7837e-03, -1.3697e-01, -1.3934e-01,
        -1.1567e-01, -2.1149e-01, -1.7844e-01, -2.1465e-01, -1.2722e-01,
        -1.9182e-01, -8.0640e-02, -4.9123e-02, -1.7414e-01, -1.7373e-01,
        -1.7983e-01, -2.0846e-01, -1.9019e-01, -1.8797e-01, -1.7383e-01,
        -1.2180e-01, -8.1639e-02, -1.3439e-01, -2.3301e-01, -5.8956e-02,
        -1.1647e-01, -1.6603e-01, -1.8185e-01, -1.3588e-01, -1.6680e-01,
        -2.3320e-01, -2.6351e-01, -5.0663e-02, -2.0540e-01, -1.0230e-01,
        -1.7406e-01, -3.8648e-02, -1.1182e-01, -1.9806e-01, -1.2152e-01,
        -1.8216e-01, -9.9984e-02, -1.6756e-01, -5.8442e-02, -2.3991e-01,
        -1.1366e-01, -1.9375e-01, -1.9543e-01, -2.1202e-01, -1.3933e-01,
        -4.0137e-01, -1.0113e-01, -1.3812e-01, -2.1222e-01, -1.1038e-01,
        -9.9966e-02, -1.9180e-01, -1.4216e-01, -1.2633e-01, -1.1489e-01,
        -1.3596e-01, -1.4468e-01, -2.1732e-01, -1.0280e-01, -1.8757e-01,
        -1.6483e-01, -2.3194e-01, -1.6998e-01, -1.1249e-01, -1.1544e-01,
        -1.0671e-01, -1.5217e-01, -1.9779e-01, -4.5476e-02, -7.5094e-02,
        -1.5142e-01, -1.5421e-01, -1.0706e-01, -2.1542e-01, -1.6650e-01,
        -2.1908e-01, -2.3275e-01, -1.9692e-01, -1.6145e-01, -6.1310e-02,
        -1.5508e-01, -2.3796e-01, -8.9728e-02, -1.7370e-01, -2.2032e-01,
        -1.0825e-01, -1.9998e-01, -1.3315e-01, -1.8265e-01, -1.0085e-01,
        -9.5161e-02, -2.1586e-01, -1.3544e-01, -1.9225e-01, -2.9141e-01,
        -1.8842e-01, -9.8850e-02, -1.7111e-01, -1.3605e-01, -1.8522e-01,
        -1.1135e-01, -2.2793e-01, -2.4028e-01, -2.2221e-01, -2.3165e-01,
        -8.1718e-02, -1.6288e-01, -1.9458e-01, -1.4895e-01, -2.0119e-01,
        -1.5190e-01, -6.6845e-02, -5.6471e-02, -2.3256e-01, -1.6045e-01,
        -2.2119e-01, -9.3523e-02, -5.9527e-02, -7.5647e-02, -1.0534e-01,
        -1.2420e-01, -1.6474e-01, -1.3844e-01, -1.4568e-01, -2.9600e-01,
        -1.0054e-01, -2.6897e-01], device='cuda:0')), ('layer4.0.bn2.running_var', tensor([0.0371, 0.0529, 0.0286, 0.0246, 0.0226, 0.0236, 0.0298, 0.0323, 0.0448,
        0.0345, 0.0289, 0.0332, 0.0226, 0.0706, 0.0227, 0.0206, 0.0284, 0.0515,
        0.0266, 0.0206, 0.0346, 0.0268, 0.0328, 0.0350, 0.0452, 0.0257, 0.0222,
        0.0285, 0.0221, 0.0270, 0.0394, 0.0420, 0.0344, 0.0427, 0.0237, 0.0171,
        0.0278, 0.0323, 0.0459, 0.0197, 0.0224, 0.0450, 0.0215, 0.0152, 0.0306,
        0.0410, 0.0260, 0.0619, 0.0288, 0.0343, 0.0270, 0.0183, 0.0225, 0.0260,
        0.0279, 0.0229, 0.0189, 0.0306, 0.0254, 0.0302, 0.0220, 0.0332, 0.0449,
        0.0521, 0.0344, 0.0276, 0.0393, 0.0212, 0.0198, 0.0298, 0.0351, 0.0312,
        0.0322, 0.0553, 0.0216, 0.0364, 0.0236, 0.0317, 0.0304, 0.0244, 0.0226,
        0.0331, 0.0399, 0.0348, 0.0350, 0.0403, 0.0355, 0.0199, 0.0350, 0.0428,
        0.0462, 0.0390, 0.0285, 0.0259, 0.0281, 0.0509, 0.0271, 0.0207, 0.0315,
        0.0347, 0.0276, 0.0353, 0.0384, 0.0313, 0.0196, 0.0226, 0.0315, 0.0566,
        0.0257, 0.0456, 0.0235, 0.0402, 0.0189, 0.0589, 0.0357, 0.0377, 0.0356,
        0.0695, 0.0245, 0.0292, 0.0331, 0.0358, 0.0301, 0.0324, 0.0243, 0.0293,
        0.0273, 0.0314, 0.0307, 0.0230, 0.0258, 0.0518, 0.0284, 0.0140, 0.0199,
        0.0246, 0.0350, 0.0212, 0.0253, 0.0257, 0.0312, 0.0223, 0.0247, 0.0271,
        0.0339, 0.0453, 0.0217, 0.0327, 0.0306, 0.0234, 0.0402, 0.0285, 0.0261,
        0.0325, 0.0188, 0.0325, 0.0285, 0.0362, 0.0257, 0.0261, 0.0333, 0.0266,
        0.0274, 0.0585, 0.0375, 0.0344, 0.0331, 0.0419, 0.0288, 0.0285, 0.0383,
        0.0444, 0.0221, 0.0204, 0.0276, 0.0393, 0.0366, 0.0222, 0.0559, 0.0293,
        0.0300, 0.0318, 0.0327, 0.0351, 0.0336, 0.0252, 0.0363, 0.0200, 0.0444,
        0.0225, 0.0401, 0.0255, 0.0565, 0.0220, 0.0292, 0.0228, 0.0227, 0.0594,
        0.0382, 0.0241, 0.0303, 0.0204, 0.0385, 0.0295, 0.0362, 0.0310, 0.0272,
        0.0198, 0.0423, 0.0349, 0.0218, 0.0315, 0.0252, 0.0411, 0.0273, 0.0230,
        0.0332, 0.0237, 0.0487, 0.0340, 0.0311, 0.0238, 0.0271, 0.0240, 0.0531,
        0.0299, 0.0274, 0.0322, 0.0314, 0.0260, 0.0212, 0.0228, 0.0227, 0.0890,
        0.0277, 0.0180, 0.0277, 0.1105, 0.0400, 0.0584, 0.0284, 0.0434, 0.0355,
        0.0244, 0.0298, 0.0316, 0.0248, 0.0330, 0.0312, 0.0559, 0.0482, 0.0300,
        0.0233, 0.0171, 0.0321, 0.0501, 0.0229, 0.0325, 0.0315, 0.0368, 0.0328,
        0.0419, 0.0386, 0.0213, 0.0195, 0.0291, 0.0191, 0.0445, 0.0246, 0.0339,
        0.0611, 0.0285, 0.0309, 0.0307, 0.0371, 0.0245, 0.0334, 0.0362, 0.0301,
        0.0335, 0.0256, 0.0301, 0.0270, 0.0466, 0.0589, 0.0199, 0.0181, 0.0352,
        0.0225, 0.0279, 0.0491, 0.0181, 0.0239, 0.0263, 0.0277, 0.0200, 0.0577,
        0.0309, 0.0205, 0.0285, 0.0496, 0.0274, 0.0270, 0.0384, 0.0430, 0.0232,
        0.0517, 0.0270, 0.0231, 0.0243, 0.0251, 0.0361, 0.0698, 0.0233, 0.0240,
        0.0371, 0.0367, 0.0205, 0.0506, 0.0709, 0.0418, 0.0427, 0.0299, 0.0304,
        0.0326, 0.0178, 0.0254, 0.0183, 0.0189, 0.0414, 0.0576, 0.0355, 0.0257,
        0.0293, 0.0269, 0.0305, 0.0678, 0.0174, 0.0208, 0.0282, 0.0274, 0.1407,
        0.0197, 0.0534, 0.0260, 0.0298, 0.0438, 0.0318, 0.0295, 0.0864, 0.0222,
        0.0220, 0.0256, 0.0214, 0.0250, 0.0220, 0.0425, 0.0251, 0.0254, 0.0190,
        0.0397, 0.0366, 0.0272, 0.0247, 0.0348, 0.0164, 0.0326, 0.0413, 0.0370,
        0.0250, 0.0454, 0.0221, 0.0681, 0.0339, 0.0405, 0.0270, 0.0349, 0.0179,
        0.0358, 0.0275, 0.0254, 0.0240, 0.0314, 0.0249, 0.0212, 0.0237, 0.0157,
        0.0181, 0.0324, 0.0291, 0.0312, 0.0168, 0.0159, 0.0498, 0.0303, 0.0385,
        0.0262, 0.0256, 0.0284, 0.0233, 0.0211, 0.0179, 0.0220, 0.0500, 0.0468,
        0.0266, 0.0210, 0.0319, 0.0255, 0.0295, 0.0325, 0.0329, 0.0259, 0.0377,
        0.0222, 0.0279, 0.0187, 0.0364, 0.0370, 0.0299, 0.0257, 0.0335, 0.0270,
        0.0190, 0.0382, 0.0223, 0.0442, 0.0481, 0.0294, 0.0334, 0.0811, 0.0258,
        0.0175, 0.0270, 0.0192, 0.0402, 0.0292, 0.0363, 0.0228, 0.0297, 0.0449,
        0.0266, 0.0334, 0.0203, 0.0306, 0.0286, 0.0604, 0.0299, 0.0221, 0.0152,
        0.0356, 0.0220, 0.0322, 0.0259, 0.0193, 0.0239, 0.0406, 0.0318, 0.0349,
        0.0183, 0.0354, 0.0264, 0.0237, 0.0252, 0.0187, 0.0229, 0.0302, 0.0200,
        0.0380, 0.0302, 0.0301, 0.0253, 0.0384, 0.0223, 0.0260, 0.0198, 0.0277,
        0.0245, 0.0230, 0.0908, 0.0290, 0.0370, 0.0252, 0.0282, 0.0442, 0.0313,
        0.0301, 0.0215, 0.0335, 0.0392, 0.0151, 0.0194, 0.0245, 0.0272, 0.0320,
        0.0317, 0.0173, 0.0231, 0.0294, 0.0257, 0.0303, 0.0232, 0.0231, 0.0384,
        0.0208, 0.0245, 0.0274, 0.0242, 0.0199, 0.0571, 0.0377, 0.0241],
       device='cuda:0')), ('layer4.0.bn2.num_batches_tracked', tensor(460, device='cuda:0')), ('layer4.0.downsample.0.weight', tensor([[[[ 0.0037]],

         [[ 0.0010]],

         [[ 0.0165]],

         ...,

         [[ 0.0082]],

         [[-0.0242]],

         [[ 0.0091]]],


        [[[-0.0227]],

         [[-0.0146]],

         [[ 0.0557]],

         ...,

         [[-0.0218]],

         [[-0.0325]],

         [[ 0.0017]]],


        [[[-0.0558]],

         [[-0.0382]],

         [[ 0.0335]],

         ...,

         [[-0.0378]],

         [[-0.0290]],

         [[-0.0434]]],


        ...,


        [[[ 0.0459]],

         [[ 0.0410]],

         [[ 0.0115]],

         ...,

         [[ 0.0098]],

         [[ 0.0039]],

         [[-0.0667]]],


        [[[ 0.0547]],

         [[-0.0136]],

         [[-0.0470]],

         ...,

         [[ 0.0071]],

         [[ 0.0427]],

         [[ 0.0120]]],


        [[[ 0.0306]],

         [[-0.0052]],

         [[ 0.0054]],

         ...,

         [[ 0.0121]],

         [[-0.0074]],

         [[-0.0094]]]], device='cuda:0')), ('layer4.0.downsample.1.weight', tensor([ 0.1664,  0.3360,  0.2980,  0.3751,  0.1508,  0.1771,  0.3160,  0.3950,
         0.1870,  0.2084,  0.1083,  0.2030,  0.2966,  0.0752,  0.2028,  0.2472,
         0.3311,  0.3308,  0.2520,  0.2737,  0.1654,  0.3446,  0.3425,  0.2951,
         0.2198,  0.0984,  0.3330,  0.2319,  0.2873,  0.2275,  0.2691,  0.3953,
         0.1976,  0.2569,  0.2569,  0.3573,  0.1832,  0.2508,  0.3089,  0.2769,
         0.2107,  0.2437,  0.3282,  0.3198,  0.2491,  0.1856,  0.2657,  0.3931,
         0.1965,  0.2597,  0.1711,  0.3338,  0.2194,  0.2502,  0.2775,  0.3802,
         0.3440,  0.2640,  0.2944,  0.1135,  0.2705,  0.3485,  0.1263,  0.2803,
         0.1544,  0.3007,  0.2717,  0.1905,  0.3575,  0.2333,  0.2173,  0.2058,
         0.2105,  0.0933,  0.2443,  0.2264,  0.3556,  0.3136,  0.2364,  0.2666,
         0.2959,  0.2638,  0.2176,  0.1433,  0.2435,  0.1691,  0.2345,  0.2887,
         0.2095,  0.1956,  0.2207,  0.2006,  0.2460,  0.3688,  0.1990,  0.1933,
         0.3663,  0.2259,  0.2621,  0.1907,  0.2767,  0.1990,  0.1967,  0.2929,
         0.3189,  0.4088,  0.1448,  0.2632,  0.1927,  0.3615,  0.2770,  0.2119,
         0.2638,  0.4243,  0.2564,  0.2765,  0.1311,  0.5090,  0.3193,  0.2426,
         0.1499,  0.1820,  0.0535,  0.2277,  0.1810,  0.2822,  0.2290,  0.1575,
         0.3172,  0.1824,  0.3351,  0.1671,  0.1629,  0.3050,  0.3522,  0.2961,
         0.1152,  0.2480,  0.1899,  0.2654,  0.2419,  0.3832,  0.1889,  0.1920,
         0.2481,  0.2882,  0.3158,  0.3223,  0.1288,  0.2471,  0.1397,  0.1292,
         0.3081,  0.2854,  0.3489,  0.2306,  0.2736,  0.2707,  0.1873,  0.2413,
         0.3508,  0.3527,  0.2734,  0.2798,  0.3058,  0.0821,  0.2945,  0.2260,
         0.3282,  0.2673,  0.2435,  0.2410,  0.2859,  0.3399,  0.2765,  0.2929,
         0.3396,  0.2234,  0.2298,  0.1505,  0.3865,  0.3087,  0.1718,  0.1719,
         0.3432,  0.2980,  0.2543,  0.1876,  0.2418,  0.2226,  0.2674,  0.3735,
         0.4257,  0.3713,  0.1740,  0.3708,  0.2317,  0.2659,  0.3155,  0.1647,
         0.1157,  0.3002,  0.4013,  0.2114,  0.3853,  0.2935,  0.1810,  0.3702,
         0.1926,  0.3230,  0.2305,  0.1666,  0.1762,  0.2361,  0.2137,  0.1949,
         0.2520,  0.2618,  0.2114,  0.2305,  0.3477,  0.4452,  0.2546,  0.2566,
         0.2781,  0.1820,  0.1701,  0.1984,  0.3378,  0.2234,  0.1391,  0.2300,
         0.2230,  0.2527,  0.2268,  0.3621,  0.1367,  0.2361,  0.2583,  0.0812,
         0.1861,  0.1245,  0.4506,  0.2713,  0.2610,  0.2758,  0.2219,  0.2690,
         0.1891,  0.1776,  0.2938,  0.3191,  0.3365,  0.2757,  0.1594,  0.2737,
         0.2971,  0.2910,  0.1417,  0.3305,  0.1943,  0.2653,  0.0873,  0.2537,
         0.3308,  0.1950,  0.2789,  0.2367,  0.3661,  0.2998,  0.1228,  0.2625,
         0.2521,  0.3196,  0.3481,  0.2102,  0.2099,  0.2064,  0.2127,  0.2140,
         0.2159,  0.2465,  0.2448,  0.3356, -0.0546,  0.2246,  0.2299,  0.2672,
         0.1109,  0.2320,  0.2823,  0.3254,  0.2842,  0.2065,  0.2254,  0.2874,
         0.3091,  0.3410,  0.2588,  0.1687,  0.3955,  0.2719,  0.2001,  0.2955,
         0.3333,  0.2255,  0.0656,  0.2971,  0.1914,  0.2391,  0.3010,  0.2495,
         0.3056,  0.3222,  0.1715,  0.1855,  0.1646,  0.2857,  0.3517, -0.0434,
         0.1534,  0.2191,  0.3278,  0.3856,  0.2379,  0.3013,  0.1178,  0.2676,
         0.1909,  0.2167,  0.1684,  0.2869,  0.2445,  0.2460,  0.2623,  0.2407,
         0.0959,  0.2771,  0.2456,  0.1737,  0.0991,  0.0458,  0.2802,  0.2774,
         0.1715,  0.2139,  0.2204,  0.2814,  0.1485,  0.0765,  0.2392,  0.2404,
         0.2952,  0.2538,  0.2525,  0.3440,  0.2986,  0.3029,  0.3205,  0.2732,
         0.1666,  0.2931,  0.1270,  0.1848,  0.2858,  0.3181,  0.2127,  0.3601,
         0.3439,  0.0939,  0.2591,  0.1709,  0.1946,  0.1944,  0.1941,  0.1925,
         0.3192,  0.3456,  0.3443,  0.3128,  0.2012,  0.3261,  0.3183,  0.3038,
         0.2614,  0.2347,  0.2507,  0.3061,  0.2593,  0.2379,  0.2693,  0.2599,
         0.3231,  0.1817,  0.3531,  0.3556,  0.2827,  0.2485,  0.1626,  0.2903,
         0.4003,  0.2671,  0.2044,  0.2490,  0.3681,  0.2080,  0.2772,  0.2266,
         0.2324,  0.1601,  0.2368,  0.2085,  0.3509,  0.1629,  0.1637,  0.3066,
         0.3087,  0.2143,  0.2855,  0.2900,  0.1708,  0.2288,  0.2094,  0.3163,
         0.1034,  0.2628,  0.2587,  0.1708,  0.0791,  0.1808,  0.3554,  0.1207,
         0.3185,  0.1621,  0.3787,  0.3245,  0.2050,  0.3076,  0.2207,  0.1445,
         0.1332,  0.2317,  0.2906,  0.2728,  0.2004,  0.2706,  0.1955,  0.2291,
         0.3023,  0.3216,  0.2972,  0.3337,  0.2388,  0.2644,  0.2510,  0.0899,
         0.2487,  0.2574,  0.3680,  0.3316,  0.3661,  0.1105,  0.1716,  0.1756,
         0.3860,  0.2204,  0.2746,  0.2796,  0.1747,  0.2585,  0.1543,  0.2491,
         0.1947,  0.2459,  0.3433,  0.2481,  0.2440,  0.1840,  0.2995,  0.3017,
         0.3101,  0.2377,  0.2329,  0.1345,  0.3105,  0.0951,  0.2761,  0.2899,
         0.3823,  0.1782,  0.3601,  0.2995,  0.1930,  0.2723,  0.1678,  0.3025,
         0.2676,  0.2053,  0.2544,  0.2253,  0.2528,  0.2105,  0.3530,  0.2278,
         0.2485,  0.3046,  0.2351,  0.3000,  0.2104,  0.3415,  0.3390,  0.1549],
       device='cuda:0')), ('layer4.0.downsample.1.bias', tensor([-0.1763, -0.2178, -0.2055, -0.1692, -0.1649, -0.1481, -0.2147, -0.2885,
        -0.1177, -0.2179, -0.1036, -0.1585, -0.1979, -0.0449, -0.1530, -0.1940,
        -0.2089, -0.1694, -0.1879, -0.1743, -0.1329, -0.2361, -0.1947, -0.1985,
        -0.1805, -0.1801, -0.1757, -0.1578, -0.1649, -0.2622, -0.1798, -0.2489,
        -0.1753, -0.2426, -0.2508, -0.2909, -0.1490, -0.1599, -0.1823, -0.1868,
        -0.1529, -0.1365, -0.2740, -0.1285, -0.2235, -0.2553, -0.2382, -0.1864,
        -0.1753, -0.2379, -0.1228, -0.1831, -0.2766, -0.2635, -0.1866, -0.2315,
        -0.2342, -0.1911, -0.2100, -0.0701, -0.1892, -0.2069, -0.1091, -0.2836,
        -0.1313, -0.1682, -0.2150, -0.3638, -0.2951, -0.2357, -0.1648, -0.1892,
        -0.1801, -0.2053, -0.1806, -0.2746, -0.3317, -0.1725, -0.1812, -0.2628,
        -0.2219, -0.1609, -0.1555, -0.1404, -0.2999, -0.1450, -0.1866, -0.1770,
        -0.1413, -0.2202, -0.1887, -0.1582, -0.1685, -0.2519, -0.1589, -0.1762,
        -0.1650, -0.1988, -0.2257, -0.2370, -0.2246, -0.1573, -0.2043, -0.1445,
        -0.1375, -0.2008, -0.1794, -0.2129, -0.2967, -0.1976, -0.2668, -0.2211,
        -0.2184, -0.3425, -0.2660, -0.1920, -0.1757, -0.2242, -0.1825, -0.1687,
        -0.1135, -0.2181, -0.1197, -0.1688, -0.1886, -0.3533, -0.3113, -0.2175,
        -0.1488, -0.1685, -0.2829, -0.2241, -0.1531, -0.1805, -0.2135, -0.1870,
        -0.1376, -0.1771, -0.1876, -0.1973, -0.1708, -0.3039, -0.0801, -0.2019,
        -0.1995, -0.2266, -0.2461, -0.1065, -0.1433, -0.1260, -0.1231, -0.1774,
        -0.2117, -0.3302, -0.3514, -0.2375, -0.1188, -0.2161, -0.1747, -0.1915,
        -0.3395, -0.1631, -0.2540,  0.0620, -0.2858, -0.1204, -0.1593, -0.2319,
        -0.3344, -0.2019, -0.2689, -0.1643, -0.2472, -0.2864, -0.2428, -0.1446,
        -0.1907, -0.2148, -0.1585, -0.2881, -0.2446, -0.2209, -0.0474, -0.1576,
        -0.1524, -0.1520, -0.1736, -0.1940, -0.2008, -0.2256, -0.2125, -0.2685,
        -0.1843, -0.1829, -0.1838, -0.3874, -0.1560, -0.1578, -0.1560, -0.2254,
        -0.1572, -0.2535, -0.2857, -0.1823, -0.2710, -0.2357, -0.2150, -0.2401,
        -0.1061, -0.1531, -0.1993, -0.1746, -0.2278, -0.0991, -0.1863, -0.1792,
        -0.1588, -0.1937, -0.1705, -0.2807, -0.1885, -0.2787, -0.2273, -0.2158,
        -0.1377, -0.2174, -0.1095, -0.2176, -0.1357, -0.1926, -0.2123, -0.1903,
        -0.2376, -0.1394, -0.2231, -0.2348, -0.1634, -0.1905, -0.1453, -0.1170,
        -0.2428, -0.2755, -0.2949, -0.1592, -0.3518, -0.3683, -0.2236, -0.1528,
        -0.2135, -0.0898, -0.2060, -0.2041, -0.2006, -0.2323, -0.0764, -0.1762,
        -0.1400, -0.2185, -0.1460, -0.1463, -0.1466, -0.2927, -0.0890, -0.1387,
        -0.2012, -0.1134, -0.2595, -0.2011, -0.2034, -0.2436, -0.0885, -0.3369,
        -0.2606, -0.2353, -0.3527, -0.1849, -0.1179, -0.1726, -0.1768, -0.1946,
        -0.2019, -0.1898, -0.2729, -0.1485,  0.1154, -0.1892, -0.1837, -0.2020,
        -0.0342, -0.3462, -0.1954, -0.1942, -0.1536, -0.1920, -0.1438, -0.3028,
        -0.1791, -0.2010, -0.2120, -0.0973, -0.1677, -0.2390, -0.2175, -0.2126,
        -0.2045, -0.0598, -0.0711, -0.2061, -0.1901, -0.2069, -0.1556, -0.2276,
        -0.2034, -0.1654, -0.2028, -0.2029, -0.1090, -0.1691, -0.2131,  0.0388,
        -0.1100, -0.2760, -0.2685, -0.2596, -0.2835, -0.1958, -0.1941, -0.2939,
        -0.1852, -0.2901, -0.1105, -0.2104, -0.2640, -0.3017, -0.2897, -0.1581,
        -0.0081, -0.2147, -0.2043, -0.1516, -0.1130,  0.0238, -0.0977, -0.1404,
        -0.1814, -0.3190, -0.2176, -0.1363, -0.0821,  0.0100, -0.1841, -0.1941,
        -0.1612, -0.2788, -0.1930, -0.2111, -0.2302, -0.2061, -0.2022, -0.2765,
        -0.0996, -0.3174, -0.1137, -0.1699, -0.1380, -0.2150, -0.2689, -0.1591,
        -0.2001, -0.1780, -0.1882, -0.2326, -0.2073, -0.3369, -0.2275, -0.2376,
        -0.2146, -0.2328, -0.2397, -0.2389, -0.1272, -0.2332, -0.1897, -0.1665,
        -0.1444, -0.1893, -0.1084, -0.3060, -0.1161, -0.1670, -0.2066, -0.1838,
        -0.3081, -0.1776, -0.1578, -0.2707, -0.1811, -0.1591, -0.1746, -0.1903,
        -0.3016, -0.1439, -0.2172, -0.2223, -0.1590, -0.1423, -0.2707, -0.2895,
        -0.1738, -0.2083, -0.1924, -0.2692, -0.1994, -0.1956, -0.1698, -0.2300,
        -0.1889, -0.2659, -0.3984, -0.2552, -0.1830, -0.2049, -0.1617, -0.2495,
        -0.0623, -0.2208, -0.2114, -0.1591, -0.1232, -0.1807, -0.3468, -0.1672,
        -0.2515, -0.2419, -0.2883, -0.2801, -0.1903, -0.2131, -0.1968, -0.2077,
        -0.1688, -0.2239, -0.2955, -0.1349, -0.1442, -0.2387, -0.1603, -0.1995,
        -0.3263, -0.1887, -0.1810, -0.2673, -0.2115, -0.2400, -0.1122, -0.1914,
        -0.1903, -0.1816, -0.2642, -0.2091, -0.1885, -0.0603, -0.1925, -0.2180,
        -0.2099, -0.1742, -0.2732, -0.2014, -0.2146, -0.2511, -0.1708, -0.1586,
        -0.1678, -0.3018, -0.1678, -0.2396, -0.2301, -0.1952, -0.2881, -0.3300,
        -0.2212, -0.1868, -0.1772, -0.0955, -0.1761, -0.1317, -0.1561, -0.1691,
        -0.2230, -0.2843, -0.2673, -0.0968, -0.2417, -0.2693, -0.2552, -0.2567,
        -0.2958, -0.2460, -0.1839, -0.2784, -0.1380, -0.1710, -0.1920, -0.1825,
        -0.2346, -0.1382, -0.1121, -0.2160, -0.1546, -0.2035, -0.3266, -0.1736],
       device='cuda:0')), ('layer4.0.downsample.1.running_mean', tensor([-1.2410e-01, -1.2900e-01, -1.9871e-03,  7.6329e-02,  7.5295e-02,
        -5.6345e-02, -1.8722e-01, -9.1798e-02,  7.9344e-02, -8.8548e-02,
        -8.1935e-02, -1.6543e-03,  3.0245e-02, -7.7510e-02, -4.5158e-02,
        -7.7749e-02, -5.8389e-02, -2.2027e-01, -7.5284e-02, -2.8150e-02,
         3.3108e-02, -2.2404e-01,  2.4957e-02, -7.2729e-02,  7.4601e-02,
         3.4998e-02, -1.7809e-01, -1.2080e-01, -1.3140e-01, -1.0116e-01,
         3.4311e-02, -1.0980e-01, -9.8748e-02, -1.7133e-01,  2.3387e-02,
        -3.7722e-02,  3.3512e-02, -1.5539e-01,  4.6552e-02,  6.3677e-02,
        -3.2959e-02,  4.1897e-02, -5.5862e-02, -8.2630e-02,  1.1719e-01,
        -6.6369e-02, -4.4105e-02,  1.4775e-01,  6.6246e-02, -1.9211e-01,
        -5.9386e-02, -1.7878e-01,  6.7775e-03, -9.4634e-03, -5.3006e-02,
         1.2393e-01, -5.2935e-02,  8.1439e-03, -5.6083e-03, -1.0955e-01,
        -8.6795e-02, -6.9990e-02, -2.9483e-04,  2.6983e-02, -4.6284e-02,
        -4.8226e-02,  5.0286e-02, -3.2928e-02, -2.9322e-02, -5.8344e-02,
        -1.1059e-01, -1.3372e-01, -1.1319e-01, -1.0664e-01, -6.1272e-02,
        -6.6265e-02, -1.0001e-01, -8.8423e-03, -9.8254e-02, -5.5761e-03,
        -2.3192e-04,  1.1819e-02, -9.3175e-02, -1.1601e-01, -1.3991e-01,
         1.1376e-01, -1.5259e-02, -9.2101e-02, -5.3369e-02, -1.1170e-01,
         1.5773e-02, -1.0371e-01, -5.4937e-02, -9.2723e-03, -2.6117e-02,
        -1.4711e-01,  3.7649e-02, -8.7162e-02, -1.0298e-01, -1.5292e-01,
        -2.0796e-02, -8.4448e-02, -1.7159e-01,  6.7000e-02, -1.0157e-02,
         9.2957e-02, -1.2086e-01,  9.9149e-02, -1.2896e-01,  1.0763e-01,
        -1.2412e-01, -1.7272e-03, -4.7775e-02, -2.6045e-01, -1.0144e-01,
        -4.2013e-02, -4.3265e-02,  1.9741e-01,  3.0672e-02, -4.0747e-02,
        -1.7066e-01,  9.1122e-02,  4.9330e-02, -7.6874e-02, -1.0193e-02,
        -1.3440e-02,  6.1329e-02, -8.3362e-02, -6.0060e-02,  5.7085e-02,
         3.5678e-03,  5.1416e-02, -7.1939e-02, -4.7071e-02, -9.8639e-03,
        -1.6578e-01, -2.1371e-02, -4.4243e-02,  4.6470e-02, -1.6056e-01,
        -1.0918e-01, -1.4027e-01, -1.3258e-01,  4.7525e-02,  4.4302e-02,
        -5.1934e-02, -6.4089e-02,  2.0855e-01, -8.3591e-03, -1.1806e-01,
         2.1134e-02, -7.5445e-03,  2.3383e-02, -1.2380e-01, -1.6878e-01,
        -3.7979e-02, -8.3559e-02, -1.6460e-01, -8.2335e-02, -3.6126e-02,
         1.6443e-02, -3.4400e-02, -6.8237e-02,  1.1370e-01, -1.2625e-01,
        -8.1299e-02,  2.1819e-02, -1.3389e-01, -5.4642e-02, -5.5896e-03,
        -1.0498e-01,  1.3218e-02, -2.4132e-02, -1.2385e-01, -4.2989e-02,
         4.1922e-02,  4.5483e-02, -2.2231e-02, -1.2301e-01, -4.2532e-02,
        -2.1755e-01, -1.9377e-02, -1.8420e-01, -7.4030e-02,  2.8767e-02,
        -4.8400e-02, -9.0823e-02, -1.3676e-01, -8.8333e-02, -2.0064e-01,
         4.7609e-02, -5.7666e-02,  6.4328e-02, -1.3226e-01,  7.8121e-02,
        -1.0169e-01, -1.4688e-01, -6.2357e-02, -9.1512e-03, -1.5477e-03,
         2.2155e-02, -9.7766e-02, -7.9368e-02,  6.4492e-02, -1.0106e-01,
        -9.3728e-02,  2.4053e-02, -1.6763e-01,  9.4760e-03, -3.1266e-02,
         5.1055e-02, -3.6151e-02, -1.0689e-01,  4.2671e-02, -9.5188e-02,
         1.1986e-02, -5.9347e-02, -2.5080e-02, -3.6175e-02, -1.3838e-01,
         1.0548e-02, -4.3674e-02, -3.4179e-02,  1.3045e-02,  2.0957e-02,
         2.0147e-03,  5.9526e-03,  6.5530e-03, -1.1924e-01,  2.6524e-02,
        -3.6281e-03, -9.6124e-02, -1.9047e-01, -1.2117e-01, -7.5115e-02,
        -4.0870e-02, -3.9144e-02, -2.0945e-01,  8.6083e-03, -9.5874e-02,
         1.0448e-02, -1.0938e-02, -1.5784e-01,  1.6169e-02,  4.0877e-02,
        -1.6454e-01, -1.2578e-01, -5.2420e-02, -1.4090e-01, -1.1370e-01,
        -2.0395e-03, -7.4748e-02, -9.8950e-02, -1.6770e-01,  5.4674e-02,
        -6.9363e-02, -3.7178e-02,  2.7771e-02, -8.3004e-04, -1.3511e-01,
         8.6173e-02, -1.5195e-01, -1.2035e-01, -4.7145e-02,  8.9394e-02,
         4.7516e-03, -1.0886e-01,  3.0053e-02,  1.6985e-01,  9.1004e-02,
         3.7750e-02,  1.7020e-02, -2.5399e-02, -1.6422e-01, -1.1900e-01,
        -2.7907e-02,  2.3018e-02,  1.2807e-01, -1.6706e-01,  3.6576e-03,
        -1.2966e-01,  4.7728e-02, -9.3518e-02, -6.6107e-02,  9.4731e-02,
         8.0009e-02, -9.5035e-02, -2.1824e-02, -1.2029e-01, -5.1658e-02,
        -6.0169e-02,  9.0383e-02, -2.2688e-02,  1.4554e-02, -3.6960e-02,
        -5.6017e-02, -6.8384e-03, -1.3859e-02, -1.0075e-01, -6.7689e-02,
         1.2286e-01, -1.1654e-01, -6.8273e-02,  5.8553e-02, -2.3380e-02,
         7.1633e-03, -1.0489e-03, -3.8990e-02, -1.7210e-01, -2.5049e-02,
        -2.8266e-02, -8.1929e-02, -4.8821e-02, -8.4331e-02,  4.2703e-03,
         3.6093e-02, -5.4866e-02, -8.7577e-02,  1.1223e-02,  1.5409e-01,
        -1.0188e-01, -1.3085e-01,  2.2534e-02, -2.7232e-02, -1.5047e-01,
        -9.3671e-02, -2.6742e-02, -6.8570e-02, -4.2559e-02, -1.7122e-01,
         6.2475e-02, -9.2922e-02, -1.1720e-01,  5.0111e-02,  5.1071e-02,
         6.4099e-03, -7.8493e-02, -1.6601e-02, -8.3195e-02, -4.5663e-02,
        -5.5692e-03, -1.1396e-01, -3.6277e-02,  5.5379e-02, -9.8523e-02,
        -9.4737e-03, -8.4554e-02, -5.8061e-03, -8.9538e-02, -1.3527e-01,
        -3.6154e-02, -1.6193e-01, -3.3835e-02,  4.7393e-02,  7.3894e-03,
        -1.4076e-01,  1.1745e-01, -9.5489e-03, -6.9985e-02, -9.5967e-02,
         6.2537e-02, -1.4174e-01, -1.4394e-01,  7.8127e-04,  6.5720e-02,
        -3.0523e-02,  1.5504e-03, -1.4003e-02,  4.0152e-02,  2.1367e-02,
        -2.9458e-02, -7.9394e-02,  5.2097e-01,  1.7977e-02, -5.2858e-02,
        -5.7919e-02, -7.6110e-04, -1.7441e-02, -5.2734e-02,  1.4994e-02,
        -9.4790e-02, -4.6635e-02,  7.3387e-02, -1.4017e-01, -9.4873e-02,
        -1.4348e-01, -9.6064e-02,  8.5319e-03, -1.7727e-02, -6.0248e-02,
        -4.6511e-03, -1.2863e-01, -8.8137e-02, -7.5690e-02, -4.6507e-02,
         2.4283e-02, -7.8225e-03,  7.1859e-02, -9.8318e-02, -4.2617e-02,
        -3.7721e-02, -7.4721e-02, -8.6946e-02,  5.3220e-02,  1.4603e-01,
        -2.0840e-01, -2.7394e-02, -2.0993e-02,  6.0341e-02, -2.9709e-03,
        -3.1540e-02, -1.8931e-01,  5.6841e-02, -8.5337e-02,  4.2757e-02,
        -8.3201e-02, -7.1263e-02, -1.7905e-02, -5.0136e-02,  4.0109e-02,
        -1.3426e-01, -5.9549e-02,  2.2919e-02, -2.1434e-03,  7.0600e-04,
        -7.9568e-02,  2.5615e-02, -3.6410e-04, -8.3370e-02, -1.3446e-01,
         9.2162e-02,  3.6701e-02, -1.2744e-01, -4.6176e-02, -1.1197e-01,
         1.4893e-01,  1.6697e-02, -8.8646e-02, -1.2147e-01, -7.9932e-02,
        -1.4440e-01, -1.3913e-02,  1.2889e-02, -3.3876e-02, -1.1943e-02,
         3.7950e-02,  3.9336e-02, -3.8763e-02, -8.3768e-02,  7.2269e-02,
        -1.1521e-01, -7.8054e-02,  4.1680e-02, -2.0431e-02, -1.9023e-02,
        -2.3480e-02,  4.0845e-02, -1.7743e-01, -2.1299e-02, -9.0746e-02,
        -4.1607e-02, -3.8704e-02, -9.0759e-03,  7.1346e-02, -7.1065e-02,
         3.6063e-02, -1.9177e-01, -8.7633e-02, -1.4286e-01, -3.7818e-02,
        -6.9178e-02, -1.0494e-01,  1.0051e-02, -5.1427e-02, -1.3647e-01,
        -6.1610e-02, -3.5268e-02, -4.3613e-02, -1.8052e-01, -6.7639e-02,
        -1.3741e-02, -2.0321e-01,  2.7988e-02, -1.2611e-01,  1.1142e-01,
        -8.7588e-02, -5.4772e-02, -1.0669e-01, -1.0349e-02, -1.0215e-02,
        -1.1755e-01,  1.0768e-01, -8.3909e-02, -1.0171e-03, -1.3540e-02,
        -4.9237e-02, -8.8441e-02, -1.0202e-01, -6.6957e-02, -8.1470e-02,
         3.6885e-03,  2.0529e-02,  9.4033e-02, -3.8155e-02, -1.2157e-01,
         6.3432e-02,  2.4343e-02, -2.1816e-01, -1.6207e-01, -1.4178e-02,
         5.2318e-03,  1.9809e-02], device='cuda:0')), ('layer4.0.downsample.1.running_var', tensor([0.0150, 0.0689, 0.0466, 0.0440, 0.0108, 0.0139, 0.0342, 0.0230, 0.0430,
        0.0148, 0.0176, 0.0259, 0.0245, 0.0055, 0.0169, 0.0185, 0.0314, 0.0239,
        0.0168, 0.0255, 0.0099, 0.0397, 0.0692, 0.0258, 0.0166, 0.0060, 0.0332,
        0.0246, 0.0363, 0.0226, 0.0732, 0.0382, 0.0205, 0.0333, 0.0264, 0.0195,
        0.0430, 0.0196, 0.0623, 0.0178, 0.0195, 0.0661, 0.0292, 0.0290, 0.0316,
        0.0131, 0.0166, 0.1063, 0.0151, 0.0220, 0.0119, 0.0263, 0.0191, 0.0237,
        0.0199, 0.0257, 0.0251, 0.0157, 0.0232, 0.0111, 0.0249, 0.0388, 0.0159,
        0.0314, 0.0129, 0.0218, 0.0206, 0.0098, 0.0237, 0.0168, 0.0206, 0.0190,
        0.0166, 0.0047, 0.0262, 0.0267, 0.0333, 0.0267, 0.0185, 0.0157, 0.0197,
        0.0236, 0.0230, 0.0113, 0.0305, 0.0197, 0.0193, 0.0279, 0.0341, 0.0248,
        0.0256, 0.0277, 0.0266, 0.0420, 0.0256, 0.0236, 0.0635, 0.0179, 0.0236,
        0.0129, 0.0286, 0.0112, 0.0131, 0.0347, 0.0460, 0.0347, 0.0306, 0.0489,
        0.0282, 0.1147, 0.0221, 0.0096, 0.0247, 0.0526, 0.0268, 0.0353, 0.0086,
        0.0549, 0.0354, 0.0156, 0.0232, 0.0213, 0.0075, 0.0142, 0.0119, 0.0179,
        0.0222, 0.0091, 0.0450, 0.0170, 0.0460, 0.0263, 0.0132, 0.0251, 0.0353,
        0.0297, 0.0072, 0.0211, 0.0202, 0.0219, 0.0182, 0.0326, 0.0211, 0.0177,
        0.0355, 0.0369, 0.0222, 0.0462, 0.0099, 0.0395, 0.0259, 0.0133, 0.0303,
        0.0191, 0.0151, 0.0293, 0.0267, 0.0313, 0.0163, 0.0218, 0.0517, 0.0228,
        0.0227, 0.0553, 0.0300, 0.0063, 0.0326, 0.0226, 0.0208, 0.0381, 0.0140,
        0.0328, 0.0178, 0.0275, 0.0287, 0.0575, 0.0635, 0.0260, 0.0133, 0.0093,
        0.0528, 0.0212, 0.0176, 0.0143, 0.0557, 0.0288, 0.0502, 0.0158, 0.0192,
        0.0199, 0.0410, 0.0315, 0.1228, 0.0242, 0.0317, 0.0252, 0.0249, 0.0629,
        0.0450, 0.0103, 0.0086, 0.0263, 0.0211, 0.0235, 0.0243, 0.0235, 0.0172,
        0.0286, 0.0271, 0.0243, 0.0154, 0.0157, 0.0103, 0.0242, 0.0142, 0.0150,
        0.0381, 0.0216, 0.0309, 0.0213, 0.0422, 0.0269, 0.0274, 0.0187, 0.0461,
        0.0107, 0.0149, 0.0223, 0.0411, 0.0332, 0.0167, 0.0218, 0.0229, 0.0696,
        0.0234, 0.0282, 0.0096, 0.0518, 0.0465, 0.0036, 0.0123, 0.0051, 0.0617,
        0.0384, 0.0177, 0.0199, 0.0119, 0.0309, 0.0149, 0.0221, 0.0202, 0.0295,
        0.0259, 0.0198, 0.0111, 0.0218, 0.0334, 0.0156, 0.0085, 0.0272, 0.0332,
        0.0231, 0.0078, 0.0200, 0.0275, 0.0345, 0.0195, 0.0457, 0.0316, 0.1076,
        0.0223, 0.0166, 0.0250, 0.0291, 0.0456, 0.0286, 0.0218, 0.0266, 0.0205,
        0.0179, 0.0232, 0.0234, 0.0230, 0.0345, 0.0071, 0.0171, 0.0160, 0.0637,
        0.0068, 0.0177, 0.0390, 0.0445, 0.0288, 0.0221, 0.0171, 0.0196, 0.0973,
        0.0211, 0.0182, 0.0106, 0.0512, 0.0228, 0.0139, 0.0464, 0.0173, 0.0289,
        0.0043, 0.0290, 0.0204, 0.0204, 0.0269, 0.0189, 0.0427, 0.0307, 0.0095,
        0.0133, 0.0102, 0.0281, 0.0329, 0.0054, 0.0091, 0.0118, 0.0350, 0.0303,
        0.0150, 0.0270, 0.0112, 0.0228, 0.0104, 0.0369, 0.0469, 0.0295, 0.0446,
        0.0201, 0.0328, 0.0246, 0.0133, 0.0157, 0.0170, 0.0101, 0.0140, 0.0090,
        0.0299, 0.0593, 0.0090, 0.0164, 0.0163, 0.0346, 0.0144, 0.0078, 0.0254,
        0.0209, 0.0235, 0.0152, 0.0364, 0.0269, 0.0555, 0.0284, 0.0277, 0.0214,
        0.0372, 0.0264, 0.0176, 0.0198, 0.0731, 0.0397, 0.0166, 0.0870, 0.0918,
        0.0067, 0.0171, 0.0085, 0.0275, 0.0155, 0.0122, 0.0080, 0.0297, 0.0550,
        0.0250, 0.0276, 0.0143, 0.0250, 0.0615, 0.0291, 0.0179, 0.0155, 0.0364,
        0.0218, 0.0309, 0.0190, 0.0150, 0.0154, 0.0202, 0.0110, 0.0286, 0.0684,
        0.0202, 0.0321, 0.0123, 0.0216, 0.0235, 0.0205, 0.0151, 0.0433, 0.1046,
        0.0303, 0.0378, 0.0147, 0.0177, 0.0093, 0.0259, 0.0096, 0.0453, 0.0212,
        0.0127, 0.0245, 0.0240, 0.0256, 0.0287, 0.0227, 0.0154, 0.0176, 0.0255,
        0.0325, 0.0070, 0.0353, 0.0328, 0.0178, 0.0093, 0.0226, 0.0458, 0.0185,
        0.0321, 0.0133, 0.0319, 0.0217, 0.0273, 0.0244, 0.0163, 0.0196, 0.0142,
        0.0183, 0.0234, 0.0249, 0.0157, 0.0189, 0.0216, 0.0140, 0.0269, 0.0261,
        0.0240, 0.0232, 0.0563, 0.0256, 0.0192, 0.0064, 0.0205, 0.0320, 0.0323,
        0.0234, 0.0253, 0.0068, 0.0107, 0.0116, 0.0471, 0.0153, 0.0173, 0.0189,
        0.0205, 0.0195, 0.0142, 0.0360, 0.0307, 0.0196, 0.0389, 0.0153, 0.0205,
        0.0148, 0.0264, 0.0292, 0.0346, 0.0198, 0.0368, 0.0129, 0.0678, 0.0078,
        0.0234, 0.0263, 0.0339, 0.0116, 0.0226, 0.0430, 0.0104, 0.0175, 0.0109,
        0.0290, 0.0156, 0.0187, 0.0231, 0.0188, 0.0356, 0.0157, 0.0331, 0.0199,
        0.0197, 0.0254, 0.0353, 0.0201, 0.0140, 0.0636, 0.0186, 0.0155],
       device='cuda:0')), ('layer4.0.downsample.1.num_batches_tracked', tensor(460, device='cuda:0')), ('layer4.1.conv1.weight', tensor([[[[-8.2214e-03, -6.3525e-03,  7.9109e-03],
          [ 6.2627e-03, -5.7362e-03,  1.4891e-02],
          [ 1.5018e-02,  1.6773e-02,  2.5593e-02]],

         [[-1.3203e-03,  1.0844e-02,  8.8855e-03],
          [-1.8248e-02, -1.7751e-02, -1.2242e-02],
          [-1.3830e-02, -7.9681e-03, -3.1849e-03]],

         [[-1.2285e-02, -1.6732e-02,  3.9072e-05],
          [-1.8015e-02, -3.0099e-02, -1.3264e-02],
          [-1.2915e-02, -2.6235e-02, -2.2951e-02]],

         ...,

         [[-7.4282e-03, -5.9780e-03, -1.5247e-02],
          [ 7.8552e-03,  6.0939e-03,  1.5633e-02],
          [-7.7848e-03, -8.4809e-03, -5.0173e-03]],

         [[ 7.0071e-03,  5.5349e-03, -1.3065e-02],
          [-7.2795e-03,  1.3043e-03, -1.8484e-02],
          [ 6.4452e-04,  9.7238e-03, -7.7715e-03]],

         [[ 2.0104e-02,  2.2862e-02,  2.4156e-02],
          [ 2.5687e-02,  2.9961e-02,  3.4655e-02],
          [ 1.0607e-02, -5.1080e-03,  3.9804e-03]]],


        [[[-8.5047e-03, -5.7950e-03, -2.1000e-02],
          [-1.2480e-02, -4.4485e-03, -1.7117e-02],
          [-1.9390e-02, -5.9819e-03, -1.3642e-02]],

         [[-2.8181e-02, -2.3471e-02, -3.1608e-02],
          [-3.9015e-02, -2.5619e-02, -2.6289e-02],
          [-2.6169e-02, -1.9161e-02, -2.3508e-02]],

         [[-5.4762e-03,  1.7919e-03, -4.3056e-03],
          [-3.0063e-03,  9.0399e-04, -1.4051e-03],
          [-7.0407e-03, -1.0393e-02, -9.5341e-03]],

         ...,

         [[ 1.8610e-02, -3.5753e-03,  9.8282e-03],
          [-6.2999e-03, -2.0001e-02, -1.2408e-02],
          [ 2.0163e-02,  6.8504e-03,  5.0322e-03]],

         [[-1.9711e-02, -2.3881e-04, -7.5098e-03],
          [-1.8185e-02, -7.8403e-03, -1.6782e-02],
          [-1.8017e-02, -2.4197e-02, -3.0754e-02]],

         [[-2.9508e-02, -1.1914e-02,  2.5376e-03],
          [-1.2690e-02, -2.0515e-03, -1.6233e-02],
          [-1.1568e-02, -1.4078e-02, -2.9729e-03]]],


        [[[-3.2052e-02, -3.6735e-03, -1.6222e-02],
          [-2.7285e-02, -3.9759e-03, -2.8159e-02],
          [-2.7459e-02,  1.3984e-03, -2.9710e-02]],

         [[-7.1685e-03, -1.4951e-02,  2.3322e-04],
          [-2.0088e-02, -2.6664e-02, -2.3485e-02],
          [-1.1600e-02, -1.8623e-02, -9.5248e-03]],

         [[ 2.3394e-03, -6.9571e-03, -4.7417e-03],
          [ 6.4290e-04, -1.1013e-02, -6.1506e-03],
          [ 4.0398e-03, -5.6342e-03,  5.7395e-03]],

         ...,

         [[-1.9539e-02, -3.7547e-02, -2.2856e-02],
          [-9.4189e-03, -3.1850e-02, -2.5404e-02],
          [-9.8263e-03, -2.1440e-02, -2.0869e-02]],

         [[ 7.3485e-03,  2.0878e-02,  1.6251e-02],
          [ 2.7898e-03,  8.2209e-03,  9.6764e-03],
          [ 8.0867e-03, -5.7186e-03, -4.6130e-03]],

         [[-6.8647e-03, -1.1109e-02, -1.7275e-02],
          [-9.7712e-03, -2.1664e-03, -7.7939e-03],
          [-2.0773e-02,  1.8321e-02,  1.5428e-02]]],


        ...,


        [[[-2.2877e-02, -2.7278e-02, -3.7148e-02],
          [-1.4096e-02, -1.3757e-03, -1.1355e-02],
          [-1.2017e-02, -1.2062e-02, -1.5660e-02]],

         [[-2.2583e-03, -9.1231e-03, -1.1506e-03],
          [-3.7956e-03, -4.0966e-03, -9.6367e-03],
          [ 3.0346e-04,  6.6505e-03, -1.9768e-03]],

         [[-5.1200e-03, -2.5547e-03,  8.0895e-03],
          [-1.9439e-03,  9.9388e-04,  7.4577e-03],
          [ 1.2192e-02,  3.1081e-02,  2.5794e-02]],

         ...,

         [[-1.4582e-03, -3.7350e-04,  4.1785e-03],
          [-1.6480e-02, -2.3547e-02, -1.9922e-02],
          [-2.6632e-02, -2.8391e-02, -2.9549e-02]],

         [[ 1.3235e-02,  2.5813e-03,  9.6834e-03],
          [-8.2685e-03, -3.1190e-02, -2.0473e-02],
          [-1.8165e-02, -4.8167e-02, -2.6194e-02]],

         [[-1.9437e-02, -7.6925e-03,  6.0757e-03],
          [-7.6250e-04,  1.0123e-02,  1.7128e-02],
          [-9.2599e-03, -1.6697e-02, -1.3525e-02]]],


        [[[ 8.9661e-03,  5.1166e-03, -4.3635e-03],
          [-2.9305e-03, -3.8527e-03, -1.0975e-02],
          [-2.2349e-02, -1.7964e-02, -1.1699e-02]],

         [[ 6.9921e-03, -2.4574e-03, -1.8166e-02],
          [ 6.8442e-03, -1.7015e-03, -1.4480e-02],
          [-4.1720e-03, -7.0690e-03, -1.3192e-02]],

         [[ 2.9117e-02,  1.1475e-02,  2.4246e-02],
          [ 1.3065e-02, -7.3193e-03,  5.5595e-03],
          [ 8.3996e-03, -1.6090e-02, -5.2346e-03]],

         ...,

         [[-9.4382e-03, -3.6103e-03, -6.2592e-03],
          [ 7.7351e-03,  2.2899e-03,  1.0340e-02],
          [ 1.3182e-02,  1.7732e-02,  2.2088e-02]],

         [[ 1.3310e-03,  2.5741e-03,  2.0248e-02],
          [-7.4827e-03, -4.2181e-03,  4.9076e-03],
          [-1.6173e-02, -1.1743e-02, -1.1869e-02]],

         [[-1.0639e-02, -7.6712e-03, -7.7946e-03],
          [ 6.0263e-03,  1.5299e-04,  7.1678e-03],
          [-1.3274e-02, -1.0571e-03,  1.0987e-02]]],


        [[[-3.5135e-03, -2.5290e-03,  1.2405e-02],
          [ 7.9544e-03, -2.3947e-04,  1.1878e-02],
          [ 6.5010e-03, -2.1039e-04,  1.5923e-03]],

         [[-1.4672e-02,  4.7709e-03, -1.7531e-02],
          [ 2.4730e-02,  2.2282e-02,  3.5697e-02],
          [-1.4472e-03, -4.7608e-03,  1.1551e-02]],

         [[-2.9466e-02, -1.3930e-02, -1.2452e-02],
          [-1.5126e-02, -1.8428e-02, -1.1187e-02],
          [-2.9137e-03,  1.0588e-02, -1.3806e-02]],

         ...,

         [[-8.1421e-03, -2.0605e-02, -2.2385e-02],
          [ 5.3570e-03,  5.5085e-05,  1.9589e-03],
          [-7.8788e-03,  7.8621e-03, -2.0729e-03]],

         [[ 8.5055e-03,  2.2067e-02,  3.1451e-02],
          [ 2.7287e-02,  2.4296e-02,  4.1973e-02],
          [-2.3023e-02, -2.8654e-03, -7.9921e-03]],

         [[-1.1699e-02, -8.0297e-03, -1.6932e-03],
          [-2.1959e-03, -6.1663e-03, -6.5316e-03],
          [-1.2166e-03, -5.5224e-03, -6.9804e-03]]]], device='cuda:0')), ('layer4.1.bn1.weight', tensor([0.2582, 0.3032, 0.2607, 0.3262, 0.2651, 0.2600, 0.2601, 0.2666, 0.2763,
        0.2384, 0.3052, 0.2863, 0.2827, 0.2904, 0.3122, 0.3474, 0.3158, 0.4112,
        0.2064, 0.2878, 0.2472, 0.2569, 0.2986, 0.2997, 0.4125, 0.2700, 0.3656,
        0.3266, 0.3887, 0.3356, 0.2771, 0.2687, 0.2402, 0.3339, 0.3363, 0.3140,
        0.3347, 0.2655, 0.2097, 0.2690, 0.2586, 0.3085, 0.2723, 0.2365, 0.2895,
        0.2904, 0.2935, 0.3083, 0.3030, 0.2625, 0.2659, 0.1900, 0.3092, 0.3558,
        0.2618, 0.2905, 0.3334, 0.2459, 0.3225, 0.2787, 0.3248, 0.2905, 0.2394,
        0.3141, 0.3457, 0.2807, 0.2103, 0.2990, 0.3032, 0.2747, 0.2777, 0.3829,
        0.3597, 0.3223, 0.2999, 0.2765, 0.3341, 0.2711, 0.3253, 0.3119, 0.2775,
        0.2708, 0.3884, 0.2933, 0.2862, 0.3456, 0.3433, 0.4643, 0.2600, 0.2524,
        0.2997, 0.3932, 0.2704, 0.2982, 0.3847, 0.2763, 0.3227, 0.3108, 0.3641,
        0.2184, 0.2625, 0.2312, 0.3157, 0.3101, 0.2961, 0.2350, 0.2433, 0.2952,
        0.3359, 0.2592, 0.3958, 0.2712, 0.2694, 0.2665, 0.2774, 0.2390, 0.3522,
        0.2172, 0.3302, 0.2634, 0.2537, 0.1732, 0.3149, 0.2700, 0.2046, 0.2892,
        0.2767, 0.3357, 0.2733, 0.3184, 0.2194, 0.3016, 0.2178, 0.3222, 0.2774,
        0.3896, 0.3154, 0.2659, 0.2991, 0.2590, 0.2521, 0.2793, 0.4440, 0.2842,
        0.3595, 0.3263, 0.2850, 0.3318, 0.2224, 0.2337, 0.1739, 0.2305, 0.3184,
        0.3315, 0.2244, 0.3006, 0.2870, 0.3302, 0.2365, 0.3655, 0.1924, 0.2926,
        0.3570, 0.2752, 0.2562, 0.2866, 0.2509, 0.3471, 0.3251, 0.2944, 0.2005,
        0.2562, 0.2231, 0.3055, 0.3074, 0.3316, 0.2930, 0.3399, 0.2319, 0.2608,
        0.3401, 0.2819, 0.3602, 0.3069, 0.3772, 0.2156, 0.2601, 0.2823, 0.2550,
        0.3612, 0.2826, 0.3947, 0.3171, 0.3049, 0.2716, 0.2645, 0.1077, 0.2213,
        0.2317, 0.2670, 0.1798, 0.2937, 0.2712, 0.2986, 0.3000, 0.3092, 0.3255,
        0.2924, 0.3929, 0.2824, 0.3003, 0.2835, 0.3037, 0.3072, 0.3546, 0.3085,
        0.2611, 0.1949, 0.2919, 0.2533, 0.2877, 0.3140, 0.2521, 0.2606, 0.2828,
        0.3938, 0.2946, 0.2754, 0.3799, 0.3006, 0.2560, 0.2998, 0.2804, 0.2950,
        0.2978, 0.3858, 0.3245, 0.2602, 0.2521, 0.2810, 0.2629, 0.1483, 0.2191,
        0.3903, 0.3396, 0.2700, 0.2836, 0.2874, 0.3149, 0.1960, 0.3683, 0.3110,
        0.3183, 0.2816, 0.2300, 0.2817, 0.2847, 0.2861, 0.2697, 0.1555, 0.2472,
        0.2904, 0.3180, 0.3452, 0.3261, 0.3436, 0.3328, 0.3233, 0.3402, 0.2254,
        0.2088, 0.1768, 0.3048, 0.3044, 0.2780, 0.3067, 0.2899, 0.3503, 0.2844,
        0.2663, 0.3937, 0.2705, 0.3879, 0.3154, 0.3252, 0.2840, 0.1869, 0.2545,
        0.3401, 0.2460, 0.2761, 0.2057, 0.3003, 0.3141, 0.3263, 0.2885, 0.2604,
        0.2632, 0.3053, 0.2529, 0.2043, 0.3671, 0.2917, 0.1908, 0.3293, 0.2321,
        0.3205, 0.2971, 0.3393, 0.3444, 0.3744, 0.2918, 0.2791, 0.2795, 0.2201,
        0.2888, 0.2655, 0.3184, 0.1919, 0.3153, 0.3096, 0.2710, 0.2512, 0.2480,
        0.3156, 0.3587, 0.1567, 0.2569, 0.2904, 0.3420, 0.2896, 0.3104, 0.2177,
        0.2445, 0.2644, 0.4023, 0.2977, 0.3014, 0.3738, 0.2266, 0.2690, 0.2897,
        0.3749, 0.3222, 0.2544, 0.3449, 0.2302, 0.3075, 0.2332, 0.3280, 0.2916,
        0.2758, 0.2827, 0.2412, 0.3579, 0.2610, 0.2764, 0.2364, 0.2133, 0.2709,
        0.2975, 0.2769, 0.2587, 0.2633, 0.3568, 0.1931, 0.3226, 0.2869, 0.2571,
        0.3073, 0.2104, 0.3099, 0.2781, 0.3040, 0.3002, 0.1938, 0.2838, 0.2539,
        0.2962, 0.2627, 0.2621, 0.3112, 0.2932, 0.3768, 0.1948, 0.2962, 0.3367,
        0.2732, 0.3613, 0.2881, 0.2656, 0.3143, 0.3211, 0.2991, 0.3240, 0.3082,
        0.1990, 0.2701, 0.3756, 0.2716, 0.1434, 0.2861, 0.2836, 0.2380, 0.2873,
        0.3463, 0.3435, 0.2410, 0.3345, 0.1661, 0.2901, 0.3082, 0.3083, 0.1848,
        0.2526, 0.3123, 0.1724, 0.2964, 0.3236, 0.2767, 0.2620, 0.2933, 0.2793,
        0.3106, 0.3102, 0.2686, 0.2373, 0.2885, 0.2778, 0.2688, 0.3474, 0.3923,
        0.3027, 0.3141, 0.2608, 0.1484, 0.2757, 0.2952, 0.1919, 0.2615, 0.2959,
        0.2588, 0.3202, 0.2786, 0.2823, 0.3119, 0.2484, 0.2423, 0.3684, 0.2633,
        0.2283, 0.2876, 0.3433, 0.3077, 0.3171, 0.1663, 0.3146, 0.2598, 0.3007,
        0.2968, 0.3680, 0.1487, 0.3180, 0.2211, 0.2896, 0.2603, 0.2544, 0.2914,
        0.3179, 0.2210, 0.2719, 0.3022, 0.2850, 0.2343, 0.2514, 0.3491, 0.3348,
        0.2632, 0.2929, 0.3073, 0.2307, 0.3412, 0.2734, 0.2878, 0.3157, 0.2607,
        0.3112, 0.3674, 0.3379, 0.3256, 0.2423, 0.2754, 0.2963, 0.2489, 0.2302,
        0.3414, 0.2908, 0.3478, 0.3736, 0.1906, 0.2668, 0.2837, 0.2598, 0.3750,
        0.2799, 0.2905, 0.2735, 0.3630, 0.2791, 0.2736, 0.2478, 0.2492],
       device='cuda:0')), ('layer4.1.bn1.bias', tensor([-0.1670, -0.3055, -0.2172, -0.2887, -0.1977, -0.2374, -0.1857, -0.1862,
        -0.2474, -0.1653, -0.2435, -0.2498, -0.1886, -0.2633, -0.3223, -0.3776,
        -0.2946, -0.4965, -0.0311, -0.2741, -0.2022, -0.2260, -0.2917, -0.2610,
        -0.5165, -0.2002, -0.5014, -0.2727, -0.4533, -0.3952, -0.2263, -0.1792,
        -0.1307, -0.2660, -0.3277, -0.3266, -0.3335, -0.1908, -0.0695, -0.2216,
        -0.2143, -0.2544, -0.1645, -0.1514, -0.2078, -0.2168, -0.2500, -0.2759,
        -0.3091, -0.1957, -0.2000, -0.0258, -0.2495, -0.4185, -0.1672, -0.1937,
        -0.3308, -0.1529, -0.3027, -0.2287, -0.3194, -0.2783, -0.1646, -0.3347,
        -0.4062, -0.2088, -0.0654, -0.2663, -0.2847, -0.2177, -0.2172, -0.4432,
        -0.3368, -0.3232, -0.2916, -0.1973, -0.3380, -0.2087, -0.2829, -0.2890,
        -0.1730, -0.2182, -0.4038, -0.2493, -0.2097, -0.3849, -0.3750, -0.5911,
        -0.1663, -0.1775, -0.2225, -0.5097, -0.2524, -0.2123, -0.4291, -0.1969,
        -0.3078, -0.2618, -0.4096, -0.0607, -0.2021, -0.1347, -0.3329, -0.2623,
        -0.2292, -0.0932, -0.1547, -0.2911, -0.3277, -0.1650, -0.5155, -0.2039,
        -0.1741, -0.1849, -0.2271, -0.1975, -0.3416, -0.0942, -0.3147, -0.1929,
        -0.1948, -0.0349, -0.3297, -0.1760, -0.0845, -0.2425, -0.2065, -0.3842,
        -0.2211, -0.2908, -0.0524, -0.3077, -0.0677, -0.2584, -0.2153, -0.5085,
        -0.2920, -0.2165, -0.3126, -0.2136, -0.1978, -0.2523, -0.5478, -0.2348,
        -0.3352, -0.3474, -0.2172, -0.3573, -0.0776, -0.1478, -0.0336, -0.1408,
        -0.3127, -0.3063, -0.1136, -0.2688, -0.2685, -0.3098, -0.1545, -0.3846,
        -0.0679, -0.2399, -0.4260, -0.2548, -0.1605, -0.2343, -0.1527, -0.3517,
        -0.3453, -0.2078, -0.0939, -0.2032, -0.1227, -0.2554, -0.2769, -0.3170,
        -0.2538, -0.3943, -0.1004, -0.1257, -0.3688, -0.2347, -0.3617, -0.2842,
        -0.4332, -0.0868, -0.1627, -0.2409, -0.1858, -0.4382, -0.2375, -0.4487,
        -0.3250, -0.2801, -0.1889, -0.2132,  0.0496, -0.1032, -0.1112, -0.1999,
        -0.0509, -0.2108, -0.1626, -0.2399, -0.2846, -0.2887, -0.3400, -0.2574,
        -0.4448, -0.2422, -0.2502, -0.2235, -0.2766, -0.2972, -0.4131, -0.2565,
        -0.1864, -0.0258, -0.2666, -0.1894, -0.3042, -0.3397, -0.1802, -0.1861,
        -0.2114, -0.4779, -0.2035, -0.1906, -0.4509, -0.2525, -0.1688, -0.2782,
        -0.2306, -0.2452, -0.2971, -0.4154, -0.2836, -0.1560, -0.2211, -0.2132,
        -0.1685,  0.0348, -0.0920, -0.4501, -0.3537, -0.2230, -0.2519, -0.2543,
        -0.2727, -0.0619, -0.3503, -0.2921, -0.2369, -0.2318, -0.1258, -0.2564,
        -0.2281, -0.1971, -0.1379, -0.0165, -0.1193, -0.2512, -0.3082, -0.3220,
        -0.3485, -0.3548, -0.3475, -0.3314, -0.3674, -0.1114, -0.1002, -0.0286,
        -0.2779, -0.2779, -0.2009, -0.2802, -0.2018, -0.3974, -0.2292, -0.2482,
        -0.4230, -0.2096, -0.4684, -0.3102, -0.3534, -0.2300, -0.0641, -0.1332,
        -0.2986, -0.1885, -0.2322, -0.0723, -0.3125, -0.2899, -0.3148, -0.2699,
        -0.2085, -0.2101, -0.2988, -0.1816, -0.0278, -0.3856, -0.2675, -0.0251,
        -0.2961, -0.0988, -0.2988, -0.3224, -0.2923, -0.3196, -0.4299, -0.1962,
        -0.2169, -0.2311, -0.0994, -0.2368, -0.2172, -0.2891, -0.0383, -0.3373,
        -0.2619, -0.2191, -0.1555, -0.1813, -0.2729, -0.4094,  0.0460, -0.1533,
        -0.2550, -0.3123, -0.2464, -0.2977, -0.0938, -0.1492, -0.2129, -0.5503,
        -0.2919, -0.2800, -0.5110, -0.1288, -0.1847, -0.2403, -0.4374, -0.3016,
        -0.1647, -0.3451, -0.1088, -0.2825, -0.1264, -0.3034, -0.2427, -0.2332,
        -0.2462, -0.1884, -0.3295, -0.1687, -0.2536, -0.1325, -0.0501, -0.1967,
        -0.2800, -0.1678, -0.1879, -0.1857, -0.3281, -0.0423, -0.2973, -0.2605,
        -0.1889, -0.3314, -0.1412, -0.2829, -0.2183, -0.2417, -0.2867, -0.0577,
        -0.2515, -0.1041, -0.2679, -0.1639, -0.1770, -0.2689, -0.2795, -0.4241,
        -0.0390, -0.2370, -0.3493, -0.2423, -0.4357, -0.2577, -0.1748, -0.2802,
        -0.3340, -0.2806, -0.2872, -0.2624, -0.0570, -0.1805, -0.4149, -0.2123,
         0.0575, -0.2365, -0.2243, -0.0913, -0.2646, -0.3876, -0.3304, -0.1372,
        -0.3438, -0.0022, -0.1960, -0.2818, -0.2847, -0.1008, -0.1868, -0.2933,
        -0.0169, -0.3068, -0.3005, -0.1660, -0.1875, -0.2669, -0.2032, -0.3069,
        -0.2931, -0.2170, -0.1903, -0.2601, -0.2301, -0.2059, -0.3470, -0.4310,
        -0.2599, -0.3092, -0.1805, -0.0165, -0.2148, -0.2563, -0.0556, -0.2227,
        -0.2598, -0.2130, -0.2896, -0.2564, -0.2300, -0.3447, -0.1710, -0.1548,
        -0.4146, -0.2098, -0.1129, -0.2403, -0.3113, -0.2613, -0.2600, -0.0186,
        -0.3116, -0.2197, -0.2784, -0.2430, -0.3897,  0.0023, -0.3002, -0.0926,
        -0.2163, -0.1649, -0.1831, -0.2326, -0.2544, -0.1009, -0.2348, -0.2933,
        -0.2462, -0.0965, -0.1914, -0.3786, -0.3383, -0.1635, -0.2756, -0.2990,
        -0.1391, -0.2975, -0.2152, -0.2645, -0.3136, -0.1413, -0.2888, -0.3901,
        -0.2920, -0.3202, -0.2054, -0.2643, -0.2364, -0.1517, -0.1082, -0.3607,
        -0.2321, -0.3098, -0.4183, -0.0287, -0.2207, -0.2437, -0.1598, -0.4814,
        -0.1737, -0.2815, -0.2302, -0.4336, -0.2398, -0.1880, -0.1524, -0.1509],
       device='cuda:0')), ('layer4.1.bn1.running_mean', tensor([-0.5474, -0.7392, -0.2922, -0.4302, -0.6802, -0.5438, -0.5550, -0.5088,
        -0.3544, -0.5259, -0.3930, -0.4768, -0.4695, -0.5425, -0.4124, -0.5231,
        -0.4174, -0.5878, -0.5614, -0.4279, -0.4768, -0.3768, -0.4112, -0.5107,
        -0.8077, -0.8121, -0.4356, -0.4323, -0.4258, -0.5408, -0.3768, -0.6632,
        -0.5684, -0.6642, -0.5755, -0.5958, -0.5141, -0.5994, -0.5060, -0.4953,
        -0.3764, -0.5198, -0.4301, -0.4797, -0.6526, -0.4911, -0.5071, -0.4244,
        -0.5351, -0.2742, -0.6589, -0.6176, -0.6957, -0.6843, -0.5620, -0.5977,
        -0.3374, -0.4761, -0.5181, -0.5846, -0.5016, -0.3801, -0.4860, -0.3857,
        -0.2947, -0.4879, -0.5238, -0.4189, -0.7377, -0.4250, -0.5022, -0.4963,
        -0.5235, -0.6853, -0.6437, -0.5055, -0.5733, -0.5287, -0.5553, -0.4575,
        -0.5401, -0.5805, -0.6492, -0.5807, -0.5777, -0.5343, -0.4958, -0.8940,
        -0.6374, -0.6367, -0.5944, -0.4087, -0.5669, -0.4354, -0.6322, -0.4775,
        -0.4229, -0.5041, -0.5698, -0.5195, -0.6636, -0.5602, -0.4645, -0.5986,
        -0.4432, -0.6234, -0.5243, -0.5547, -0.4343, -0.7566, -0.6563, -0.5633,
        -0.4721, -0.5662, -0.6044,  0.8955, -0.5386, -0.4350, -0.5398, -0.5629,
        -0.4078, -0.7456, -0.5370, -0.4899, -0.5616, -0.5001, -0.4903, -0.3904,
        -0.5344, -0.5506, -0.6200, -0.4482, -0.5638, -0.5215, -0.4795, -0.4484,
        -0.4282, -0.5130, -0.4032, -0.4714, -0.4306, -0.3433, -0.6574, -0.4212,
        -0.6291, -0.4775, -0.3717, -0.5836, -0.6607, -0.4898, -0.7961, -0.3808,
        -0.4993, -0.6292, -0.3561, -0.4839, -0.3737, -0.5062, -0.5050, -0.7350,
        -0.5662, -0.5341, -0.5996, -0.5551, -0.6347, -0.5020, -0.5561, -0.6326,
        -0.3581, -0.4857, -0.3268, -0.4459, -0.2963, -0.5908, -0.5238, -0.5050,
        -0.4824, -0.4326, -0.5763, -0.4717, -0.5129, -0.6124, -0.4280, -0.4948,
        -0.5810, -0.5675, -0.6212, -0.6918, -0.5944, -0.4557, -0.4148, -0.5126,
        -0.4982, -0.7504, -0.5470, -0.4327,  0.4750, -0.4007, -0.4577, -0.5735,
        -0.4470, -0.4740, -0.5467, -0.5782, -0.5419, -0.5385, -0.5165, -0.6235,
        -0.4912, -0.3638, -0.5221, -0.6074, -0.5220, -0.5124, -0.5444, -0.4813,
        -0.3444, -0.4699, -0.5162, -0.4626, -0.3778, -0.5580, -0.3504, -0.5688,
        -0.5999, -0.7042, -0.5492, -0.5514, -0.4581, -0.4945, -0.4636, -0.7699,
        -0.4675, -0.7310, -0.4953, -0.6925, -0.6339, -0.3621, -0.5017, -0.5339,
        -0.4249, -0.4391, -0.4879, -0.7487, -0.4599, -0.5538, -0.3983, -0.4200,
        -0.5915, -0.7212, -0.4536, -0.3815, -0.5075, -0.5064, -0.5315, -0.3558,
        -0.4647, -0.4035, -0.4991, -0.6017, -0.5930, -0.3573, -0.3965, -0.5705,
        -0.6226, -0.6510, -0.4539, -0.5210, -0.3706, -0.4522, -0.3203, -0.6142,
        -0.5703, -0.4947, -0.6329, -0.5141, -0.4619, -0.6734, -0.5937, -0.5137,
        -0.5950, -0.3279, -0.6258, -0.4259, -0.5877, -0.3952, -0.4547, -0.5131,
        -0.7268, -0.5140, -0.5747, -0.5425, -0.4413, -0.4564, -0.5560, -0.4680,
        -0.6229, -0.5364, -0.6358, -0.5114, -1.1598, -0.5599, -0.5222, -0.6894,
        -0.4696, -0.5239, -0.6355, -0.6476, -0.5851, -0.6941, -0.5321, -0.4251,
        -0.5443, -0.6750, -0.5835, -0.4587, -0.4679, -0.6081, -0.6267, -0.3881,
        -0.4827, -0.3857, -0.3004, -0.7448, -0.7033, -0.5079, -0.4849, -0.5499,
        -0.3938, -0.4831, -0.3919, -0.6641, -0.4506, -0.6605, -0.6660, -0.7117,
        -0.3402, -0.4797, -0.5313, -0.4719, -0.4953, -0.4001, -0.5996, -0.5940,
        -0.4080, -0.5427, -0.4485, -0.5229, -0.3981, -0.4900, -0.5029, -0.4316,
        -0.5562, -0.5818, -0.6001, -0.6993, -0.4527, -0.2779, -0.4436, -0.5949,
        -0.5352, -0.5910, -0.5464, -0.5110, -0.4830, -0.8214, -0.5204, -0.4524,
        -0.3807, -0.5534, -0.5248, -0.7772, -0.5011, -0.6769, -0.6154, -0.4231,
        -0.3553, -0.6050, -0.5820, -0.4228, -0.6065, -0.5107, -0.4956, -0.6040,
        -0.4535, -0.5881, -0.4818, -0.3732, -0.4609, -0.4295, -0.6059, -0.3733,
        -0.4758, -0.6106, -0.3833, -0.4799, -0.4313, -0.4303, -0.4630, -0.4938,
         0.0334, -0.3850, -0.5341, -0.6177, -0.3759, -0.6615, -0.6317, -0.3401,
        -0.4354, -0.4799, -0.6488, -0.5131, -0.6094, -0.2185, -0.5163, -0.4049,
        -0.4865, -0.6044, -0.3734, -0.5089, -0.4613, -0.4549, -0.4980, -0.3043,
        -0.4386, -0.4585, -0.3615, -0.5417, -0.4808, -0.4085, -0.5862, -0.7505,
        -0.7135, -0.5216, -0.5012, -0.4433, -0.5312, -0.5578, -0.4489, -0.5340,
        -0.3815, -0.4132, -0.4944, -0.5083, -0.7376, -0.4746, -0.5613, -0.4321,
        -0.6588, -0.5354, -0.3497, -0.4700, -0.7561, -0.5946, -0.4768, -1.0330,
        -0.4456, -0.6053, -0.4385, -0.4985, -0.5390, -0.4414, -0.4643, -0.5777,
        -0.6562, -0.5286, -0.5013, -0.6154, -0.6579, -0.6337, -0.5231, -0.5985,
        -0.4774, -0.7154, -0.4918, -0.7303, -0.6826, -0.6538, -0.4632, -0.4816,
        -0.3202, -0.6539, -0.4969, -0.5791, -0.5720, -0.7433, -0.4831, -0.7029,
        -0.5170, -0.2953, -0.4941, -0.3499, -0.6085, -0.6299, -0.4073, -0.5941,
        -0.5447, -0.8358, -0.7312, -0.5798, -0.4572, -0.5422, -0.3116, -0.6514,
        -0.6732, -0.5894, -0.5330, -0.6036, -0.5161, -0.5722, -0.6781, -0.7052],
       device='cuda:0')), ('layer4.1.bn1.running_var', tensor([0.1777, 0.1417, 0.1209, 0.1420, 0.1519, 0.1246, 0.1347, 0.1337, 0.0813,
        0.1315, 0.1003, 0.1235, 0.1480, 0.1351, 0.1337, 0.1623, 0.1161, 0.2014,
        0.1822, 0.1397, 0.0978, 0.1192, 0.1136, 0.1284, 0.1564, 0.3289, 0.0815,
        0.1347, 0.1154, 0.1236, 0.1231, 0.2301, 0.1271, 0.1646, 0.1883, 0.1026,
        0.1331, 0.1571, 0.1613, 0.1887, 0.1359, 0.1791, 0.1163, 0.1205, 0.2440,
        0.1391, 0.1415, 0.0976, 0.1074, 0.1358, 0.1313, 0.2608, 0.2038, 0.1652,
        0.1388, 0.1762, 0.1098, 0.1818, 0.1451, 0.1310, 0.1690, 0.1143, 0.1545,
        0.0932, 0.0885, 0.1862, 0.1335, 0.0884, 0.1491, 0.1076, 0.1356, 0.1529,
        0.1500, 0.2141, 0.1426, 0.1088, 0.1484, 0.1065, 0.1682, 0.1367, 0.1618,
        0.1406, 0.2018, 0.1777, 0.1465, 0.1016, 0.1190, 0.2533, 0.1288, 0.1230,
        0.2038, 0.1078, 0.1017, 0.1402, 0.1621, 0.1342, 0.1290, 0.2144, 0.1411,
        0.1571, 0.1385, 0.1158, 0.1280, 0.1276, 0.1785, 0.1328, 0.2180, 0.1652,
        0.1490, 0.2879, 0.1125, 0.1080, 0.1559, 0.1984, 0.1611, 0.1738, 0.1243,
        0.1290, 0.1270, 0.1621, 0.1235, 0.1548, 0.1385, 0.1340, 0.1438, 0.1318,
        0.1165, 0.1177, 0.1429, 0.1379, 0.1900, 0.1087, 0.1559, 0.1239, 0.1077,
        0.1347, 0.1506, 0.1409, 0.1169, 0.1356, 0.1235, 0.1005, 0.1531, 0.1515,
        0.1251, 0.1184, 0.1320, 0.1074, 0.2205, 0.1657, 0.2230, 0.1133, 0.1256,
        0.1094, 0.1285, 0.1303, 0.1282, 0.1796, 0.0926, 0.1666, 0.1262, 0.1604,
        0.1162, 0.1309, 0.1549, 0.1720, 0.1355, 0.1399, 0.1259, 0.1523, 0.1280,
        0.1394, 0.1298, 0.1559, 0.1714, 0.1721, 0.1315, 0.1131, 0.1786, 0.1442,
        0.1057, 0.1621, 0.1217, 0.1033, 0.1500, 0.1839, 0.1887, 0.1450, 0.2281,
        0.1114, 0.1251, 0.1331, 0.1282, 0.2159, 0.2792, 0.1416, 0.1481, 0.1185,
        0.1365, 0.1832, 0.1517, 0.1311, 0.4859, 0.1229, 0.1030, 0.1619, 0.1201,
        0.1365, 0.1667, 0.1503, 0.1337, 0.1752, 0.1669, 0.1264, 0.1700, 0.1496,
        0.1146, 0.1763, 0.1197, 0.1007, 0.0885, 0.1275, 0.1088, 0.2192, 0.1819,
        0.1503, 0.2500, 0.1371, 0.1028, 0.1290, 0.1766, 0.1725, 0.1432, 0.2132,
        0.1497, 0.1590, 0.1321, 0.1041, 0.1276, 0.1973, 0.1422, 0.1613, 0.1145,
        0.1684, 0.0958, 0.1597, 0.1237, 0.1251, 0.1873, 0.2627, 0.1451, 0.1358,
        0.1919, 0.1081, 0.1308, 0.1643, 0.1167, 0.1554, 0.1293, 0.1852, 0.1329,
        0.1151, 0.1518, 0.1585, 0.1427, 0.2245, 0.1677, 0.1318, 0.1458, 0.1939,
        0.0858, 0.2926, 0.1313, 0.1609, 0.2134, 0.1408, 0.1600, 0.1772, 0.1486,
        0.1159, 0.1752, 0.0910, 0.1082, 0.1220, 0.1329, 0.1371, 0.1454, 0.2363,
        0.1686, 0.1058, 0.1133, 0.1353, 0.1285, 0.1203, 0.1414, 0.1244, 0.1194,
        0.1394, 0.1568, 0.1312, 0.3928, 0.1810, 0.1218, 0.2258, 0.1214, 0.2178,
        0.1680, 0.1252, 0.1453, 0.1516, 0.1806, 0.1176, 0.1598, 0.1373, 0.1924,
        0.1122, 0.1750, 0.1534, 0.1727, 0.1372, 0.1641, 0.1332, 0.1187, 0.2166,
        0.1585, 0.1116, 0.1849, 0.1251, 0.1424, 0.1291, 0.1758, 0.1753, 0.1840,
        0.2239, 0.1361, 0.1346, 0.1029, 0.1030, 0.1012, 0.1164, 0.1185, 0.1089,
        0.1120, 0.1382, 0.1848, 0.1551, 0.1694, 0.1896, 0.1078, 0.1124, 0.1758,
        0.1274, 0.1345, 0.1344, 0.1657, 0.2215, 0.1394, 0.1231, 0.1186, 0.1101,
        0.1686, 0.2750, 0.1311, 0.1631, 0.2111, 0.3231, 0.1260, 0.1295, 0.1690,
        0.1393, 0.1094, 0.2009, 0.1298, 0.1861, 0.1683, 0.2318, 0.1103, 0.1550,
        0.1548, 0.1298, 0.1334, 0.1162, 0.1411, 0.1531, 0.1376, 0.1388, 0.1340,
        0.1336, 0.1264, 0.1116, 0.1212, 0.1098, 0.1026, 0.0976, 0.1477, 0.1317,
        0.1745, 0.1337, 0.1740, 0.1263, 0.1287, 0.1147, 0.1620, 0.2166, 0.1328,
        0.1488, 0.1504, 0.2228, 0.1272, 0.2134, 0.2373, 0.1708, 0.1490, 0.0999,
        0.1944, 0.1430, 0.1556, 0.1333, 0.1332, 0.2878, 0.1714, 0.0984, 0.1306,
        0.1144, 0.1325, 0.1125, 0.1277, 0.0992, 0.1649, 0.1468, 0.1680, 0.1810,
        0.1347, 0.1271, 0.1117, 0.2470, 0.1323, 0.1123, 0.1168, 0.1200, 0.1206,
        0.1445, 0.1434, 0.1351, 0.1552, 0.0809, 0.1663, 0.1631, 0.1707, 0.1201,
        0.1249, 0.1412, 0.2436, 0.1517, 0.1005, 0.2919, 0.0951, 0.1341, 0.1409,
        0.1286, 0.2530, 0.1610, 0.1445, 0.1530, 0.1489, 0.1449, 0.1338, 0.2226,
        0.2519, 0.1974, 0.1609, 0.1338, 0.1104, 0.2713, 0.1217, 0.1716, 0.1477,
        0.1677, 0.1059, 0.1003, 0.1007, 0.1984, 0.1136, 0.1548, 0.1633, 0.3276,
        0.1340, 0.2403, 0.1163, 0.1726, 0.1102, 0.0913, 0.1326, 0.1321, 0.1955,
        0.1451, 0.1628, 0.3266, 0.1734, 0.1989, 0.0913, 0.1370, 0.1199, 0.1270,
        0.2030, 0.1422, 0.1820, 0.1393, 0.1352, 0.1340, 0.1772, 0.1842],
       device='cuda:0')), ('layer4.1.bn1.num_batches_tracked', tensor(460, device='cuda:0')), ('layer4.1.conv2.weight', tensor([[[[ 2.7914e-03,  5.7034e-03, -2.2399e-04],
          [ 1.9382e-03,  3.5041e-03, -4.1075e-03],
          [ 5.2467e-03,  9.1261e-03,  1.5799e-03]],

         [[-1.1443e-02, -1.2873e-02, -1.0258e-02],
          [-4.2392e-03, -4.0260e-03, -3.2345e-03],
          [-7.4020e-03, -8.1707e-03, -9.0645e-03]],

         [[-1.0221e-02, -1.1538e-02, -9.9797e-03],
          [-1.0518e-02, -1.0887e-02, -8.5676e-03],
          [-1.1422e-02, -9.1061e-03, -6.7182e-03]],

         ...,

         [[-1.0080e-02, -1.2076e-02, -1.4820e-02],
          [-8.5340e-03, -9.2439e-03, -1.3341e-02],
          [-9.6206e-03, -1.0233e-02, -1.2862e-02]],

         [[ 5.4429e-03,  5.8676e-03,  1.7878e-03],
          [ 5.6201e-03,  5.3317e-03,  5.6235e-03],
          [ 1.1618e-02,  9.9431e-03,  7.4068e-03]],

         [[-8.4049e-03, -1.0703e-02, -1.1771e-02],
          [-5.7157e-03, -8.2603e-03, -7.7859e-03],
          [-3.3297e-03, -5.0921e-03, -6.5858e-03]]],


        [[[ 3.7487e-03,  1.3781e-03,  1.0283e-03],
          [-3.5447e-03, -5.3520e-03, -4.7406e-03],
          [-5.2922e-03, -5.3185e-03, -6.9631e-03]],

         [[-1.3114e-02, -1.1635e-02, -1.3885e-02],
          [-7.0805e-03, -5.0594e-03, -1.0460e-02],
          [-5.1874e-03, -6.3555e-03, -9.1284e-03]],

         [[ 1.3499e-03,  9.2693e-04, -1.4959e-03],
          [-2.6426e-04,  1.4723e-03, -1.1695e-03],
          [ 5.4434e-03,  3.1701e-03,  5.5283e-03]],

         ...,

         [[ 2.2653e-02,  1.5278e-02,  1.8353e-02],
          [ 2.1731e-02,  1.2071e-02,  1.8960e-02],
          [ 1.7965e-02,  1.4064e-02,  1.6150e-02]],

         [[ 1.1978e-02,  1.2560e-02,  1.5455e-02],
          [ 5.7704e-03,  5.2167e-03,  9.8036e-03],
          [ 7.3572e-03,  3.8585e-03,  9.0971e-03]],

         [[ 2.9308e-02,  2.6676e-02,  3.0947e-02],
          [ 3.6988e-02,  3.1992e-02,  3.8186e-02],
          [ 2.5588e-02,  2.6773e-02,  2.5503e-02]]],


        [[[-3.7223e-03,  2.2212e-03, -5.2995e-04],
          [ 2.6509e-03,  8.7492e-03,  5.9728e-03],
          [ 2.7989e-03,  8.4934e-03,  6.5130e-03]],

         [[ 1.8491e-03,  2.8829e-03,  3.1834e-03],
          [ 7.4007e-03,  1.0450e-02,  9.2725e-03],
          [ 2.5765e-03,  4.9046e-03,  6.1431e-03]],

         [[-3.4876e-02, -3.0662e-02, -3.6491e-02],
          [-3.8549e-02, -3.1394e-02, -3.4119e-02],
          [-3.8528e-02, -3.3996e-02, -3.2888e-02]],

         ...,

         [[-4.6976e-03,  4.3320e-04, -4.0738e-03],
          [-5.7657e-03,  1.4668e-03,  3.8949e-04],
          [-5.1280e-03,  2.5260e-03, -9.3359e-04]],

         [[ 1.2746e-02,  9.2561e-03,  1.5190e-02],
          [ 6.1908e-03,  3.5019e-03,  7.6010e-03],
          [ 8.5139e-04,  1.3604e-03,  9.1661e-04]],

         [[-1.0716e-02, -1.2403e-02, -9.5135e-03],
          [-1.4171e-02, -1.6204e-02, -1.3509e-02],
          [-8.0616e-03, -8.4360e-03, -5.8555e-03]]],


        ...,


        [[[ 4.8829e-03,  4.0398e-03,  3.7142e-03],
          [-5.5040e-03, -1.0616e-03, -3.4567e-03],
          [-6.9069e-03, -1.9936e-03, -1.2279e-03]],

         [[ 1.7497e-03, -4.2930e-04, -1.8988e-03],
          [ 9.8695e-03,  1.0855e-02,  7.9174e-03],
          [ 1.7126e-02,  1.5989e-02,  1.5211e-02]],

         [[-2.7604e-03, -9.6162e-03, -1.0169e-02],
          [-7.5294e-03, -7.2358e-03, -1.0776e-02],
          [-1.0750e-02, -9.0109e-03, -8.9676e-03]],

         ...,

         [[-1.4185e-02, -1.1631e-02, -1.0995e-02],
          [-9.4413e-03, -8.2123e-03, -5.9866e-03],
          [-1.2032e-02, -1.2405e-02, -8.8170e-03]],

         [[ 5.8529e-03,  8.5372e-03, -1.7325e-04],
          [ 6.9202e-03,  9.5928e-03,  6.8542e-04],
          [-2.1374e-03,  2.0571e-03, -4.0140e-03]],

         [[-3.3062e-03, -1.1597e-02, -8.9410e-03],
          [ 2.1601e-03, -3.6656e-03, -6.6749e-03],
          [-2.5659e-03, -2.6394e-03, -7.1334e-03]]],


        [[[-1.7938e-02, -1.7755e-02, -2.2029e-02],
          [-1.6920e-02, -1.3343e-02, -2.1653e-02],
          [-1.2414e-02, -1.1767e-02, -1.8760e-02]],

         [[ 2.2711e-02,  2.4177e-02,  2.6644e-02],
          [ 2.0135e-02,  1.4915e-02,  2.5522e-02],
          [ 2.3083e-02,  1.8719e-02,  2.6309e-02]],

         [[-4.5254e-03, -1.9450e-03,  4.4883e-05],
          [-8.4459e-03, -6.4724e-03, -5.7344e-03],
          [-4.4197e-03, -2.9095e-03, -2.5280e-03]],

         ...,

         [[ 2.4952e-02,  1.4545e-02,  1.7468e-02],
          [ 2.0468e-02,  1.2979e-02,  1.5037e-02],
          [ 2.4696e-02,  2.5567e-02,  2.3735e-02]],

         [[-3.9038e-03,  1.5900e-03, -4.1229e-04],
          [ 2.7031e-03,  5.1639e-03,  1.3332e-03],
          [-6.3688e-03, -5.1558e-03, -6.9609e-03]],

         [[ 1.1682e-02,  2.5882e-02,  1.4582e-02],
          [ 7.2903e-03,  1.7192e-02,  6.9149e-03],
          [-8.8477e-03,  3.4089e-03, -7.3637e-03]]],


        [[[ 1.2372e-02,  9.9064e-03,  7.5735e-03],
          [ 4.6939e-03,  3.6918e-03,  1.0096e-03],
          [-2.3579e-03,  2.3349e-03, -3.7365e-03]],

         [[-8.0434e-03, -9.3666e-04, -8.2963e-03],
          [-1.0685e-02, -5.2865e-03, -1.0803e-02],
          [-8.6893e-03, -6.5009e-03, -1.1648e-02]],

         [[ 2.6838e-02,  2.2114e-02,  2.7642e-02],
          [ 2.2137e-02,  1.4188e-02,  1.9128e-02],
          [ 2.4939e-02,  2.3414e-02,  2.6596e-02]],

         ...,

         [[-1.4736e-02, -1.5552e-02, -1.8558e-02],
          [-8.0571e-03, -9.6173e-03, -9.2797e-03],
          [-1.1777e-02, -1.4780e-02, -1.2710e-02]],

         [[ 3.9083e-03, -6.5642e-04,  2.3372e-03],
          [ 1.4602e-03, -4.5354e-03, -1.5922e-03],
          [-1.6370e-03, -5.3671e-03, -2.6065e-03]],

         [[-1.5318e-02, -1.6098e-02, -1.2646e-02],
          [-6.7072e-03, -4.6804e-03, -3.7420e-03],
          [ 3.4110e-03,  4.6188e-03,  4.6446e-03]]]], device='cuda:0')), ('layer4.1.bn2.weight', tensor([1.8402, 1.8282, 1.7592, 1.8204, 1.9491, 1.7998, 1.9483, 2.2691, 1.7628,
        1.8900, 1.7755, 1.7721, 1.9026, 1.7245, 1.8760, 1.8157, 1.7887, 2.3304,
        1.7907, 1.7241, 1.7888, 1.9490, 1.8854, 1.8973, 1.8729, 1.9753, 1.8521,
        1.7746, 1.8896, 1.8853, 1.7731, 1.9830, 1.8310, 1.7569, 1.8706, 1.8768,
        1.8943, 1.8140, 1.6978, 1.7320, 1.7764, 1.6882, 1.7819, 1.7733, 1.7565,
        1.8395, 1.9233, 2.0815, 1.8939, 1.8396, 1.8422, 1.8566, 1.7570, 1.8391,
        1.7531, 1.9487, 1.9569, 1.8713, 1.9377, 1.8665, 1.8642, 1.9396, 1.8703,
        1.9178, 1.7421, 1.8496, 1.6501, 2.0649, 2.0278, 1.9163, 1.8939, 1.7537,
        1.7457, 1.9455, 1.7841, 1.7941, 1.7769, 1.7672, 1.8038, 1.7900, 1.8108,
        1.8015, 1.8576, 2.1456, 1.7674, 1.7879, 1.7998, 1.7145, 1.7610, 1.7692,
        1.6253, 1.8619, 1.9034, 1.8531, 1.6896, 1.8022, 1.7028, 1.7675, 1.8587,
        1.7067, 2.0619, 1.8976, 1.9404, 1.7983, 1.7348, 1.6036, 1.9071, 1.8890,
        1.7945, 1.8897, 1.8252, 1.7581, 1.7907, 1.8092, 1.8516, 1.8471, 1.7029,
        2.1771, 1.8523, 1.8200, 1.8148, 1.8448, 1.7941, 1.6159, 1.8403, 1.8260,
        1.8687, 1.9263, 1.6844, 1.9710, 1.8942, 1.8854, 1.8814, 1.8413, 1.9706,
        2.0649, 1.8362, 1.8339, 1.8772, 1.7855, 1.7074, 1.9637, 1.7797, 1.9300,
        1.8922, 1.8895, 1.8666, 1.7898, 1.8766, 1.9331, 1.7360, 1.7925, 1.9651,
        1.7650, 1.6800, 1.9357, 1.9630, 1.9848, 1.7897, 1.8112, 1.8254, 2.1119,
        1.9215, 2.3668, 2.0239, 1.9570, 1.7282, 1.9036, 1.8182, 1.7752, 1.9032,
        1.7986, 1.9146, 1.9661, 1.8204, 1.6374, 1.9102, 1.9058, 1.9885, 1.7942,
        1.9080, 1.7565, 2.1639, 1.7847, 1.7488, 1.8863, 1.9763, 1.9131, 1.7999,
        1.8396, 1.8225, 1.8017, 1.9045, 1.8552, 1.7795, 1.8158, 1.7923, 1.7054,
        1.7667, 1.7918, 1.7520, 1.9289, 2.0136, 1.7231, 2.0180, 1.8830, 1.8260,
        1.8208, 1.7811, 1.9123, 1.7147, 1.7094, 1.9166, 1.7687, 1.9948, 1.8328,
        1.8032, 1.8508, 1.7826, 1.9634, 1.9530, 1.9136, 1.8065, 1.8071, 1.7095,
        1.8009, 1.8443, 1.9189, 1.7638, 1.8254, 1.8461, 1.8265, 1.8223, 1.8742,
        1.7636, 1.7802, 1.7759, 1.9929, 1.6941, 1.9455, 1.7733, 1.8001, 2.2218,
        1.6381, 1.8333, 2.1658, 1.9161, 1.7360, 1.7731, 1.8602, 1.9077, 1.8839,
        1.8253, 1.9317, 1.8144, 2.2182, 1.8259, 2.0577, 1.9813, 1.8087, 1.8433,
        1.9638, 1.8028, 1.8575, 1.8464, 1.7647, 1.8984, 1.7232, 1.7481, 1.8926,
        1.7797, 1.9403, 1.8672, 1.7132, 2.0563, 1.7709, 1.8498, 1.7664, 1.9247,
        1.8088, 2.4014, 1.7242, 1.7838, 1.7201, 1.8481, 1.8283, 1.8742, 1.7581,
        1.9598, 1.9759, 1.7028, 1.7434, 1.8330, 1.9916, 1.8479, 1.8960, 1.8208,
        1.9687, 1.7622, 1.6011, 1.7995, 1.9519, 1.7328, 1.7078, 1.8789, 1.7953,
        1.9102, 1.8298, 1.7838, 1.9138, 1.8805, 1.8966, 1.9270, 1.7384, 1.7621,
        1.7954, 1.9967, 1.7555, 1.9061, 1.8425, 1.7066, 1.8655, 1.8511, 1.9269,
        1.8704, 1.7224, 1.8384, 1.9008, 1.7934, 1.8221, 1.7556, 2.0407, 1.9169,
        1.9186, 1.8874, 1.7614, 1.6769, 1.8236, 1.8777, 1.8290, 1.8172, 1.7568,
        1.6045, 1.8362, 1.7419, 1.8390, 1.9469, 1.7403, 1.7680, 1.8720, 1.8814,
        1.7694, 1.7574, 1.7650, 1.8382, 1.6818, 1.8065, 1.8809, 1.8282, 1.8322,
        1.8470, 1.9666, 1.8700, 1.7696, 1.8952, 1.8070, 1.8415, 1.8207, 1.8689,
        1.9557, 1.8294, 1.9506, 1.9603, 1.7965, 1.7592, 1.9231, 1.7066, 1.7502,
        1.9415, 1.8541, 1.9109, 1.7626, 1.7758, 1.8433, 1.8496, 1.8819, 1.7571,
        2.0623, 1.7941, 1.6975, 1.8867, 1.9411, 1.8518, 1.7839, 1.8324, 1.8392,
        1.6659, 1.7358, 1.9082, 1.9673, 2.0333, 1.8907, 1.8466, 1.7467, 1.7681,
        1.8089, 1.8471, 1.9350, 1.7329, 1.8678, 1.9614, 1.8969, 1.7370, 1.7767,
        1.8476, 2.0202, 1.7016, 1.8760, 1.8639, 1.8479, 1.7978, 1.8656, 1.8331,
        1.7497, 1.8110, 1.9850, 1.9007, 2.1204, 1.8422, 1.9215, 1.8876, 1.9382,
        1.8488, 1.8388, 1.9910, 2.0846, 1.8150, 1.7608, 1.7991, 1.7477, 1.8901,
        1.8545, 1.8576, 1.7241, 1.8125, 1.9588, 1.8765, 1.8650, 1.9977, 1.7059,
        1.7674, 1.9402, 1.8349, 1.8327, 1.7269, 1.8735, 1.7529, 1.9506, 1.8000,
        1.8835, 2.0227, 1.8726, 1.9428, 1.8609, 1.8377, 1.7748, 1.9311, 1.8371,
        2.0441, 1.9463, 1.8292, 1.8131, 1.7707, 1.8984, 1.8782, 1.8673, 1.8441,
        1.7541, 1.9442, 1.7508, 1.7420, 1.8607, 1.6774, 1.8062, 1.8658, 2.0018,
        1.8417, 1.8899, 1.9460, 1.8233, 1.8962, 1.8145, 1.9714, 1.8953, 1.8615,
        1.8671, 1.6951, 1.8627, 1.8759, 1.9211, 1.8544, 1.6315, 1.8387, 1.7432,
        1.8365, 1.5771, 1.9287, 1.9478, 1.7878, 1.7332, 2.0834, 1.9390],
       device='cuda:0')), ('layer4.1.bn2.bias', tensor([0.2326, 0.3399, 0.3225, 0.4585, 0.2219, 0.2335, 0.2138, 0.3730, 0.3103,
        0.2787, 0.2415, 0.2085, 0.2438, 0.2375, 0.2281, 0.3136, 0.2668, 0.6432,
        0.2879, 0.2240, 0.2250, 0.4233, 0.2282, 0.3284, 0.2592, 0.2138, 0.3138,
        0.3829, 0.1379, 0.2257, 0.3338, 0.0774, 0.2202, 0.2469, 0.1977, 0.1943,
        0.2520, 0.3196, 0.2747, 0.3095, 0.2344, 0.2489, 0.1945, 0.3186, 0.2071,
        0.2298, 0.2303, 0.4963, 0.2797, 0.1869, 0.3216, 0.2703, 0.2320, 0.2382,
        0.3586, 0.2132, 0.4649, 0.3012, 0.3632, 0.2594, 0.1967, 0.2642, 0.3401,
        0.1977, 0.2407, 0.4296, 0.2657, 0.1610, 0.3058, 0.1204, 0.2125, 0.1557,
        0.2902, 0.1356, 0.2896, 0.2685, 0.1961, 0.2892, 0.2169, 0.2216, 0.2423,
        0.3858, 0.4549, 0.5367, 0.2107, 0.3429, 0.2685, 0.2226, 0.3602, 0.2621,
        0.2395, 0.2458, 0.1636, 0.2722, 0.2522, 0.2146, 0.3312, 0.2734, 0.2522,
        0.2948, 0.2587, 0.3455, 0.2976, 0.3846, 0.3128, 0.2208, 0.2614, 0.2072,
        0.2019, 0.2697, 0.2297, 0.3430, 0.2199, 0.2852, 0.1981, 0.2896, 0.3208,
        0.0705, 0.2973, 0.2994, 0.3758, 0.2551, 0.2357, 0.3001, 0.2613, 0.1507,
        0.2093, 0.2555, 0.3120, 0.2715, 0.1803, 0.1896, 0.1086, 0.2250, 0.3662,
        0.2454, 0.1993, 0.3005, 0.2568, 0.2407, 0.2985, 0.1905, 0.2898, 0.1936,
        0.2100, 0.1545, 0.1549, 0.3892, 0.2326, 0.3892, 0.2709, 0.2833, 0.1845,
        0.2673, 0.2939, 0.1686, 0.2623, 0.2672, 0.1994, 0.1813, 0.3117, 0.6184,
        0.2611, 0.3868, 0.2029, 0.2294, 0.4117, 0.2035, 0.2891, 0.3453, 0.2262,
        0.2350, 0.1409, 0.1104, 0.2713, 0.3215, 0.2279, 0.1629, 0.3995, 0.2048,
        0.1789, 0.2981, 0.5609, 0.3186, 0.3780, 0.3233, 0.1726, 0.2890, 0.2340,
        0.2478, 0.1932, 0.1978, 0.3186, 0.4741, 0.2494, 0.2528, 0.3240, 0.2233,
        0.2993, 0.2240, 0.2390, 0.2490, 0.4096, 0.2534, 0.3568, 0.2637, 0.2078,
        0.1996, 0.3141, 0.3703, 0.1753, 0.2018, 0.2356, 0.3502, 0.2609, 0.2574,
        0.2841, 0.1441, 0.1878, 0.2744, 0.1821, 0.3186, 0.2726, 0.2133, 0.3026,
        0.1817, 0.3926, 0.1652, 0.4356, 0.2764, 0.2697, 0.2744, 0.1825, 0.3532,
        0.1896, 0.3295, 0.3290, 0.2622, 0.2696, 0.3155, 0.2585, 0.2430, 0.2019,
        0.2760, 0.3017, 0.2028, 0.2863, 0.2332, 0.3220, 0.3442, 0.4233, 0.2411,
        0.2802, 0.1821, 0.2913, 0.5549, 0.2073, 0.3699, 0.2854, 0.3757, 0.3046,
        0.2079, 0.2711, 0.2842, 0.1821, 0.2963, 0.1632, 0.2961, 0.3052, 0.2519,
        0.2373, 0.1735, 0.2643, 0.2743, 0.1511, 0.2832, 0.3107, 0.2560, 0.2420,
        0.1421, 0.5385, 0.2463, 0.2818, 0.2736, 0.1580, 0.1941, 0.1989, 0.2337,
        0.2482, 0.1530, 0.3127, 0.2791, 0.1603, 0.1476, 0.2823, 0.1599, 0.3232,
        0.4869, 0.2751, 0.3110, 0.1745, 0.2140, 0.2195, 0.2778, 0.4206, 0.2688,
        0.1750, 0.3041, 0.2235, 0.1765, 0.3865, 0.2878, 0.4786, 0.2314, 0.2304,
        0.2694, 0.2677, 0.2760, 0.4002, 0.1470, 0.3269, 0.3240, 0.2769, 0.2298,
        0.1692, 0.3232, 0.3078, 0.1766, 0.2359, 0.2081, 0.3197, 0.3302, 0.2198,
        0.2049, 0.2656, 0.2314, 0.3307, 0.2638, 0.3145, 0.2853, 0.1845, 0.1458,
        0.3898, 0.5112, 0.3385, 0.1835, 0.1775, 0.2584, 0.1805, 0.2186, 0.1470,
        0.2537, 0.2432, 0.2585, 0.2368, 0.2349, 0.2400, 0.3437, 0.2712, 0.1496,
        0.2483, 0.2699, 0.1726, 0.2680, 0.4033, 0.2221, 0.3615, 0.3027, 0.3075,
        0.1805, 0.4275, 0.2186, 0.2039, 0.2777, 0.2941, 0.2158, 0.3232, 0.2236,
        0.2739, 0.3031, 0.4516, 0.2915, 0.3492, 0.3188, 0.4186, 0.2683, 0.2229,
        0.2845, 0.1770, 0.3933, 0.2779, 0.2433, 0.1633, 0.3610, 0.4466, 0.2626,
        0.2952, 0.2767, 0.2423, 0.2200, 0.4247, 0.4294, 0.1980, 0.2794, 0.3349,
        0.2395, 0.2861, 0.2543, 0.2560, 0.1666, 0.1900, 0.2500, 0.2928, 0.2452,
        0.3741, 0.2220, 0.2434, 0.2214, 0.1723, 0.2153, 0.2057, 0.2777, 0.2821,
        0.2824, 0.3238, 0.1633, 0.2946, 0.3242, 0.2500, 0.2777, 0.2219, 0.2573,
        0.1930, 0.2651, 0.2371, 0.5158, 0.2437, 0.3090, 0.2113, 0.2272, 0.2009,
        0.1834, 0.2141, 0.3792, 0.3857, 0.2332, 0.3516, 0.2229, 0.3223, 0.3407,
        0.3120, 0.1972, 0.3099, 0.2237, 0.3026, 0.2606, 0.3315, 0.2658, 0.2619,
        0.2326, 0.4299, 0.1909, 0.1975, 0.2038, 0.3146, 0.2630, 0.2248, 0.2372,
        0.2219, 0.2536, 0.2801, 0.3978, 0.2721, 0.2215, 0.1569, 0.1907, 0.1855,
        0.2434, 0.1113, 0.3085, 0.3149, 0.3498, 0.2946, 0.2099, 0.4676, 0.2959,
        0.3418, 0.2842, 0.4687, 0.2201, 0.3595, 0.3968, 0.2442, 0.1888, 0.1436,
        0.1847, 0.2706, 0.2322, 0.2937, 0.2321, 0.2627, 0.3206, 0.2717, 0.2799,
        0.2232, 0.2967, 0.4792, 0.3021, 0.3151, 0.3083, 0.3496, 0.2822],
       device='cuda:0')), ('layer4.1.bn2.running_mean', tensor([ 1.3231e-02, -2.4594e-02, -3.7883e-02,  1.5163e-02, -3.6620e-02,
        -4.1254e-02, -3.3466e-02, -3.7239e-02,  4.5022e-02, -1.4925e-02,
        -1.1682e-02, -2.1976e-02, -4.2322e-02,  9.7336e-03, -2.7920e-02,
        -1.9875e-02, -2.5642e-02, -8.6015e-02, -5.9190e-03, -1.7997e-02,
         7.2300e-03, -5.1484e-02, -5.5961e-02, -2.8350e-02, -1.1153e-02,
        -1.6117e-02, -3.4218e-02, -1.1919e-02, -3.4687e-02, -2.8568e-02,
         1.2509e-02, -3.7459e-03, -5.8725e-02, -1.1263e-02,  7.5039e-03,
        -1.5313e-02, -1.5607e-02, -4.2907e-02,  1.1190e-02, -2.7249e-02,
        -5.1065e-02,  6.6086e-03, -5.5196e-02, -9.6271e-03, -1.8399e-03,
        -1.9851e-02, -1.7493e-02,  2.7621e-02, -6.9321e-03, -2.7030e-02,
        -2.2528e-02, -3.9694e-02, -1.4692e-02, -4.5497e-02, -4.5330e-02,
        -2.7306e-02, -1.6418e-02,  1.3165e-02, -5.2065e-02, -2.2170e-02,
        -4.1011e-02, -2.2887e-02, -7.2785e-02, -4.7996e-02, -1.2708e-02,
        -3.4296e-02,  1.0744e-02, -2.7650e-02, -5.2272e-02, -3.1290e-02,
        -2.6583e-02, -4.3882e-02,  1.9712e-02, -4.6348e-02, -3.1196e-02,
        -2.5711e-02, -6.0144e-03, -4.5384e-03, -3.4071e-02, -2.5825e-02,
        -6.0774e-02,  1.5349e-02, -3.3661e-02,  7.6234e-02, -4.2340e-02,
        -3.8524e-03, -4.6280e-03,  1.4761e-02, -8.1248e-03,  3.4023e-02,
         2.0908e-03, -1.0740e-02, -1.0237e-02, -1.2227e-02, -3.2058e-02,
        -5.2851e-02,  4.0930e-02, -5.7426e-02, -4.6793e-02,  1.4944e-02,
        -3.2046e-02, -4.1139e-02, -5.5879e-02,  1.1815e-02, -1.0554e-02,
        -1.6928e-02, -8.9757e-03, -2.9721e-02,  6.0753e-03, -4.4835e-02,
        -1.0259e-02, -5.1734e-03, -3.8267e-02, -1.9215e-02, -2.5168e-02,
        -4.7441e-03, -2.3659e-02,  5.5638e-02, -3.3743e-02, -3.0318e-02,
        -1.6500e-03,  5.1852e-05, -5.5655e-02,  9.9453e-03,  2.9566e-02,
        -2.8645e-02, -1.6482e-02, -1.2402e-02, -4.9591e-02, -2.0360e-02,
        -6.8186e-02,  1.1385e-03, -3.6525e-02, -2.7075e-02, -3.8786e-02,
        -2.9353e-02, -1.2979e-02, -3.7570e-02, -4.7115e-02, -4.2014e-03,
        -2.0179e-02, -4.4071e-02, -2.0658e-02, -9.3734e-02, -6.0479e-02,
        -3.7681e-02,  6.2522e-03,  2.1551e-02, -3.7881e-02, -9.2052e-02,
        -4.5085e-03, -2.8093e-03, -1.8958e-02,  2.4720e-03, -3.9508e-02,
        -6.4158e-02, -2.1244e-02,  4.2344e-03, -3.1864e-02, -1.8558e-03,
        -3.2577e-02, -4.3226e-02, -2.9959e-02,  4.4073e-02, -3.0741e-02,
        -8.3912e-03, -2.6252e-02, -6.5138e-02, -2.8255e-02, -1.4065e-02,
        -3.1189e-02, -3.1267e-02,  4.7331e-02, -2.5481e-02, -1.7525e-02,
        -1.6331e-02, -1.0532e-02, -2.9097e-02, -9.8772e-03, -6.8452e-02,
         8.7414e-03, -2.0065e-02, -5.7609e-03, -1.0625e-02,  1.8874e-02,
        -2.0258e-02, -5.9808e-03, -7.6996e-02,  9.0346e-03, -5.3202e-02,
        -2.6928e-02,  5.7177e-03,  3.3404e-02, -1.0443e-02, -4.4883e-02,
        -1.2649e-02, -1.8905e-02, -1.3116e-02,  3.3469e-02, -2.5673e-02,
        -3.7762e-02, -4.5078e-02, -6.3314e-02, -7.1227e-02, -2.9324e-03,
        -1.1638e-02, -1.4550e-02,  2.7368e-05, -4.2132e-02, -3.3193e-02,
         3.1198e-02,  2.2437e-02,  5.1038e-03, -2.5319e-02, -2.0482e-02,
        -5.0749e-02, -2.9084e-02, -2.5391e-02, -3.7641e-02, -5.2377e-02,
        -5.8599e-02, -4.5051e-02, -9.5580e-03,  7.3311e-03,  5.7781e-02,
        -8.5523e-02, -2.3494e-02, -6.4214e-02,  2.9876e-02, -1.1525e-01,
        -2.5777e-02, -3.7336e-02,  9.2350e-03,  1.5647e-03, -2.4218e-02,
         3.2376e-02,  6.9574e-04, -6.1579e-02, -2.0676e-02, -4.3422e-03,
        -3.2291e-02, -1.9136e-02, -2.2335e-02,  2.4407e-02, -6.1791e-03,
        -6.6758e-02, -7.7403e-02, -3.3871e-02, -2.3132e-02, -1.5811e-02,
        -7.2196e-03, -1.1839e-02, -2.2618e-02, -2.7067e-02,  1.2089e-02,
        -4.5854e-02, -3.1222e-02,  1.5011e-02, -2.7515e-02, -1.3049e-02,
        -2.7182e-03, -3.5471e-02,  1.5270e-02, -1.9778e-02, -7.0045e-02,
        -1.3724e-02,  2.1149e-02, -2.3027e-02,  5.3466e-03, -3.1469e-02,
        -5.5262e-03, -2.1232e-02, -4.6498e-02, -1.0069e-02, -1.7760e-02,
        -1.5241e-04, -4.6443e-02, -3.2380e-03, -3.0563e-02, -2.1578e-02,
         2.5870e-02,  6.4525e-03,  2.2163e-02,  3.8336e-03, -1.3947e-02,
        -7.0199e-03, -3.8936e-02, -1.6845e-02, -3.7277e-02, -2.5290e-02,
        -7.7481e-02, -1.0143e-02,  1.2622e-02, -2.8463e-02,  3.1098e-02,
        -8.3690e-03, -3.1596e-03, -2.7120e-02, -1.4407e-02, -1.7357e-02,
         5.7415e-03, -4.1215e-02, -1.1060e-02, -1.2374e-02, -1.3385e-02,
         6.4361e-03, -3.5077e-02, -2.5186e-03, -3.3452e-02, -4.7682e-02,
        -5.5328e-02, -5.3050e-02,  1.0967e-03, -2.1377e-02, -3.7384e-02,
        -4.4286e-03, -1.8061e-02, -9.9938e-04, -2.6560e-03,  2.7390e-03,
        -7.4696e-03, -5.2389e-02, -9.6257e-03, -3.7205e-02, -4.2546e-02,
        -1.9024e-02,  3.4681e-02, -2.9394e-02, -8.1931e-03, -4.5187e-03,
         1.0952e-02,  2.4521e-02, -3.6895e-02, -5.9984e-04, -5.6373e-02,
        -3.9575e-02,  1.3952e-02, -2.2067e-02, -2.0151e-02, -7.1637e-03,
        -4.4406e-02,  1.2828e-02, -8.5025e-02,  2.4130e-03, -1.3503e-02,
        -3.0653e-02, -4.3804e-02, -3.0660e-04, -2.3898e-02, -5.0808e-04,
        -3.3697e-02, -1.4201e-02, -1.7581e-02, -4.2485e-02, -9.6030e-03,
        -3.1901e-02,  2.4607e-02, -1.3270e-02, -3.9076e-02, -3.7514e-02,
        -1.1274e-02, -3.8236e-02,  1.7109e-03, -3.0576e-02, -2.6754e-02,
        -2.4047e-02, -2.7264e-02, -1.8118e-02, -3.3026e-02, -1.2746e-02,
        -2.7813e-02, -2.5744e-03, -3.3870e-02, -5.6476e-02,  6.7251e-04,
        -3.0374e-02, -3.2167e-02, -8.8507e-03, -5.5056e-02,  1.2726e-02,
        -3.9041e-02,  1.6374e-03,  2.6118e-02,  1.2620e-02, -1.3590e-02,
        -1.9772e-02, -3.2773e-03, -3.8736e-03, -4.2185e-02, -5.9453e-02,
         5.7996e-04, -1.7539e-02, -6.0115e-02, -1.1701e-02, -3.7198e-02,
        -3.1931e-03, -3.5362e-02,  1.7597e-03,  1.5318e-02, -2.7573e-03,
        -4.1201e-02, -4.4167e-02, -1.9912e-02, -1.7547e-03,  5.8247e-02,
        -1.3498e-02,  9.2496e-03,  8.9042e-03,  2.9064e-03, -1.4619e-02,
        -3.2906e-02, -5.1014e-02,  2.0489e-02, -2.2804e-02, -3.1215e-03,
        -7.6655e-02, -1.5062e-02, -2.6406e-02,  6.7411e-03, -4.1355e-02,
        -2.8921e-02, -3.2274e-02, -1.5284e-02, -1.7751e-02, -3.0323e-02,
         1.8873e-02, -1.8948e-02, -4.9851e-02, -6.5348e-03,  5.0681e-02,
        -1.9813e-02, -6.3323e-02, -5.3392e-02, -7.5177e-03, -5.6699e-02,
         2.8407e-02, -2.3287e-02, -1.1413e-02, -5.7860e-03, -2.8624e-02,
        -2.6541e-02,  1.1419e-02, -2.9252e-02, -1.8114e-02, -5.9221e-02,
        -3.2048e-02, -4.2754e-02, -2.8414e-02, -8.5871e-03,  1.9635e-03,
         5.5676e-03, -6.9016e-03, -4.1202e-02, -1.8476e-02, -5.9988e-02,
        -4.9338e-02, -8.7978e-03, -2.0807e-02,  1.0879e-02, -1.7007e-02,
        -1.8851e-02, -1.5375e-02, -1.7597e-02, -3.6807e-02, -1.4352e-02,
        -2.6498e-02, -1.0702e-02, -3.1483e-02, -7.1151e-02, -3.5971e-02,
        -3.5038e-02,  1.5832e-03, -2.7422e-02, -2.4146e-02, -4.4022e-02,
        -1.3513e-02, -2.6762e-02, -1.2136e-02, -6.5648e-02, -9.9423e-03,
        -2.4700e-02, -2.4884e-02,  1.3528e-02, -1.0136e-02,  4.9491e-03,
         7.4022e-03, -3.7833e-02, -1.6822e-02, -4.5612e-02, -3.9208e-02,
        -3.4018e-02,  2.0542e-02, -1.3213e-03, -2.2478e-02, -3.1141e-02,
        -1.0611e-02, -7.8371e-03, -3.1948e-02, -1.4159e-02, -5.8479e-02,
        -3.4682e-02, -1.2491e-02, -5.6095e-02,  8.4569e-03, -8.1798e-02,
        -1.2668e-02, -4.3749e-03, -6.1982e-02, -3.9008e-03, -4.1283e-02,
        -2.2036e-02, -3.7000e-02], device='cuda:0')), ('layer4.1.bn2.running_var', tensor([0.0287, 0.0195, 0.0157, 0.0164, 0.0240, 0.0181, 0.0181, 0.0199, 0.0153,
        0.0277, 0.0243, 0.0294, 0.0213, 0.0116, 0.0195, 0.0137, 0.0127, 0.0232,
        0.0193, 0.0224, 0.0200, 0.0186, 0.0144, 0.0178, 0.0137, 0.0291, 0.0131,
        0.0188, 0.0278, 0.0239, 0.0167, 0.0359, 0.0156, 0.0138, 0.0354, 0.0337,
        0.0196, 0.0150, 0.0162, 0.0123, 0.0206, 0.0169, 0.0206, 0.0154, 0.0202,
        0.0170, 0.0320, 0.0224, 0.0171, 0.0339, 0.0169, 0.0228, 0.0199, 0.0124,
        0.0102, 0.0245, 0.0215, 0.0219, 0.0248, 0.0163, 0.0272, 0.0189, 0.0193,
        0.0194, 0.0170, 0.0184, 0.0120, 0.0250, 0.0229, 0.0314, 0.0254, 0.0127,
        0.0157, 0.0169, 0.0171, 0.0239, 0.0184, 0.0153, 0.0222, 0.0155, 0.0197,
        0.0150, 0.0143, 0.0259, 0.0138, 0.0271, 0.0263, 0.0294, 0.0178, 0.0273,
        0.0175, 0.0150, 0.0346, 0.0160, 0.0168, 0.0220, 0.0174, 0.0141, 0.0279,
        0.0209, 0.0251, 0.0141, 0.0173, 0.0133, 0.0109, 0.0107, 0.0204, 0.0175,
        0.0208, 0.0107, 0.0231, 0.0229, 0.0150, 0.0222, 0.0194, 0.0231, 0.0155,
        0.0208, 0.0145, 0.0191, 0.0212, 0.0196, 0.0174, 0.0124, 0.0246, 0.0177,
        0.0206, 0.0355, 0.0135, 0.0281, 0.0247, 0.0158, 0.0152, 0.0183, 0.0219,
        0.0277, 0.0350, 0.0114, 0.0259, 0.0117, 0.0139, 0.0160, 0.0191, 0.0178,
        0.0219, 0.0137, 0.0322, 0.0169, 0.0326, 0.0190, 0.0272, 0.0152, 0.0222,
        0.0184, 0.0141, 0.0167, 0.0280, 0.0234, 0.0216, 0.0268, 0.0164, 0.0166,
        0.0364, 0.0543, 0.0185, 0.0245, 0.0201, 0.0270, 0.0197, 0.0162, 0.0141,
        0.0162, 0.0346, 0.0377, 0.0151, 0.0127, 0.0167, 0.0182, 0.0191, 0.0283,
        0.0273, 0.0140, 0.0249, 0.0164, 0.0161, 0.0250, 0.0197, 0.0301, 0.0241,
        0.0160, 0.0160, 0.0148, 0.0248, 0.0189, 0.0154, 0.0182, 0.0180, 0.0123,
        0.0124, 0.0158, 0.0127, 0.0157, 0.0183, 0.0080, 0.0233, 0.0215, 0.0163,
        0.0195, 0.0142, 0.0278, 0.0243, 0.0155, 0.0366, 0.0166, 0.0400, 0.0230,
        0.0176, 0.0357, 0.0114, 0.0289, 0.0165, 0.0157, 0.0238, 0.0218, 0.0159,
        0.0230, 0.0123, 0.0145, 0.0190, 0.0147, 0.0187, 0.0135, 0.0292, 0.0164,
        0.0176, 0.0197, 0.0164, 0.0238, 0.0123, 0.0327, 0.0142, 0.0181, 0.0507,
        0.0159, 0.0227, 0.0308, 0.0208, 0.0122, 0.0139, 0.0150, 0.0152, 0.0308,
        0.0135, 0.0208, 0.0208, 0.0212, 0.0224, 0.0289, 0.0301, 0.0168, 0.0207,
        0.0237, 0.0303, 0.0239, 0.0227, 0.0218, 0.0274, 0.0162, 0.0128, 0.0167,
        0.0179, 0.0334, 0.0174, 0.0111, 0.0363, 0.0137, 0.0119, 0.0182, 0.0233,
        0.0330, 0.0268, 0.0168, 0.0409, 0.0224, 0.0192, 0.0243, 0.0169, 0.0128,
        0.0227, 0.0244, 0.0106, 0.0131, 0.0259, 0.0408, 0.0225, 0.0313, 0.0216,
        0.0171, 0.0232, 0.0187, 0.0185, 0.0349, 0.0161, 0.0115, 0.0155, 0.0232,
        0.0175, 0.0218, 0.0152, 0.0307, 0.0163, 0.0230, 0.0190, 0.0239, 0.0261,
        0.0142, 0.0323, 0.0206, 0.0235, 0.0228, 0.0177, 0.0138, 0.0186, 0.0262,
        0.0146, 0.0178, 0.0209, 0.0181, 0.0180, 0.0321, 0.0182, 0.0231, 0.0139,
        0.0300, 0.0210, 0.0146, 0.0204, 0.0177, 0.0173, 0.0145, 0.0155, 0.0128,
        0.0118, 0.0139, 0.0161, 0.0416, 0.0286, 0.0162, 0.0220, 0.0253, 0.0253,
        0.0206, 0.0201, 0.0151, 0.0253, 0.0141, 0.0329, 0.0169, 0.0284, 0.0237,
        0.0200, 0.0141, 0.0356, 0.0126, 0.0209, 0.0128, 0.0213, 0.0155, 0.0193,
        0.0282, 0.0122, 0.0327, 0.0279, 0.0150, 0.0141, 0.0235, 0.0224, 0.0141,
        0.0392, 0.0158, 0.0151, 0.0219, 0.0165, 0.0172, 0.0225, 0.0226, 0.0156,
        0.0235, 0.0135, 0.0161, 0.0219, 0.0293, 0.0164, 0.0179, 0.0135, 0.0180,
        0.0140, 0.0136, 0.0367, 0.0338, 0.0213, 0.0158, 0.0279, 0.0251, 0.0148,
        0.0185, 0.0238, 0.0336, 0.0174, 0.0194, 0.0221, 0.0250, 0.0144, 0.0153,
        0.0204, 0.0217, 0.0166, 0.0176, 0.0381, 0.0135, 0.0181, 0.0188, 0.0135,
        0.0137, 0.0173, 0.0430, 0.0156, 0.0226, 0.0159, 0.0425, 0.0153, 0.0189,
        0.0326, 0.0320, 0.0210, 0.0316, 0.0152, 0.0151, 0.0190, 0.0142, 0.0227,
        0.0204, 0.0149, 0.0173, 0.0182, 0.0279, 0.0221, 0.0198, 0.0263, 0.0134,
        0.0260, 0.0261, 0.0183, 0.0136, 0.0256, 0.0193, 0.0158, 0.0235, 0.0180,
        0.0179, 0.0205, 0.0146, 0.0297, 0.0216, 0.0185, 0.0189, 0.0151, 0.0228,
        0.0209, 0.0207, 0.0156, 0.0163, 0.0201, 0.0383, 0.0242, 0.0275, 0.0135,
        0.0179, 0.0203, 0.0142, 0.0216, 0.0146, 0.0163, 0.0293, 0.0152, 0.0305,
        0.0116, 0.0151, 0.0178, 0.0221, 0.0170, 0.0218, 0.0325, 0.0316, 0.0303,
        0.0224, 0.0204, 0.0277, 0.0141, 0.0179, 0.0138, 0.0161, 0.0166, 0.0117,
        0.0137, 0.0215, 0.0189, 0.0182, 0.0194, 0.0133, 0.0189, 0.0241],
       device='cuda:0')), ('layer4.1.bn2.num_batches_tracked', tensor(460, device='cuda:0')), ('fc.weight', tensor([[-0.1192,  0.0250, -0.0073,  ...,  0.0835, -0.1245, -0.0502],
        [-0.0407, -0.1364,  0.0232,  ...,  0.0667,  0.0222,  0.0183],
        [-0.0335, -0.1133,  0.1045,  ...,  0.0177,  0.0212, -0.0771],
        ...,
        [ 0.1355, -0.1073,  0.0418,  ...,  0.0310, -0.0089, -0.0805],
        [ 0.0015,  0.0355, -0.0753,  ..., -0.0110, -0.0666, -0.0632],
        [ 0.1498, -0.0835, -0.0897,  ..., -0.0931, -0.0673, -0.0103]],
       device='cuda:0')), ('fc.bias', tensor([-0.0228,  0.0305,  0.0128, -0.0123,  0.0229,  0.0186,  0.0248,  0.0259,
        -0.0257,  0.0225, -0.0141,  0.0210,  0.0359,  0.0069,  0.0307, -0.0367,
        -0.0029, -0.0148, -0.0125,  0.0323, -0.0111, -0.0162, -0.0607, -0.0258,
        -0.0142,  0.0240,  0.0533, -0.0339, -0.0073,  0.0126, -0.0172, -0.0559,
         0.0337, -0.0120,  0.0357,  0.0225,  0.0140], device='cuda:0'))])"
